18:45:29 Buildscript generation: nios_app::Debug in D:\richard\dev_2025\a3sk_revA\sdcard\software\nios_app\build\Debug
cmake -DCMAKE_BUILD_TYPE:STRING=Debug -DCMAKE_EXPORT_COMPILE_COMMANDS:BOOL=ON -G "Unix Makefiles" "D:\\richard\\dev_2025\\a3sk_revA\\sdcard\\software\\nios_app" 
-- The C compiler identification is GNU 13.2.0
-- The CXX compiler identification is GNU 13.2.0
-- Detecting C compiler ABI info
-- Detecting C compiler ABI info - done
-- Check for working C compiler: C:/altera_pro/25.1/riscfree/toolchain/riscv32-unknown-elf/bin/riscv32-unknown-elf-gcc.exe - skipped
-- Detecting C compile features
-- Detecting C compile features - done
-- Detecting CXX compiler ABI info
-- Detecting CXX compiler ABI info - done
-- Check for working CXX compiler: C:/altera_pro/25.1/riscfree/toolchain/riscv32-unknown-elf/bin/riscv32-unknown-elf-g++.exe - skipped
-- Detecting CXX compile features
-- Detecting CXX compile features - done
-- The ASM compiler identification is GNU
-- Found assembler: C:/altera_pro/25.1/riscfree/toolchain/riscv32-unknown-elf/bin/riscv32-unknown-elf-gcc.exe
-- Configuring done (19.5s)
-- Generating done (0.1s)
-- Build files have been written to: D:/richard/dev_2025/a3sk_revA/sdcard/software/nios_app/build/Debug
18:45:50 Buildscript generation finished (took 21099 ms)
18:45:50 **** Build of configuration Debug for project nios_app ****
"C:\\altera_pro\\25.1\\riscfree\\build_tools\\bin\\make.exe" -j all 
[  1%] Building ASM object nios_bsp/CMakeFiles/hal2_bsp.dir/HAL/src/alt_ecc_exception_entry.S.obj
[  4%] Building ASM object nios_bsp/CMakeFiles/hal2_bsp.dir/HAL/src/crt0.S.obj
[  3%] Building ASM object nios_bsp/CMakeFiles/hal2_bsp.dir/HAL/src/alt_log_macro.S.obj
[  4%] Building C object nios_bsp/CMakeFiles/hal2_bsp.dir/HAL/src/alt_busy_sleep.c.obj
[  5%] Building ASM object nios_bsp/CMakeFiles/hal2_bsp.dir/HAL/src/alt_vic_vector_table.S.obj
[  2%] Building ASM object nios_bsp/CMakeFiles/hal2_bsp.dir/HAL/src/alt_mcount.S.obj
[  6%] Building C object nios_bsp/CMakeFiles/hal2_bsp.dir/HAL/src/alt_alarm_start.c.obj
[  8%] Building C object nios_bsp/CMakeFiles/hal2_bsp.dir/HAL/src/alt_close.c.obj
[  8%] Building ASM object nios_bsp/CMakeFiles/hal2_bsp.dir/HAL/src/machine_trap.S.obj
[ 10%] Building C object nios_bsp/CMakeFiles/hal2_bsp.dir/HAL/src/alt_dcache_flush_all.c.obj
[  9%] Building C object nios_bsp/CMakeFiles/hal2_bsp.dir/HAL/src/alt_dcache_flush.c.obj
[ 11%] Building C object nios_bsp/CMakeFiles/hal2_bsp.dir/HAL/src/alt_dcache_flush_no_writeback.c.obj
[ 13%] Building C object nios_bsp/CMakeFiles/hal2_bsp.dir/HAL/src/alt_dev_llist_insert.c.obj
[ 12%] Building C object nios_bsp/CMakeFiles/hal2_bsp.dir/HAL/src/alt_dev.c.obj
[ 14%] Building C object nios_bsp/CMakeFiles/hal2_bsp.dir/HAL/src/alt_dma_txchan_open.c.obj
[ 15%] Building C object nios_bsp/CMakeFiles/hal2_bsp.dir/HAL/src/alt_dma_rxchan_open.c.obj
[ 17%] Building C object nios_bsp/CMakeFiles/hal2_bsp.dir/HAL/src/alt_do_dtors.c.obj
[ 16%] Building C object nios_bsp/CMakeFiles/hal2_bsp.dir/HAL/src/alt_do_ctors.c.obj
[ 17%] Building C object nios_bsp/CMakeFiles/hal2_bsp.dir/HAL/src/alt_ecc_error_inject.c.obj
[ 18%] Building C object nios_bsp/CMakeFiles/hal2_bsp.dir/HAL/src/alt_ecc_exception.c.obj
[ 19%] Building C object nios_bsp/CMakeFiles/hal2_bsp.dir/HAL/src/alt_env_lock.c.obj
[ 20%] Building C object nios_bsp/CMakeFiles/hal2_bsp.dir/HAL/src/alt_environ.c.obj
[ 21%] Building C object nios_bsp/CMakeFiles/hal2_bsp.dir/HAL/src/alt_errno.c.obj
[ 22%] Building C object nios_bsp/CMakeFiles/hal2_bsp.dir/HAL/src/alt_execve.c.obj
[ 23%] Building C object nios_bsp/CMakeFiles/hal2_bsp.dir/HAL/src/alt_exit.c.obj
[ 24%] Building C object nios_bsp/CMakeFiles/hal2_bsp.dir/HAL/src/alt_fd_lock.c.obj
[ 24%] Building C object nios_bsp/CMakeFiles/hal2_bsp.dir/HAL/src/alt_fd_unlock.c.obj
[ 25%] Building C object nios_bsp/CMakeFiles/hal2_bsp.dir/HAL/src/alt_fcntl.c.obj
[ 28%] Building C object nios_bsp/CMakeFiles/hal2_bsp.dir/HAL/src/alt_fs_reg.c.obj
[ 34%] Building C object nios_bsp/CMakeFiles/hal2_bsp.dir/HAL/src/alt_iic.c.obj
[ 26%] Building C object nios_bsp/CMakeFiles/hal2_bsp.dir/HAL/src/alt_get_fd.c.obj
[ 29%] Building C object nios_bsp/CMakeFiles/hal2_bsp.dir/HAL/src/alt_getchar.c.obj
[ 35%] Building C object nios_bsp/CMakeFiles/hal2_bsp.dir/HAL/src/alt_flash_dev.c.obj
[ 31%] Building C object nios_bsp/CMakeFiles/hal2_bsp.dir/HAL/src/alt_icache_flush_all.c.obj
[ 32%] Building C object nios_bsp/CMakeFiles/hal2_bsp.dir/HAL/src/alt_gettod.c.obj
[ 30%] Building C object nios_bsp/CMakeFiles/hal2_bsp.dir/HAL/src/alt_icache_flush.c.obj
[ 37%] Building C object nios_bsp/CMakeFiles/hal2_bsp.dir/HAL/src/alt_iic_isr_register.c.obj
[ 27%] Building C object nios_bsp/CMakeFiles/hal2_bsp.dir/HAL/src/alt_fstat.c.obj
[ 39%] Building C object nios_bsp/CMakeFiles/hal2_bsp.dir/HAL/src/alt_find_file.c.obj
[ 29%] Building C object nios_bsp/CMakeFiles/hal2_bsp.dir/HAL/src/alt_find_dev.c.obj
[ 33%] Building C object nios_bsp/CMakeFiles/hal2_bsp.dir/HAL/src/alt_gmon.c.obj
[ 36%] Building C object nios_bsp/CMakeFiles/hal2_bsp.dir/HAL/src/alt_fork.c.obj
[ 38%] Building C object nios_bsp/CMakeFiles/hal2_bsp.dir/HAL/src/alt_getpid.c.obj
[ 39%] Building C object nios_bsp/CMakeFiles/hal2_bsp.dir/HAL/src/alt_io_redirect.c.obj
[ 40%] Building C object nios_bsp/CMakeFiles/hal2_bsp.dir/HAL/src/alt_ioctl.c.obj
[ 41%] Building C object nios_bsp/CMakeFiles/hal2_bsp.dir/HAL/src/alt_instruction_exception_register.c.obj
[ 42%] Building C object nios_bsp/CMakeFiles/hal2_bsp.dir/HAL/src/alt_irq_handler.c.obj
[ 43%] Building C object nios_bsp/CMakeFiles/hal2_bsp.dir/HAL/src/alt_isatty.c.obj
[ 44%] Building C object nios_bsp/CMakeFiles/hal2_bsp.dir/HAL/src/alt_kill.c.obj
[ 45%] Building C object nios_bsp/CMakeFiles/hal2_bsp.dir/HAL/src/alt_link.c.obj
[ 46%] Building C object nios_bsp/CMakeFiles/hal2_bsp.dir/HAL/src/alt_load.c.obj
[ 47%] Building C object nios_bsp/CMakeFiles/hal2_bsp.dir/HAL/src/alt_log_printf.c.obj
[ 48%] Building C object nios_bsp/CMakeFiles/hal2_bsp.dir/HAL/src/alt_main.c.obj
[ 49%] Building C object nios_bsp/CMakeFiles/hal2_bsp.dir/HAL/src/alt_lseek.c.obj
[ 50%] Building C object nios_bsp/CMakeFiles/hal2_bsp.dir/HAL/src/alt_read.c.obj
[ 52%] Building C object nios_bsp/CMakeFiles/hal2_bsp.dir/HAL/src/alt_printf.c.obj
[ 52%] Building C object nios_bsp/CMakeFiles/hal2_bsp.dir/HAL/src/alt_open.c.obj
[ 54%] Building C object nios_bsp/CMakeFiles/hal2_bsp.dir/HAL/src/alt_putstr.c.obj
[ 53%] Building C object nios_bsp/CMakeFiles/hal2_bsp.dir/HAL/src/alt_putchar.c.obj
[ 54%] Building C object nios_bsp/CMakeFiles/hal2_bsp.dir/HAL/src/alt_malloc_lock.c.obj
[ 55%] Building C object nios_bsp/CMakeFiles/hal2_bsp.dir/HAL/src/alt_putcharbuf.c.obj
[ 56%] Building C object nios_bsp/CMakeFiles/hal2_bsp.dir/HAL/src/alt_release_fd.c.obj
[ 57%] Building C object nios_bsp/CMakeFiles/hal2_bsp.dir/HAL/src/alt_remap_cached.c.obj
[ 57%] Building C object nios_bsp/CMakeFiles/hal2_bsp.dir/HAL/src/alt_remap_uncached.c.obj
[ 58%] Building C object nios_bsp/CMakeFiles/hal2_bsp.dir/HAL/src/alt_rename.c.obj
[ 59%] Building C object nios_bsp/CMakeFiles/hal2_bsp.dir/HAL/src/alt_sbrk.c.obj
[ 60%] Building C object nios_bsp/CMakeFiles/hal2_bsp.dir/HAL/src/alt_settod.c.obj
[ 63%] Building C object nios_bsp/CMakeFiles/hal2_bsp.dir/HAL/src/alt_times.c.obj
[ 61%] Building C object nios_bsp/CMakeFiles/hal2_bsp.dir/HAL/src/alt_tick.c.obj
[ 64%] Building C object nios_bsp/CMakeFiles/hal2_bsp.dir/HAL/src/alt_tls.c.obj
[ 62%] Building C object nios_bsp/CMakeFiles/hal2_bsp.dir/HAL/src/alt_stat.c.obj
[ 65%] Building C object nios_bsp/CMakeFiles/hal2_bsp.dir/HAL/src/alt_uncached_free.c.obj
[ 65%] Building C object nios_bsp/CMakeFiles/hal2_bsp.dir/HAL/src/alt_uncached_malloc.c.obj
[ 66%] Building C object nios_bsp/CMakeFiles/hal2_bsp.dir/HAL/src/alt_unlink.c.obj
[ 68%] Building C object nios_bsp/CMakeFiles/hal2_bsp.dir/HAL/src/alt_usleep.c.obj
[ 67%] Building C object nios_bsp/CMakeFiles/hal2_bsp.dir/HAL/src/alt_vic_isr_wrapper.c.obj
[ 69%] Building C object nios_bsp/CMakeFiles/hal2_bsp.dir/HAL/src/alt_wait.c.obj
[ 72%] Building C object nios_bsp/CMakeFiles/hal2_bsp.dir/HAL/src/intel_fpga_api_cmn_inf.c.obj
[ 70%] Building C object nios_bsp/CMakeFiles/hal2_bsp.dir/HAL/src/alt_write.c.obj
[ 71%] Building C object nios_bsp/CMakeFiles/hal2_bsp.dir/HAL/src/intel_fpga_api_cmn_dfl.c.obj
[ 73%] Building C object nios_bsp/CMakeFiles/hal2_bsp.dir/HAL/src/intel_fpga_api_niosv.c.obj
[ 74%] Building C object nios_bsp/CMakeFiles/hal2_bsp.dir/HAL/src/intel_fpga_api_cmn_msg.c.obj
[ 74%] Building C object nios_bsp/CMakeFiles/hal2_bsp.dir/HAL/src/intel_fpga_platform_api_niosv.c.obj
[ 75%] Building C object nios_bsp/CMakeFiles/hal2_bsp.dir/drivers/src/altera_avalon_jtag_uart_fd.c.obj
[ 77%] Building C object nios_bsp/CMakeFiles/hal2_bsp.dir/HAL/src/intel_niosv_irq.c.obj
[ 78%] Building C object nios_bsp/CMakeFiles/hal2_bsp.dir/alt_sys_init.c.obj
[ 76%] Building C object nios_bsp/CMakeFiles/hal2_bsp.dir/HAL/src/mtimer.c.obj
[ 79%] Building C object nios_bsp/CMakeFiles/hal2_bsp.dir/drivers/src/altera_avalon_jtag_uart_init.c.obj
[ 80%] Building C object nios_bsp/CMakeFiles/hal2_bsp.dir/drivers/src/altera_avalon_jtag_uart_ioctl.c.obj
[ 81%] Building C object nios_bsp/CMakeFiles/hal2_bsp.dir/drivers/src/altera_avalon_jtag_uart_read.c.obj
[ 82%] Building C object nios_bsp/CMakeFiles/hal2_bsp.dir/drivers/src/altera_avalon_timer_ts.c.obj
[ 83%] Building C object nios_bsp/CMakeFiles/hal2_bsp.dir/drivers/src/altera_avalon_timer_vars.c.obj
[ 84%] Building C object nios_bsp/CMakeFiles/hal2_bsp.dir/drivers/src/altera_avalon_sysid_qsys.c.obj
[ 84%] Building C object nios_bsp/CMakeFiles/hal2_bsp.dir/drivers/src/altera_avalon_jtag_uart_write.c.obj
[ 85%] Building C object nios_bsp/CMakeFiles/hal2_bsp.dir/drivers/src/altera_avalon_timer_sc.c.obj
[ 86%] Linking C static library libhal2_bsp.a
[ 86%] Built target hal2_bsp
[ 87%] Building C object CMakeFiles/nios_app.elf.dir/main.c.obj
[ 88%] Building C object CMakeFiles/nios_app.elf.dir/diskio.c.obj
[ 89%] Building C object CMakeFiles/nios_app.elf.dir/ff.c.obj
[ 91%] Building C object CMakeFiles/nios_app.elf.dir/ffunicode.c.obj
[ 91%] Building C object CMakeFiles/nios_app.elf.dir/glue.c.obj
[ 90%] Building C object CMakeFiles/nios_app.elf.dir/terasic_lib/debug.c.obj
[ 93%] Building C object CMakeFiles/nios_app.elf.dir/terasic_sdcard/crc16.c.obj
[ 92%] Building C object CMakeFiles/nios_app.elf.dir/ffsystem.c.obj
[ 94%] Building C object CMakeFiles/nios_app.elf.dir/terasic_sdcard/sd_hal.c.obj
[ 95%] Building C object CMakeFiles/nios_app.elf.dir/terasic_sdcard/sd_lib.c.obj
[ 96%] Building C object CMakeFiles/nios_app.elf.dir/terasic_sdcard/sd_protocol.c.obj
[ 97%] Building C object CMakeFiles/nios_app.elf.dir/terasic_sdcard/crc7.c.obj
D:/richard/dev_2025/a3sk_revA/sdcard/software/nios_app/diskio.c:12:10: fatal error: glue.h: No such file or directory
   12 | #include "glue.h"
      |          ^~~~~~~~
compilation terminated.
make[2]: *** [CMakeFiles/nios_app.elf.dir/build.make:93: CMakeFiles/nios_app.elf.dir/diskio.c.obj] Error 1
make[2]: *** Waiting for unfinished jobs....
D:/richard/dev_2025/a3sk_revA/sdcard/software/nios_app/glue.c: In function 'RAM_disk_status':
D:/richard/dev_2025/a3sk_revA/sdcard/software/nios_app/glue.c:123:1: warning: control reaches end of non-void function [-Wreturn-type]
  123 | }
      | ^
D:/richard/dev_2025/a3sk_revA/sdcard/software/nios_app/glue.c: In function 'RAM_disk_initialize':
D:/richard/dev_2025/a3sk_revA/sdcard/software/nios_app/glue.c:127:1: warning: control reaches end of non-void function [-Wreturn-type]
  127 | }
      | ^
D:/richard/dev_2025/a3sk_revA/sdcard/software/nios_app/glue.c: In function 'RAM_disk_read':
D:/richard/dev_2025/a3sk_revA/sdcard/software/nios_app/glue.c:135:1: warning: control reaches end of non-void function [-Wreturn-type]
  135 | }
      | ^
D:/richard/dev_2025/a3sk_revA/sdcard/software/nios_app/glue.c: In function 'RAM_disk_write':
D:/richard/dev_2025/a3sk_revA/sdcard/software/nios_app/glue.c:143:1: warning: control reaches end of non-void function [-Wreturn-type]
  143 | }
      | ^
D:/richard/dev_2025/a3sk_revA/sdcard/software/nios_app/glue.c: In function 'USB_disk_status':
D:/richard/dev_2025/a3sk_revA/sdcard/software/nios_app/glue.c:148:1: warning: control reaches end of non-void function [-Wreturn-type]
  148 | }
      | ^
D:/richard/dev_2025/a3sk_revA/sdcard/software/nios_app/glue.c: In function 'USB_disk_initialize':
D:/richard/dev_2025/a3sk_revA/sdcard/software/nios_app/glue.c:152:1: warning: control reaches end of non-void function [-Wreturn-type]
  152 | }
      | ^
D:/richard/dev_2025/a3sk_revA/sdcard/software/nios_app/glue.c: In function 'USB_disk_read':
D:/richard/dev_2025/a3sk_revA/sdcard/software/nios_app/glue.c:160:1: warning: control reaches end of non-void function [-Wreturn-type]
  160 | }
      | ^
D:/richard/dev_2025/a3sk_revA/sdcard/software/nios_app/glue.c: In function 'USB_disk_write':
D:/richard/dev_2025/a3sk_revA/sdcard/software/nios_app/glue.c:168:1: warning: control reaches end of non-void function [-Wreturn-type]
  168 | }
      | ^
D:/richard/dev_2025/a3sk_revA/sdcard/software/nios_app/terasic_lib/debug.c: In function 'debug_output':
D:/richard/dev_2025/a3sk_revA/sdcard/software/nios_app/terasic_lib/debug.c:55:5: warning: format not a string literal and no format arguments [-Wformat-security]
   55 |     printf(pMessage);
      |     ^~~~~~
D:/richard/dev_2025/a3sk_revA/sdcard/software/nios_app/terasic_lib/debug.c: In function 'myprintf_hexarray':
D:/richard/dev_2025/a3sk_revA/sdcard/software/nios_app/terasic_lib/debug.c:83:17: warning: pointer targets in passing argument 1 of 'sprintf' differ in signedness [-Wpointer-sign]
   83 |         sprintf(szText, "[%02X]", *(pHex+i));
      |                 ^~~~~~
      |                 |
      |                 unsigned char *
In file included from D:/richard/dev_2025/a3sk_revA/sdcard/software/nios_app/terasic_lib/debug.c:33:
C:/altera_pro/25.1/riscfree/toolchain/riscv32-unknown-elf/riscv32-unknown-elf/include/stdio.h:250:18: note: expected 'char * restrict' but argument is of type 'unsigned char *'
  250 | int     sprintf (char *__restrict, const char *__restrict, ...)
      |                  ^
In file included from D:/richard/dev_2025/a3sk_revA/sdcard/software/nios_app/terasic_lib/terasic_includes.h:53,
                 from D:/richard/dev_2025/a3sk_revA/sdcard/software/nios_app/terasic_lib/debug.c:35:
D:/richard/dev_2025/a3sk_revA/sdcard/software/nios_app/terasic_lib/debug.c:84:16: warning: pointer targets in passing argument 1 of 'myprintf' differ in signedness [-Wpointer-sign]
   84 |         DEBUG((szText));
      |                ^~~~~~
      |                |
      |                unsigned char *
D:/richard/dev_2025/a3sk_revA/sdcard/software/nios_app/terasic_lib/debug.h:72:46: note: in definition of macro 'DEBUG'
   72 |     #define DEBUG(x)               {myprintf x;}  // standard in/out, specifed in project (it could be uart, jtag, or lcd)
      |                                              ^
D:/richard/dev_2025/a3sk_revA/sdcard/software/nios_app/terasic_lib/debug.c:64:20: note: expected 'char *' but argument is of type 'unsigned char *'
   64 | int myprintf(char *format, ...){
      |              ~~~~~~^~~~~~
D:/richard/dev_2025/a3sk_revA/sdcard/software/nios_app/terasic_sdcard/sd_lib.c: In function 'SDLIB_WriteBlock512':
D:/richard/dev_2025/a3sk_revA/sdcard/software/nios_app/terasic_sdcard/sd_lib.c:331:32: warning: passing argument 1 of 'SD_WriteData512' discards 'const' qualifier from pointer target type [-Wdiscarded-qualifiers]
  331 |     bSuccess = SD_WriteData512(szDataWrite);  // Write 512 bytes
      |                                ^~~~~~~~~~~
In file included from D:/richard/dev_2025/a3sk_revA/sdcard/software/nios_app/terasic_sdcard/sd_lib.c:45:
D:/richard/dev_2025/a3sk_revA/sdcard/software/nios_app/terasic_sdcard/sd_protocol.h:61:29: note: expected 'alt_u8 *' {aka 'unsigned char *'} but argument is of type 'const alt_u8 *' {aka 'const unsigned char *'}
   61 | bool SD_WriteData512(alt_u8 szDataWrite[]);
      |                      ~~~~~~~^~~~~~~~~~~~~
D:/richard/dev_2025/a3sk_revA/sdcard/software/nios_app/terasic_sdcard/sd_hal.c: In function 'SDHAL_ReadData512':
D:/richard/dev_2025/a3sk_revA/sdcard/software/nios_app/terasic_sdcard/sd_hal.c:203:12: warning: unused variable 'k' [-Wunused-variable]
  203 |     int i, k=0;
      |            ^
D:/richard/dev_2025/a3sk_revA/sdcard/software/nios_app/terasic_sdcard/sd_protocol.c: In function 'SD_CMD9':
D:/richard/dev_2025/a3sk_revA/sdcard/software/nios_app/terasic_sdcard/sd_protocol.c:616:12: warning: 'nCopyLen' may be used uninitialized [-Wmaybe-uninitialized]
  616 |         if (nCopyLen > 16)
      |            ^
D:/richard/dev_2025/a3sk_revA/sdcard/software/nios_app/terasic_sdcard/sd_protocol.c:615:13: note: 'nCopyLen' was declared here
  615 |         int nCopyLen, x;
      |             ^~~~~~~~
D:/richard/dev_2025/a3sk_revA/sdcard/software/nios_app/terasic_sdcard/sd_protocol.c: In function 'SD_CMD10':
D:/richard/dev_2025/a3sk_revA/sdcard/software/nios_app/terasic_sdcard/sd_protocol.c:679:12: warning: 'nCopyLen' may be used uninitialized [-Wmaybe-uninitialized]
  679 |         if (nCopyLen > 16)
      |            ^
D:/richard/dev_2025/a3sk_revA/sdcard/software/nios_app/terasic_sdcard/sd_protocol.c:678:13: note: 'nCopyLen' was declared here
  678 |         int nCopyLen, x;
      |             ^~~~~~~~
make[1]: *** [CMakeFiles/Makefile2:118: CMakeFiles/nios_app.elf.dir/all] Error 2
make: *** [Makefile:91: all] Error 2
"C:/altera_pro/25.1/riscfree/build_tools/bin/make.exe -j all" terminated with exit code 2. Build might be incomplete.
22:35:32 **** Clean-only build of configuration Debug for project nios_app ****
"C:\\altera_pro\\25.1\\riscfree\\build_tools\\bin\\make.exe" -j clean 
22:35:37 **** Incremental Build of configuration Debug for project nios_app ****
"C:\\altera_pro\\25.1\\riscfree\\build_tools\\bin\\make.exe" -j all 
[  1%] Building ASM object nios_bsp/CMakeFiles/hal2_bsp.dir/HAL/src/alt_log_macro.S.obj
[  2%] Building ASM object nios_bsp/CMakeFiles/hal2_bsp.dir/HAL/src/alt_vic_vector_table.S.obj
[  4%] Building ASM object nios_bsp/CMakeFiles/hal2_bsp.dir/HAL/src/machine_trap.S.obj
[  5%] Building ASM object nios_bsp/CMakeFiles/hal2_bsp.dir/HAL/src/crt0.S.obj
[  6%] Building C object nios_bsp/CMakeFiles/hal2_bsp.dir/HAL/src/alt_alarm_start.c.obj
[  2%] Building C object nios_bsp/CMakeFiles/hal2_bsp.dir/HAL/src/alt_busy_sleep.c.obj
[  3%] Building C object nios_bsp/CMakeFiles/hal2_bsp.dir/HAL/src/alt_close.c.obj
[  8%] Building ASM object nios_bsp/CMakeFiles/hal2_bsp.dir/HAL/src/alt_mcount.S.obj
[  7%] Building ASM object nios_bsp/CMakeFiles/hal2_bsp.dir/HAL/src/alt_ecc_exception_entry.S.obj
[ 10%] Building C object nios_bsp/CMakeFiles/hal2_bsp.dir/HAL/src/alt_dma_txchan_open.c.obj
[ 12%] Building C object nios_bsp/CMakeFiles/hal2_bsp.dir/HAL/src/alt_dev_llist_insert.c.obj
[ 13%] Building C object nios_bsp/CMakeFiles/hal2_bsp.dir/HAL/src/alt_dcache_flush_all.c.obj
[  9%] Building C object nios_bsp/CMakeFiles/hal2_bsp.dir/HAL/src/alt_dcache_flush.c.obj
[ 17%] Building C object nios_bsp/CMakeFiles/hal2_bsp.dir/HAL/src/alt_exit.c.obj
[ 20%] Building C object nios_bsp/CMakeFiles/hal2_bsp.dir/HAL/src/alt_errno.c.obj
[ 11%] Building C object nios_bsp/CMakeFiles/hal2_bsp.dir/HAL/src/alt_dma_rxchan_open.c.obj
[ 14%] Building C object nios_bsp/CMakeFiles/hal2_bsp.dir/HAL/src/alt_dcache_flush_no_writeback.c.obj
[ 15%] Building C object nios_bsp/CMakeFiles/hal2_bsp.dir/HAL/src/alt_env_lock.c.obj
[ 23%] Building C object nios_bsp/CMakeFiles/hal2_bsp.dir/HAL/src/alt_ecc_exception.c.obj
[ 16%] Building C object nios_bsp/CMakeFiles/hal2_bsp.dir/HAL/src/alt_do_dtors.c.obj
[ 23%] Building C object nios_bsp/CMakeFiles/hal2_bsp.dir/HAL/src/alt_fd_lock.c.obj
[ 19%] Building C object nios_bsp/CMakeFiles/hal2_bsp.dir/HAL/src/alt_dev.c.obj
[ 22%] Building C object nios_bsp/CMakeFiles/hal2_bsp.dir/HAL/src/alt_find_dev.c.obj
[ 19%] Building C object nios_bsp/CMakeFiles/hal2_bsp.dir/HAL/src/alt_execve.c.obj
[ 24%] Building C object nios_bsp/CMakeFiles/hal2_bsp.dir/HAL/src/alt_fd_unlock.c.obj
[ 23%] Building C object nios_bsp/CMakeFiles/hal2_bsp.dir/HAL/src/alt_do_ctors.c.obj
[ 27%] Building C object nios_bsp/CMakeFiles/hal2_bsp.dir/HAL/src/alt_fstat.c.obj
[ 21%] Building C object nios_bsp/CMakeFiles/hal2_bsp.dir/HAL/src/alt_environ.c.obj
[ 26%] Building C object nios_bsp/CMakeFiles/hal2_bsp.dir/HAL/src/alt_flash_dev.c.obj
[ 25%] Building C object nios_bsp/CMakeFiles/hal2_bsp.dir/HAL/src/alt_fcntl.c.obj
[ 28%] Building C object nios_bsp/CMakeFiles/hal2_bsp.dir/HAL/src/alt_getchar.c.obj
[ 28%] Building C object nios_bsp/CMakeFiles/hal2_bsp.dir/HAL/src/alt_fork.c.obj
[ 29%] Building C object nios_bsp/CMakeFiles/hal2_bsp.dir/HAL/src/alt_ecc_error_inject.c.obj
[ 30%] Building C object nios_bsp/CMakeFiles/hal2_bsp.dir/HAL/src/alt_get_fd.c.obj
[ 31%] Building C object nios_bsp/CMakeFiles/hal2_bsp.dir/HAL/src/alt_icache_flush_all.c.obj
[ 32%] Building C object nios_bsp/CMakeFiles/hal2_bsp.dir/HAL/src/alt_find_file.c.obj
[ 33%] Building C object nios_bsp/CMakeFiles/hal2_bsp.dir/HAL/src/alt_icache_flush.c.obj
[ 34%] Building C object nios_bsp/CMakeFiles/hal2_bsp.dir/HAL/src/alt_gettod.c.obj
[ 34%] Building C object nios_bsp/CMakeFiles/hal2_bsp.dir/HAL/src/alt_io_redirect.c.obj
[ 38%] Building C object nios_bsp/CMakeFiles/hal2_bsp.dir/HAL/src/alt_getpid.c.obj
[ 37%] Building C object nios_bsp/CMakeFiles/hal2_bsp.dir/HAL/src/alt_fs_reg.c.obj
[ 35%] Building C object nios_bsp/CMakeFiles/hal2_bsp.dir/HAL/src/alt_iic.c.obj
[ 36%] Building C object nios_bsp/CMakeFiles/hal2_bsp.dir/HAL/src/alt_instruction_exception_register.c.obj
[ 39%] Building C object nios_bsp/CMakeFiles/hal2_bsp.dir/HAL/src/alt_gmon.c.obj
[ 40%] Building C object nios_bsp/CMakeFiles/hal2_bsp.dir/HAL/src/alt_ioctl.c.obj
[ 41%] Building C object nios_bsp/CMakeFiles/hal2_bsp.dir/HAL/src/alt_iic_isr_register.c.obj
[ 42%] Building C object nios_bsp/CMakeFiles/hal2_bsp.dir/HAL/src/alt_irq_handler.c.obj
[ 43%] Building C object nios_bsp/CMakeFiles/hal2_bsp.dir/HAL/src/alt_isatty.c.obj
[ 44%] Building C object nios_bsp/CMakeFiles/hal2_bsp.dir/HAL/src/alt_log_printf.c.obj
[ 46%] Building C object nios_bsp/CMakeFiles/hal2_bsp.dir/HAL/src/alt_kill.c.obj
[ 49%] Building C object nios_bsp/CMakeFiles/hal2_bsp.dir/HAL/src/alt_lseek.c.obj
[ 45%] Building C object nios_bsp/CMakeFiles/hal2_bsp.dir/HAL/src/alt_link.c.obj
[ 47%] Building C object nios_bsp/CMakeFiles/hal2_bsp.dir/HAL/src/alt_load.c.obj
[ 48%] Building C object nios_bsp/CMakeFiles/hal2_bsp.dir/HAL/src/alt_main.c.obj
[ 49%] Building C object nios_bsp/CMakeFiles/hal2_bsp.dir/HAL/src/alt_malloc_lock.c.obj
[ 51%] Building C object nios_bsp/CMakeFiles/hal2_bsp.dir/HAL/src/alt_putchar.c.obj
[ 51%] Building C object nios_bsp/CMakeFiles/hal2_bsp.dir/HAL/src/alt_printf.c.obj
[ 52%] Building C object nios_bsp/CMakeFiles/hal2_bsp.dir/HAL/src/alt_read.c.obj
[ 54%] Building C object nios_bsp/CMakeFiles/hal2_bsp.dir/HAL/src/alt_putstr.c.obj
[ 55%] Building C object nios_bsp/CMakeFiles/hal2_bsp.dir/HAL/src/alt_putcharbuf.c.obj
[ 53%] Building C object nios_bsp/CMakeFiles/hal2_bsp.dir/HAL/src/alt_open.c.obj
[ 56%] Building C object nios_bsp/CMakeFiles/hal2_bsp.dir/HAL/src/alt_release_fd.c.obj
[ 57%] Building C object nios_bsp/CMakeFiles/hal2_bsp.dir/HAL/src/alt_remap_cached.c.obj
[ 57%] Building C object nios_bsp/CMakeFiles/hal2_bsp.dir/HAL/src/alt_remap_uncached.c.obj
[ 58%] Building C object nios_bsp/CMakeFiles/hal2_bsp.dir/HAL/src/alt_rename.c.obj
[ 59%] Building C object nios_bsp/CMakeFiles/hal2_bsp.dir/HAL/src/alt_sbrk.c.obj
[ 60%] Building C object nios_bsp/CMakeFiles/hal2_bsp.dir/HAL/src/alt_settod.c.obj
[ 61%] Building C object nios_bsp/CMakeFiles/hal2_bsp.dir/HAL/src/alt_tick.c.obj
[ 63%] Building C object nios_bsp/CMakeFiles/hal2_bsp.dir/HAL/src/alt_tls.c.obj
[ 62%] Building C object nios_bsp/CMakeFiles/hal2_bsp.dir/HAL/src/alt_stat.c.obj
[ 65%] Building C object nios_bsp/CMakeFiles/hal2_bsp.dir/HAL/src/alt_uncached_free.c.obj
[ 64%] Building C object nios_bsp/CMakeFiles/hal2_bsp.dir/HAL/src/alt_times.c.obj
[ 65%] Building C object nios_bsp/CMakeFiles/hal2_bsp.dir/HAL/src/alt_uncached_malloc.c.obj
[ 66%] Building C object nios_bsp/CMakeFiles/hal2_bsp.dir/HAL/src/alt_unlink.c.obj
[ 67%] Building C object nios_bsp/CMakeFiles/hal2_bsp.dir/HAL/src/alt_usleep.c.obj
[ 68%] Building C object nios_bsp/CMakeFiles/hal2_bsp.dir/HAL/src/alt_vic_isr_wrapper.c.obj
[ 69%] Building C object nios_bsp/CMakeFiles/hal2_bsp.dir/HAL/src/alt_wait.c.obj
[ 70%] Building C object nios_bsp/CMakeFiles/hal2_bsp.dir/HAL/src/alt_write.c.obj
[ 71%] Building C object nios_bsp/CMakeFiles/hal2_bsp.dir/HAL/src/intel_fpga_api_cmn_dfl.c.obj
[ 72%] Building C object nios_bsp/CMakeFiles/hal2_bsp.dir/HAL/src/intel_fpga_api_cmn_inf.c.obj
[ 73%] Building C object nios_bsp/CMakeFiles/hal2_bsp.dir/HAL/src/intel_fpga_api_niosv.c.obj
[ 74%] Building C object nios_bsp/CMakeFiles/hal2_bsp.dir/HAL/src/intel_fpga_api_cmn_msg.c.obj
[ 75%] Building C object nios_bsp/CMakeFiles/hal2_bsp.dir/HAL/src/intel_niosv_irq.c.obj
[ 74%] Building C object nios_bsp/CMakeFiles/hal2_bsp.dir/HAL/src/intel_fpga_platform_api_niosv.c.obj
[ 78%] Building C object nios_bsp/CMakeFiles/hal2_bsp.dir/alt_sys_init.c.obj
[ 76%] Building C object nios_bsp/CMakeFiles/hal2_bsp.dir/HAL/src/mtimer.c.obj
[ 78%] Building C object nios_bsp/CMakeFiles/hal2_bsp.dir/drivers/src/altera_avalon_jtag_uart_fd.c.obj
[ 79%] Building C object nios_bsp/CMakeFiles/hal2_bsp.dir/drivers/src/altera_avalon_jtag_uart_ioctl.c.obj
[ 80%] Building C object nios_bsp/CMakeFiles/hal2_bsp.dir/drivers/src/altera_avalon_jtag_uart_read.c.obj
[ 81%] Building C object nios_bsp/CMakeFiles/hal2_bsp.dir/drivers/src/altera_avalon_jtag_uart_write.c.obj
[ 82%] Building C object nios_bsp/CMakeFiles/hal2_bsp.dir/drivers/src/altera_avalon_jtag_uart_init.c.obj
[ 82%] Building C object nios_bsp/CMakeFiles/hal2_bsp.dir/drivers/src/altera_avalon_sysid_qsys.c.obj
[ 83%] Building C object nios_bsp/CMakeFiles/hal2_bsp.dir/drivers/src/altera_avalon_timer_sc.c.obj
[ 84%] Building C object nios_bsp/CMakeFiles/hal2_bsp.dir/drivers/src/altera_avalon_timer_ts.c.obj
[ 85%] Building C object nios_bsp/CMakeFiles/hal2_bsp.dir/drivers/src/altera_avalon_timer_vars.c.obj
[ 86%] Linking C static library libhal2_bsp.a
[ 86%] Built target hal2_bsp
[ 87%] Building C object CMakeFiles/nios_app.elf.dir/main.c.obj
[ 90%] Building C object CMakeFiles/nios_app.elf.dir/terasic_sdcard/crc16.c.obj
[ 89%] Building C object CMakeFiles/nios_app.elf.dir/glue.c.obj
[ 91%] Building C object CMakeFiles/nios_app.elf.dir/ff.c.obj
[ 88%] Building C object CMakeFiles/nios_app.elf.dir/diskio.c.obj
[ 87%] Building C object CMakeFiles/nios_app.elf.dir/ffunicode.c.obj
[ 92%] Building C object CMakeFiles/nios_app.elf.dir/terasic_lib/debug.c.obj
[ 93%] Building C object CMakeFiles/nios_app.elf.dir/ffsystem.c.obj
D:/richard/dev_2025/a3sk_revA/sdcard/software/nios_app/diskio.c:12:10: fatal error: glue.h: No such file or directory
   12 | #include "glue.h"
      |          ^~~~~~~~
compilation terminated.
[ 94%] Building C object CMakeFiles/nios_app.elf.dir/terasic_sdcard/crc7.c.obj
make[2]: *** [CMakeFiles/nios_app.elf.dir/build.make:93: CMakeFiles/nios_app.elf.dir/diskio.c.obj] Error 1
[ 97%] Building C object CMakeFiles/nios_app.elf.dir/terasic_sdcard/sd_lib.c.obj
make[2]: *** Waiting for unfinished jobs....
[ 97%] Building C object CMakeFiles/nios_app.elf.dir/terasic_sdcard/sd_hal.c.obj
[ 97%] Building C object CMakeFiles/nios_app.elf.dir/terasic_sdcard/sd_protocol.c.obj
D:/richard/dev_2025/a3sk_revA/sdcard/software/nios_app/glue.c: In function 'RAM_disk_status':
D:/richard/dev_2025/a3sk_revA/sdcard/software/nios_app/glue.c:123:1: warning: control reaches end of non-void function [-Wreturn-type]
  123 | }
      | ^
D:/richard/dev_2025/a3sk_revA/sdcard/software/nios_app/glue.c: In function 'RAM_disk_initialize':
D:/richard/dev_2025/a3sk_revA/sdcard/software/nios_app/glue.c:127:1: warning: control reaches end of non-void function [-Wreturn-type]
  127 | }
      | ^
D:/richard/dev_2025/a3sk_revA/sdcard/software/nios_app/glue.c: In function 'RAM_disk_read':
D:/richard/dev_2025/a3sk_revA/sdcard/software/nios_app/glue.c:135:1: warning: control reaches end of non-void function [-Wreturn-type]
  135 | }
      | ^
D:/richard/dev_2025/a3sk_revA/sdcard/software/nios_app/glue.c: In function 'RAM_disk_write':
D:/richard/dev_2025/a3sk_revA/sdcard/software/nios_app/glue.c:143:1: warning: control reaches end of non-void function [-Wreturn-type]
  143 | }
      | ^
D:/richard/dev_2025/a3sk_revA/sdcard/software/nios_app/glue.c: In function 'USB_disk_status':
D:/richard/dev_2025/a3sk_revA/sdcard/software/nios_app/glue.c:148:1: warning: control reaches end of non-void function [-Wreturn-type]
  148 | }
      | ^
D:/richard/dev_2025/a3sk_revA/sdcard/software/nios_app/glue.c: In function 'USB_disk_initialize':
D:/richard/dev_2025/a3sk_revA/sdcard/software/nios_app/glue.c:152:1: warning: control reaches end of non-void function [-Wreturn-type]
  152 | }
      | ^
D:/richard/dev_2025/a3sk_revA/sdcard/software/nios_app/glue.c: In function 'USB_disk_read':
D:/richard/dev_2025/a3sk_revA/sdcard/software/nios_app/glue.c:160:1: warning: control reaches end of non-void function [-Wreturn-type]
  160 | }
      | ^
D:/richard/dev_2025/a3sk_revA/sdcard/software/nios_app/glue.c: In function 'USB_disk_write':
D:/richard/dev_2025/a3sk_revA/sdcard/software/nios_app/glue.c:168:1: warning: control reaches end of non-void function [-Wreturn-type]
  168 | }
      | ^
D:/richard/dev_2025/a3sk_revA/sdcard/software/nios_app/terasic_lib/debug.c: In function 'debug_output':
D:/richard/dev_2025/a3sk_revA/sdcard/software/nios_app/terasic_lib/debug.c:55:5: warning: format not a string literal and no format arguments [-Wformat-security]
   55 |     printf(pMessage);
      |     ^~~~~~
D:/richard/dev_2025/a3sk_revA/sdcard/software/nios_app/terasic_lib/debug.c: In function 'myprintf_hexarray':
D:/richard/dev_2025/a3sk_revA/sdcard/software/nios_app/terasic_lib/debug.c:83:17: warning: pointer targets in passing argument 1 of 'sprintf' differ in signedness [-Wpointer-sign]
   83 |         sprintf(szText, "[%02X]", *(pHex+i));
      |                 ^~~~~~
      |                 |
      |                 unsigned char *
In file included from D:/richard/dev_2025/a3sk_revA/sdcard/software/nios_app/terasic_lib/debug.c:33:
C:/altera_pro/25.1/riscfree/toolchain/riscv32-unknown-elf/riscv32-unknown-elf/include/stdio.h:250:18: note: expected 'char * restrict' but argument is of type 'unsigned char *'
  250 | int     sprintf (char *__restrict, const char *__restrict, ...)
      |                  ^
In file included from D:/richard/dev_2025/a3sk_revA/sdcard/software/nios_app/terasic_lib/terasic_includes.h:53,
                 from D:/richard/dev_2025/a3sk_revA/sdcard/software/nios_app/terasic_lib/debug.c:35:
D:/richard/dev_2025/a3sk_revA/sdcard/software/nios_app/terasic_lib/debug.c:84:16: warning: pointer targets in passing argument 1 of 'myprintf' differ in signedness [-Wpointer-sign]
   84 |         DEBUG((szText));
      |                ^~~~~~
      |                |
      |                unsigned char *
D:/richard/dev_2025/a3sk_revA/sdcard/software/nios_app/terasic_lib/debug.h:72:46: note: in definition of macro 'DEBUG'
   72 |     #define DEBUG(x)               {myprintf x;}  // standard in/out, specifed in project (it could be uart, jtag, or lcd)
      |                                              ^
D:/richard/dev_2025/a3sk_revA/sdcard/software/nios_app/terasic_lib/debug.c:64:20: note: expected 'char *' but argument is of type 'unsigned char *'
   64 | int myprintf(char *format, ...){
      |              ~~~~~~^~~~~~
D:/richard/dev_2025/a3sk_revA/sdcard/software/nios_app/terasic_sdcard/sd_lib.c: In function 'SDLIB_WriteBlock512':
D:/richard/dev_2025/a3sk_revA/sdcard/software/nios_app/terasic_sdcard/sd_lib.c:331:32: warning: passing argument 1 of 'SD_WriteData512' discards 'const' qualifier from pointer target type [-Wdiscarded-qualifiers]
  331 |     bSuccess = SD_WriteData512(szDataWrite);  // Write 512 bytes
      |                                ^~~~~~~~~~~
In file included from D:/richard/dev_2025/a3sk_revA/sdcard/software/nios_app/terasic_sdcard/sd_lib.c:45:
D:/richard/dev_2025/a3sk_revA/sdcard/software/nios_app/terasic_sdcard/sd_protocol.h:61:29: note: expected 'alt_u8 *' {aka 'unsigned char *'} but argument is of type 'const alt_u8 *' {aka 'const unsigned char *'}
   61 | bool SD_WriteData512(alt_u8 szDataWrite[]);
      |                      ~~~~~~~^~~~~~~~~~~~~
D:/richard/dev_2025/a3sk_revA/sdcard/software/nios_app/terasic_sdcard/sd_hal.c: In function 'SDHAL_ReadData512':
D:/richard/dev_2025/a3sk_revA/sdcard/software/nios_app/terasic_sdcard/sd_hal.c:203:12: warning: unused variable 'k' [-Wunused-variable]
  203 |     int i, k=0;
      |            ^
D:/richard/dev_2025/a3sk_revA/sdcard/software/nios_app/terasic_sdcard/sd_protocol.c: In function 'SD_CMD9':
D:/richard/dev_2025/a3sk_revA/sdcard/software/nios_app/terasic_sdcard/sd_protocol.c:616:12: warning: 'nCopyLen' may be used uninitialized [-Wmaybe-uninitialized]
  616 |         if (nCopyLen > 16)
      |            ^
D:/richard/dev_2025/a3sk_revA/sdcard/software/nios_app/terasic_sdcard/sd_protocol.c:615:13: note: 'nCopyLen' was declared here
  615 |         int nCopyLen, x;
      |             ^~~~~~~~
D:/richard/dev_2025/a3sk_revA/sdcard/software/nios_app/terasic_sdcard/sd_protocol.c: In function 'SD_CMD10':
D:/richard/dev_2025/a3sk_revA/sdcard/software/nios_app/terasic_sdcard/sd_protocol.c:679:12: warning: 'nCopyLen' may be used uninitialized [-Wmaybe-uninitialized]
  679 |         if (nCopyLen > 16)
      |            ^
D:/richard/dev_2025/a3sk_revA/sdcard/software/nios_app/terasic_sdcard/sd_protocol.c:678:13: note: 'nCopyLen' was declared here
  678 |         int nCopyLen, x;
      |             ^~~~~~~~
make[1]: *** [CMakeFiles/Makefile2:118: CMakeFiles/nios_app.elf.dir/all] Error 2
make: *** [Makefile:91: all] Error 2
"C:/altera_pro/25.1/riscfree/build_tools/bin/make.exe -j all" terminated with exit code 2. Build might be incomplete.
22:42:14 **** Incremental Build of configuration Debug for project nios_app ****
"C:\\altera_pro\\25.1\\riscfree\\build_tools\\bin\\make.exe" -j all 
[ 86%] Built target hal2_bsp
[ 87%] Building C object CMakeFiles/nios_app.elf.dir/diskio.c.obj
In file included from D:/richard/dev_2025/a3sk_revA/sdcard/software/nios_app/diskio.c:12:
D:/richard/dev_2025/a3sk_revA/sdcard/software/nios_app/glue.h:49:1: error: expected identifier or '(' before '}' token
   49 | }
      | ^
D:/richard/dev_2025/a3sk_revA/sdcard/software/nios_app/diskio.c: In function 'disk_ioctl':
D:/richard/dev_2025/a3sk_revA/sdcard/software/nios_app/diskio.c:216:13: warning: unused variable 'result' [-Wunused-variable]
  216 |         int result;
      |             ^~~~~~
make[2]: *** [CMakeFiles/nios_app.elf.dir/build.make:93: CMakeFiles/nios_app.elf.dir/diskio.c.obj] Error 1
make[1]: *** [CMakeFiles/Makefile2:118: CMakeFiles/nios_app.elf.dir/all] Error 2
make: *** [Makefile:91: all] Error 2
"C:/altera_pro/25.1/riscfree/build_tools/bin/make.exe -j all" terminated with exit code 2. Build might be incomplete.
22:42:31 **** Incremental Build of configuration Debug for project nios_app ****
"C:\\altera_pro\\25.1\\riscfree\\build_tools\\bin\\make.exe" -j all 
[ 86%] Built target hal2_bsp
[ 87%] Building C object CMakeFiles/nios_app.elf.dir/diskio.c.obj
D:/richard/dev_2025/a3sk_revA/sdcard/software/nios_app/diskio.c: In function 'disk_ioctl':
D:/richard/dev_2025/a3sk_revA/sdcard/software/nios_app/diskio.c:216:13: warning: unused variable 'result' [-Wunused-variable]
  216 |         int result;
      |             ^~~~~~
D:/richard/dev_2025/a3sk_revA/sdcard/software/nios_app/diskio.c: In function 'disk_status':
D:/richard/dev_2025/a3sk_revA/sdcard/software/nios_app/diskio.c:43:24: warning: 'stat' may be used uninitialized [-Wmaybe-uninitialized]
   43 |                 return stat;
      |                        ^~~~
D:/richard/dev_2025/a3sk_revA/sdcard/software/nios_app/diskio.c:34:17: note: 'stat' was declared here
   34 |         DSTATUS stat;
      |                 ^~~~
D:/richard/dev_2025/a3sk_revA/sdcard/software/nios_app/diskio.c: In function 'disk_read':
D:/richard/dev_2025/a3sk_revA/sdcard/software/nios_app/diskio.c:126:24: warning: 'res' may be used uninitialized [-Wmaybe-uninitialized]
  126 |                 return res;
      |                        ^~~
D:/richard/dev_2025/a3sk_revA/sdcard/software/nios_app/diskio.c:115:17: note: 'res' was declared here
  115 |         DRESULT res;
      |                 ^~~
D:/richard/dev_2025/a3sk_revA/sdcard/software/nios_app/diskio.c: In function 'disk_write':
D:/richard/dev_2025/a3sk_revA/sdcard/software/nios_app/diskio.c:177:24: warning: 'res' may be used uninitialized [-Wmaybe-uninitialized]
  177 |                 return res;
      |                        ^~~
D:/richard/dev_2025/a3sk_revA/sdcard/software/nios_app/diskio.c:166:17: note: 'res' was declared here
  166 |         DRESULT res;
      |                 ^~~
D:/richard/dev_2025/a3sk_revA/sdcard/software/nios_app/diskio.c: In function 'disk_ioctl':
D:/richard/dev_2025/a3sk_revA/sdcard/software/nios_app/diskio.c:223:24: warning: 'res' may be used uninitialized [-Wmaybe-uninitialized]
  223 |                 return res;
      |                        ^~~
D:/richard/dev_2025/a3sk_revA/sdcard/software/nios_app/diskio.c:215:17: note: 'res' was declared here
  215 |         DRESULT res;
      |                 ^~~
[ 88%] Linking C executable nios_app.elf
[ 98%] Built target nios_app.elf
[ 99%] Creating nios_app.elf.objdump.
[ 99%] Creating intel_onchip_memory.hex.
process_begin: CreateProcess(NULL, elf2hex nios_app.elf -o intel_onchip_memory.hex -b 0x00000000 -w 32 -e 0x0007CFFF -r 4, ...) failed.
make (e=2): The system cannot find the file specified.
make[2]: *** [CMakeFiles/create-hex.dir/build.make:73: intel_onchip_memory.hex] Error 2
make[1]: *** [CMakeFiles/Makefile2:211: CMakeFiles/create-hex.dir/all] Error 2
make[1]: *** Waiting for unfinished jobs....
[100%] Reporting memory available for stack + heap in nios_app.elf.
process_begin: CreateProcess(NULL, niosv-stack-report -p riscv32-unknown-elf- nios_app.elf, ...) failed.
make (e=2): The system cannot find the file specified.
make[2]: *** [CMakeFiles/niosv-stack-report.dir/build.make:73: nios_app.elf.stack_report] Error 2
make[1]: *** [CMakeFiles/Makefile2:180: CMakeFiles/niosv-stack-report.dir/all] Error 2
[100%] Built target create-objdump
make: *** [Makefile:91: all] Error 2
"C:/altera_pro/25.1/riscfree/build_tools/bin/make.exe -j all" terminated with exit code 2. Build might be incomplete.
00:58:20 **** Clean-only build of configuration Debug for project nios_app ****
"C:\\altera_pro\\25.1\\riscfree\\build_tools\\bin\\make.exe" -j clean 
00:58:25 **** Incremental Build of configuration Debug for project nios_app ****
"C:\\altera_pro\\25.1\\riscfree\\build_tools\\bin\\make.exe" -j all 
[  1%] Building ASM object nios_bsp/CMakeFiles/hal2_bsp.dir/HAL/src/alt_log_macro.S.obj
[  2%] Building ASM object nios_bsp/CMakeFiles/hal2_bsp.dir/HAL/src/alt_mcount.S.obj
[  3%] Building ASM object nios_bsp/CMakeFiles/hal2_bsp.dir/HAL/src/alt_ecc_exception_entry.S.obj
[  4%] Building ASM object nios_bsp/CMakeFiles/hal2_bsp.dir/HAL/src/crt0.S.obj
[  5%] Building ASM object nios_bsp/CMakeFiles/hal2_bsp.dir/HAL/src/machine_trap.S.obj
[  6%] Building ASM object nios_bsp/CMakeFiles/hal2_bsp.dir/HAL/src/alt_vic_vector_table.S.obj
[  8%] Building C object nios_bsp/CMakeFiles/hal2_bsp.dir/HAL/src/alt_dcache_flush_no_writeback.c.obj
[  9%] Building C object nios_bsp/CMakeFiles/hal2_bsp.dir/HAL/src/alt_dev_llist_insert.c.obj
[  7%] Building C object nios_bsp/CMakeFiles/hal2_bsp.dir/HAL/src/alt_alarm_start.c.obj
[ 11%] Building C object nios_bsp/CMakeFiles/hal2_bsp.dir/HAL/src/alt_close.c.obj
[  7%] Building C object nios_bsp/CMakeFiles/hal2_bsp.dir/HAL/src/alt_busy_sleep.c.obj
[ 14%] Building C object nios_bsp/CMakeFiles/hal2_bsp.dir/HAL/src/alt_dcache_flush.c.obj
[ 10%] Building C object nios_bsp/CMakeFiles/hal2_bsp.dir/HAL/src/alt_dev.c.obj
[ 12%] Building C object nios_bsp/CMakeFiles/hal2_bsp.dir/HAL/src/alt_do_dtors.c.obj
[ 13%] Building C object nios_bsp/CMakeFiles/hal2_bsp.dir/HAL/src/alt_dcache_flush_all.c.obj
[ 16%] Building C object nios_bsp/CMakeFiles/hal2_bsp.dir/HAL/src/alt_dma_txchan_open.c.obj
[ 15%] Building C object nios_bsp/CMakeFiles/hal2_bsp.dir/HAL/src/alt_ecc_exception.c.obj
[ 17%] Building C object nios_bsp/CMakeFiles/hal2_bsp.dir/HAL/src/alt_dma_rxchan_open.c.obj
[ 17%] Building C object nios_bsp/CMakeFiles/hal2_bsp.dir/HAL/src/alt_do_ctors.c.obj
[ 21%] Building C object nios_bsp/CMakeFiles/hal2_bsp.dir/HAL/src/alt_fork.c.obj
[ 18%] Building C object nios_bsp/CMakeFiles/hal2_bsp.dir/HAL/src/alt_env_lock.c.obj
[ 20%] Building C object nios_bsp/CMakeFiles/hal2_bsp.dir/HAL/src/alt_ecc_error_inject.c.obj
[ 23%] Building C object nios_bsp/CMakeFiles/hal2_bsp.dir/HAL/src/alt_fcntl.c.obj
[ 19%] Building C object nios_bsp/CMakeFiles/hal2_bsp.dir/HAL/src/alt_environ.c.obj
[ 24%] Building C object nios_bsp/CMakeFiles/hal2_bsp.dir/HAL/src/alt_fd_lock.c.obj
[ 24%] Building C object nios_bsp/CMakeFiles/hal2_bsp.dir/HAL/src/alt_errno.c.obj
[ 22%] Building C object nios_bsp/CMakeFiles/hal2_bsp.dir/HAL/src/alt_exit.c.obj
[ 26%] Building C object nios_bsp/CMakeFiles/hal2_bsp.dir/HAL/src/alt_execve.c.obj
[ 25%] Building C object nios_bsp/CMakeFiles/hal2_bsp.dir/HAL/src/alt_find_dev.c.obj
[ 27%] Building C object nios_bsp/CMakeFiles/hal2_bsp.dir/HAL/src/alt_flash_dev.c.obj
[ 28%] Building C object nios_bsp/CMakeFiles/hal2_bsp.dir/HAL/src/alt_fd_unlock.c.obj
[ 29%] Building C object nios_bsp/CMakeFiles/hal2_bsp.dir/HAL/src/alt_fs_reg.c.obj
[ 30%] Building C object nios_bsp/CMakeFiles/hal2_bsp.dir/HAL/src/alt_get_fd.c.obj
[ 31%] Building C object nios_bsp/CMakeFiles/hal2_bsp.dir/HAL/src/alt_fstat.c.obj
[ 33%] Building C object nios_bsp/CMakeFiles/hal2_bsp.dir/HAL/src/alt_icache_flush_all.c.obj
[ 35%] Building C object nios_bsp/CMakeFiles/hal2_bsp.dir/HAL/src/alt_gmon.c.obj
[ 32%] Building C object nios_bsp/CMakeFiles/hal2_bsp.dir/HAL/src/alt_getchar.c.obj
[ 34%] Building C object nios_bsp/CMakeFiles/hal2_bsp.dir/HAL/src/alt_getpid.c.obj
[ 32%] Building C object nios_bsp/CMakeFiles/hal2_bsp.dir/HAL/src/alt_icache_flush.c.obj
[ 36%] Building C object nios_bsp/CMakeFiles/hal2_bsp.dir/HAL/src/alt_gettod.c.obj
[ 39%] Building C object nios_bsp/CMakeFiles/hal2_bsp.dir/HAL/src/alt_iic_isr_register.c.obj
[ 38%] Building C object nios_bsp/CMakeFiles/hal2_bsp.dir/HAL/src/alt_iic.c.obj
[ 37%] Building C object nios_bsp/CMakeFiles/hal2_bsp.dir/HAL/src/alt_find_file.c.obj
[ 39%] Building C object nios_bsp/CMakeFiles/hal2_bsp.dir/HAL/src/alt_io_redirect.c.obj
[ 42%] Building C object nios_bsp/CMakeFiles/hal2_bsp.dir/HAL/src/alt_instruction_exception_register.c.obj
[ 44%] Building C object nios_bsp/CMakeFiles/hal2_bsp.dir/HAL/src/alt_link.c.obj
[ 40%] Building C object nios_bsp/CMakeFiles/hal2_bsp.dir/HAL/src/alt_irq_handler.c.obj
[ 43%] Building C object nios_bsp/CMakeFiles/hal2_bsp.dir/HAL/src/alt_isatty.c.obj
[ 41%] Building C object nios_bsp/CMakeFiles/hal2_bsp.dir/HAL/src/alt_ioctl.c.obj
[ 46%] Building C object nios_bsp/CMakeFiles/hal2_bsp.dir/HAL/src/alt_lseek.c.obj
[ 47%] Building C object nios_bsp/CMakeFiles/hal2_bsp.dir/HAL/src/alt_main.c.obj
[ 45%] Building C object nios_bsp/CMakeFiles/hal2_bsp.dir/HAL/src/alt_kill.c.obj
[ 49%] Building C object nios_bsp/CMakeFiles/hal2_bsp.dir/HAL/src/alt_load.c.obj
[ 50%] Building C object nios_bsp/CMakeFiles/hal2_bsp.dir/HAL/src/alt_putchar.c.obj
[ 51%] Building C object nios_bsp/CMakeFiles/hal2_bsp.dir/HAL/src/alt_printf.c.obj
[ 53%] Building C object nios_bsp/CMakeFiles/hal2_bsp.dir/HAL/src/alt_open.c.obj
[ 53%] Building C object nios_bsp/CMakeFiles/hal2_bsp.dir/HAL/src/alt_remap_uncached.c.obj
[ 52%] Building C object nios_bsp/CMakeFiles/hal2_bsp.dir/HAL/src/alt_read.c.obj
[ 48%] Building C object nios_bsp/CMakeFiles/hal2_bsp.dir/HAL/src/alt_log_printf.c.obj
[ 54%] Building C object nios_bsp/CMakeFiles/hal2_bsp.dir/HAL/src/alt_remap_cached.c.obj
[ 51%] Building C object nios_bsp/CMakeFiles/hal2_bsp.dir/HAL/src/alt_malloc_lock.c.obj
[ 55%] Building C object nios_bsp/CMakeFiles/hal2_bsp.dir/HAL/src/alt_putstr.c.obj
[ 58%] Building C object nios_bsp/CMakeFiles/hal2_bsp.dir/HAL/src/alt_release_fd.c.obj
[ 56%] Building C object nios_bsp/CMakeFiles/hal2_bsp.dir/HAL/src/alt_rename.c.obj
[ 58%] Building C object nios_bsp/CMakeFiles/hal2_bsp.dir/HAL/src/alt_sbrk.c.obj
[ 59%] Building C object nios_bsp/CMakeFiles/hal2_bsp.dir/HAL/src/alt_stat.c.obj
[ 60%] Building C object nios_bsp/CMakeFiles/hal2_bsp.dir/HAL/src/alt_putcharbuf.c.obj
[ 61%] Building C object nios_bsp/CMakeFiles/hal2_bsp.dir/HAL/src/alt_tick.c.obj
[ 62%] Building C object nios_bsp/CMakeFiles/hal2_bsp.dir/HAL/src/alt_settod.c.obj
[ 63%] Building C object nios_bsp/CMakeFiles/hal2_bsp.dir/HAL/src/intel_niosv_irq.c.obj
[ 63%] Building C object nios_bsp/CMakeFiles/hal2_bsp.dir/HAL/src/intel_fpga_platform_api_niosv.c.obj
[ 65%] Building C object nios_bsp/CMakeFiles/hal2_bsp.dir/HAL/src/alt_times.c.obj
[ 65%] Building C object nios_bsp/CMakeFiles/hal2_bsp.dir/HAL/src/alt_uncached_malloc.c.obj
[ 64%] Building C object nios_bsp/CMakeFiles/hal2_bsp.dir/HAL/src/alt_usleep.c.obj
[ 66%] Building C object nios_bsp/CMakeFiles/hal2_bsp.dir/HAL/src/intel_fpga_api_cmn_inf.c.obj
[ 68%] Building C object nios_bsp/CMakeFiles/hal2_bsp.dir/HAL/src/alt_wait.c.obj
[ 69%] Building C object nios_bsp/CMakeFiles/hal2_bsp.dir/HAL/src/alt_unlink.c.obj
[ 67%] Building C object nios_bsp/CMakeFiles/hal2_bsp.dir/HAL/src/alt_vic_isr_wrapper.c.obj
[ 70%] Building C object nios_bsp/CMakeFiles/hal2_bsp.dir/HAL/src/alt_uncached_free.c.obj
[ 71%] Building C object nios_bsp/CMakeFiles/hal2_bsp.dir/alt_sys_init.c.obj
[ 75%] Building C object nios_bsp/CMakeFiles/hal2_bsp.dir/HAL/src/alt_tls.c.obj
[ 74%] Building C object nios_bsp/CMakeFiles/hal2_bsp.dir/HAL/src/alt_write.c.obj
[ 73%] Building C object nios_bsp/CMakeFiles/hal2_bsp.dir/HAL/src/intel_fpga_api_cmn_dfl.c.obj
[ 72%] Building C object nios_bsp/CMakeFiles/hal2_bsp.dir/drivers/src/altera_avalon_jtag_uart_fd.c.obj
[ 76%] Building C object nios_bsp/CMakeFiles/hal2_bsp.dir/HAL/src/intel_fpga_api_niosv.c.obj
[ 77%] Building C object nios_bsp/CMakeFiles/hal2_bsp.dir/HAL/src/intel_fpga_api_cmn_msg.c.obj
[ 78%] Building C object nios_bsp/CMakeFiles/hal2_bsp.dir/HAL/src/mtimer.c.obj
[ 79%] Building C object nios_bsp/CMakeFiles/hal2_bsp.dir/drivers/src/altera_avalon_jtag_uart_init.c.obj
[ 81%] Building C object nios_bsp/CMakeFiles/hal2_bsp.dir/drivers/src/altera_avalon_timer_sc.c.obj
[ 81%] Building C object nios_bsp/CMakeFiles/hal2_bsp.dir/drivers/src/altera_avalon_sysid_qsys.c.obj
[ 82%] Building C object nios_bsp/CMakeFiles/hal2_bsp.dir/drivers/src/altera_avalon_jtag_uart_write.c.obj
[ 80%] Building C object nios_bsp/CMakeFiles/hal2_bsp.dir/drivers/src/altera_avalon_jtag_uart_ioctl.c.obj
[ 85%] Building C object nios_bsp/CMakeFiles/hal2_bsp.dir/drivers/src/altera_avalon_timer_vars.c.obj
[ 84%] Building C object nios_bsp/CMakeFiles/hal2_bsp.dir/drivers/src/altera_avalon_timer_ts.c.obj
[ 83%] Building C object nios_bsp/CMakeFiles/hal2_bsp.dir/drivers/src/altera_avalon_jtag_uart_read.c.obj
[ 86%] Linking C static library libhal2_bsp.a
[ 86%] Built target hal2_bsp
[ 87%] Building C object CMakeFiles/nios_app.elf.dir/ffunicode.c.obj
[ 87%] Building C object CMakeFiles/nios_app.elf.dir/main.c.obj
[ 89%] Building C object CMakeFiles/nios_app.elf.dir/diskio.c.obj
[ 88%] Building C object CMakeFiles/nios_app.elf.dir/ff.c.obj
[ 93%] Building C object CMakeFiles/nios_app.elf.dir/terasic_sdcard/sd_hal.c.obj
[ 90%] Building C object CMakeFiles/nios_app.elf.dir/terasic_sdcard/crc7.c.obj
[ 93%] Building C object CMakeFiles/nios_app.elf.dir/ffsystem.c.obj
[ 94%] Building C object CMakeFiles/nios_app.elf.dir/terasic_lib/debug.c.obj
[ 95%] Building C object CMakeFiles/nios_app.elf.dir/terasic_sdcard/sd_lib.c.obj
[ 93%] Building C object CMakeFiles/nios_app.elf.dir/terasic_sdcard/crc16.c.obj
[ 96%] Building C object CMakeFiles/nios_app.elf.dir/glue.c.obj
D:/richard/dev_2025/a3sk_revA/sdcard/software/nios_app/diskio.c: In function 'disk_ioctl':
D:/richard/dev_2025/a3sk_revA/sdcard/software/nios_app/diskio.c:216:13: warning: unused variable 'result' [-Wunused-variable]
  216 |         int result;
      |             ^~~~~~
D:/richard/dev_2025/a3sk_revA/sdcard/software/nios_app/diskio.c: In function 'disk_status':
D:/richard/dev_2025/a3sk_revA/sdcard/software/nios_app/diskio.c:43:24: warning: 'stat' may be used uninitialized [-Wmaybe-uninitialized]
   43 |                 return stat;
      |                        ^~~~
D:/richard/dev_2025/a3sk_revA/sdcard/software/nios_app/diskio.c:34:17: note: 'stat' was declared here
   34 |         DSTATUS stat;
      |                 ^~~~
D:/richard/dev_2025/a3sk_revA/sdcard/software/nios_app/diskio.c: In function 'disk_read':
D:/richard/dev_2025/a3sk_revA/sdcard/software/nios_app/diskio.c:126:24: warning: 'res' may be used uninitialized [-Wmaybe-uninitialized]
  126 |                 return res;
      |                        ^~~
D:/richard/dev_2025/a3sk_revA/sdcard/software/nios_app/diskio.c:115:17: note: 'res' was declared here
  115 |         DRESULT res;
      |                 ^~~
D:/richard/dev_2025/a3sk_revA/sdcard/software/nios_app/diskio.c: In function 'disk_write':
D:/richard/dev_2025/a3sk_revA/sdcard/software/nios_app/diskio.c:177:24: warning: 'res' may be used uninitialized [-Wmaybe-uninitialized]
  177 |                 return res;
      |                        ^~~
D:/richard/dev_2025/a3sk_revA/sdcard/software/nios_app/diskio.c:166:17: note: 'res' was declared here
  166 |         DRESULT res;
      |                 ^~~
D:/richard/dev_2025/a3sk_revA/sdcard/software/nios_app/diskio.c: In function 'disk_ioctl':
D:/richard/dev_2025/a3sk_revA/sdcard/software/nios_app/diskio.c:223:24: warning: 'res' may be used uninitialized [-Wmaybe-uninitialized]
  223 |                 return res;
      |                        ^~~
D:/richard/dev_2025/a3sk_revA/sdcard/software/nios_app/diskio.c:215:17: note: 'res' was declared here
  215 |         DRESULT res;
      |                 ^~~
[ 97%] Building C object CMakeFiles/nios_app.elf.dir/terasic_sdcard/sd_protocol.c.obj
D:/richard/dev_2025/a3sk_revA/sdcard/software/nios_app/terasic_lib/debug.c: In function 'debug_output':
D:/richard/dev_2025/a3sk_revA/sdcard/software/nios_app/terasic_lib/debug.c:55:5: warning: format not a string literal and no format arguments [-Wformat-security]
   55 |     printf(pMessage);
      |     ^~~~~~
D:/richard/dev_2025/a3sk_revA/sdcard/software/nios_app/terasic_lib/debug.c: In function 'myprintf_hexarray':
D:/richard/dev_2025/a3sk_revA/sdcard/software/nios_app/terasic_lib/debug.c:83:17: warning: pointer targets in passing argument 1 of 'sprintf' differ in signedness [-Wpointer-sign]
   83 |         sprintf(szText, "[%02X]", *(pHex+i));
      |                 ^~~~~~
      |                 |
      |                 unsigned char *
In file included from D:/richard/dev_2025/a3sk_revA/sdcard/software/nios_app/terasic_lib/debug.c:33:
C:/altera_pro/25.1/riscfree/toolchain/riscv32-unknown-elf/riscv32-unknown-elf/include/stdio.h:250:18: note: expected 'char * restrict' but argument is of type 'unsigned char *'
  250 | int     sprintf (char *__restrict, const char *__restrict, ...)
      |                  ^
In file included from D:/richard/dev_2025/a3sk_revA/sdcard/software/nios_app/terasic_lib/terasic_includes.h:53,
                 from D:/richard/dev_2025/a3sk_revA/sdcard/software/nios_app/terasic_lib/debug.c:35:
D:/richard/dev_2025/a3sk_revA/sdcard/software/nios_app/terasic_lib/debug.c:84:16: warning: pointer targets in passing argument 1 of 'myprintf' differ in signedness [-Wpointer-sign]
   84 |         DEBUG((szText));
      |                ^~~~~~
      |                |
      |                unsigned char *
D:/richard/dev_2025/a3sk_revA/sdcard/software/nios_app/terasic_lib/debug.h:72:46: note: in definition of macro 'DEBUG'
   72 |     #define DEBUG(x)               {myprintf x;}  // standard in/out, specifed in project (it could be uart, jtag, or lcd)
      |                                              ^
D:/richard/dev_2025/a3sk_revA/sdcard/software/nios_app/terasic_lib/debug.c:64:20: note: expected 'char *' but argument is of type 'unsigned char *'
   64 | int myprintf(char *format, ...){
      |              ~~~~~~^~~~~~
D:/richard/dev_2025/a3sk_revA/sdcard/software/nios_app/terasic_sdcard/sd_hal.c: In function 'SDHAL_ReadData512':
D:/richard/dev_2025/a3sk_revA/sdcard/software/nios_app/terasic_sdcard/sd_hal.c:203:12: warning: unused variable 'k' [-Wunused-variable]
  203 |     int i, k=0;
      |            ^
D:/richard/dev_2025/a3sk_revA/sdcard/software/nios_app/terasic_sdcard/sd_lib.c: In function 'SDLIB_WriteBlock512':
D:/richard/dev_2025/a3sk_revA/sdcard/software/nios_app/terasic_sdcard/sd_lib.c:331:32: warning: passing argument 1 of 'SD_WriteData512' discards 'const' qualifier from pointer target type [-Wdiscarded-qualifiers]
  331 |     bSuccess = SD_WriteData512(szDataWrite);  // Write 512 bytes
      |                                ^~~~~~~~~~~
In file included from D:/richard/dev_2025/a3sk_revA/sdcard/software/nios_app/terasic_sdcard/sd_lib.c:45:
D:/richard/dev_2025/a3sk_revA/sdcard/software/nios_app/terasic_sdcard/sd_protocol.h:61:29: note: expected 'alt_u8 *' {aka 'unsigned char *'} but argument is of type 'const alt_u8 *' {aka 'const unsigned char *'}
   61 | bool SD_WriteData512(alt_u8 szDataWrite[]);
      |                      ~~~~~~~^~~~~~~~~~~~~
D:/richard/dev_2025/a3sk_revA/sdcard/software/nios_app/glue.c: In function 'RAM_disk_status':
D:/richard/dev_2025/a3sk_revA/sdcard/software/nios_app/glue.c:123:1: warning: control reaches end of non-void function [-Wreturn-type]
  123 | }
      | ^
D:/richard/dev_2025/a3sk_revA/sdcard/software/nios_app/glue.c: In function 'RAM_disk_initialize':
D:/richard/dev_2025/a3sk_revA/sdcard/software/nios_app/glue.c:127:1: warning: control reaches end of non-void function [-Wreturn-type]
  127 | }
      | ^
D:/richard/dev_2025/a3sk_revA/sdcard/software/nios_app/glue.c: In function 'RAM_disk_read':
D:/richard/dev_2025/a3sk_revA/sdcard/software/nios_app/glue.c:135:1: warning: control reaches end of non-void function [-Wreturn-type]
  135 | }
      | ^
D:/richard/dev_2025/a3sk_revA/sdcard/software/nios_app/glue.c: In function 'RAM_disk_write':
D:/richard/dev_2025/a3sk_revA/sdcard/software/nios_app/glue.c:143:1: warning: control reaches end of non-void function [-Wreturn-type]
  143 | }
      | ^
D:/richard/dev_2025/a3sk_revA/sdcard/software/nios_app/glue.c: In function 'USB_disk_status':
D:/richard/dev_2025/a3sk_revA/sdcard/software/nios_app/glue.c:148:1: warning: control reaches end of non-void function [-Wreturn-type]
  148 | }
      | ^
D:/richard/dev_2025/a3sk_revA/sdcard/software/nios_app/glue.c: In function 'USB_disk_initialize':
D:/richard/dev_2025/a3sk_revA/sdcard/software/nios_app/glue.c:152:1: warning: control reaches end of non-void function [-Wreturn-type]
  152 | }
      | ^
D:/richard/dev_2025/a3sk_revA/sdcard/software/nios_app/glue.c: In function 'USB_disk_read':
D:/richard/dev_2025/a3sk_revA/sdcard/software/nios_app/glue.c:160:1: warning: control reaches end of non-void function [-Wreturn-type]
  160 | }
      | ^
D:/richard/dev_2025/a3sk_revA/sdcard/software/nios_app/glue.c: In function 'USB_disk_write':
D:/richard/dev_2025/a3sk_revA/sdcard/software/nios_app/glue.c:168:1: warning: control reaches end of non-void function [-Wreturn-type]
  168 | }
      | ^
D:/richard/dev_2025/a3sk_revA/sdcard/software/nios_app/terasic_sdcard/sd_protocol.c: In function 'SD_CMD9':
D:/richard/dev_2025/a3sk_revA/sdcard/software/nios_app/terasic_sdcard/sd_protocol.c:616:12: warning: 'nCopyLen' may be used uninitialized [-Wmaybe-uninitialized]
  616 |         if (nCopyLen > 16)
      |            ^
D:/richard/dev_2025/a3sk_revA/sdcard/software/nios_app/terasic_sdcard/sd_protocol.c:615:13: note: 'nCopyLen' was declared here
  615 |         int nCopyLen, x;
      |             ^~~~~~~~
D:/richard/dev_2025/a3sk_revA/sdcard/software/nios_app/terasic_sdcard/sd_protocol.c: In function 'SD_CMD10':
D:/richard/dev_2025/a3sk_revA/sdcard/software/nios_app/terasic_sdcard/sd_protocol.c:679:12: warning: 'nCopyLen' may be used uninitialized [-Wmaybe-uninitialized]
  679 |         if (nCopyLen > 16)
      |            ^
D:/richard/dev_2025/a3sk_revA/sdcard/software/nios_app/terasic_sdcard/sd_protocol.c:678:13: note: 'nCopyLen' was declared here
  678 |         int nCopyLen, x;
      |             ^~~~~~~~
[ 98%] Linking C executable nios_app.elf
[ 98%] Built target nios_app.elf
[100%] Reporting memory available for stack + heap in nios_app.elf.
[ 99%] Creating nios_app.elf.objdump.
[100%] Creating intel_onchip_memory.hex.
process_begin: CreateProcess(NULL, niosv-stack-report -p riscv32-unknown-elf- nios_app.elf, ...) failed.
make (e=2): The system cannot find the file specified.
make[2]: *** [CMakeFiles/niosv-stack-report.dir/build.make:73: nios_app.elf.stack_report] Error 2
make[1]: *** [CMakeFiles/Makefile2:180: CMakeFiles/niosv-stack-report.dir/all] Error 2
make[1]: *** Waiting for unfinished jobs....
process_begin: CreateProcess(NULL, elf2hex nios_app.elf -o intel_onchip_memory.hex -b 0x00000000 -w 32 -e 0x0007CFFF -r 4, ...) failed.
make (e=2): The system cannot find the file specified.
make[2]: *** [CMakeFiles/create-hex.dir/build.make:73: intel_onchip_memory.hex] Error 2
make[1]: *** [CMakeFiles/Makefile2:211: CMakeFiles/create-hex.dir/all] Error 2
[100%] Built target create-objdump
make: *** [Makefile:91: all] Error 2
"C:/altera_pro/25.1/riscfree/build_tools/bin/make.exe -j all" terminated with exit code 2. Build might be incomplete.
01:03:52 **** Incremental Build of configuration Debug for project nios_app ****
"C:\\altera_pro\\25.1\\riscfree\\build_tools\\bin\\make.exe" -j all 
[ 86%] Built target hal2_bsp
[ 87%] Building C object CMakeFiles/nios_app.elf.dir/main.c.obj
[ 88%] Linking C executable nios_app.elf
[ 98%] Built target nios_app.elf
[ 99%] Creating nios_app.elf.objdump.
[100%] Reporting memory available for stack + heap in nios_app.elf.
process_begin: CreateProcess(NULL, niosv-stack-report -p riscv32-unknown-elf- nios_app.elf, ...) failed.
make (e=2): The system cannot find the file specified.
make[2]: *** [CMakeFiles/niosv-stack-report.dir/build.make:73: nios_app.elf.stack_report] Error 2
make[1]: *** [CMakeFiles/Makefile2:180: CMakeFiles/niosv-stack-report.dir/all] Error 2
make[1]: *** Waiting for unfinished jobs....
[100%] Creating intel_onchip_memory.hex.
process_begin: CreateProcess(NULL, elf2hex nios_app.elf -o intel_onchip_memory.hex -b 0x00000000 -w 32 -e 0x0007CFFF -r 4, ...) failed.
make (e=2): The system cannot find the file specified.
make[2]: *** [CMakeFiles/create-hex.dir/build.make:73: intel_onchip_memory.hex] Error 2
make[1]: *** [CMakeFiles/Makefile2:211: CMakeFiles/create-hex.dir/all] Error 2
[100%] Built target create-objdump
make: *** [Makefile:91: all] Error 2
"C:/altera_pro/25.1/riscfree/build_tools/bin/make.exe -j all" terminated with exit code 2. Build might be incomplete.
01:23:33 **** Incremental Build of configuration Debug for project nios_app ****
"C:\\altera_pro\\25.1\\riscfree\\build_tools\\bin\\make.exe" -j all 
[ 86%] Built target hal2_bsp
[ 87%] Building C object CMakeFiles/nios_app.elf.dir/terasic_sdcard/sd_lib.c.obj
[ 88%] Building C object CMakeFiles/nios_app.elf.dir/terasic_sdcard/sd_protocol.c.obj
D:/richard/dev_2025/a3sk_revA/sdcard/software/nios_app/terasic_sdcard/sd_lib.c: In function 'SDLIB_WriteBlock512':
D:/richard/dev_2025/a3sk_revA/sdcard/software/nios_app/terasic_sdcard/sd_lib.c:331:32: warning: passing argument 1 of 'SD_WriteData512' discards 'const' qualifier from pointer target type [-Wdiscarded-qualifiers]
  331 |     bSuccess = SD_WriteData512(szDataWrite);  // Write 512 bytes
      |                                ^~~~~~~~~~~
In file included from D:/richard/dev_2025/a3sk_revA/sdcard/software/nios_app/terasic_sdcard/sd_lib.c:45:
D:/richard/dev_2025/a3sk_revA/sdcard/software/nios_app/terasic_sdcard/sd_protocol.h:61:29: note: expected 'alt_u8 *' {aka 'unsigned char *'} but argument is of type 'const alt_u8 *' {aka 'const unsigned char *'}
   61 | bool SD_WriteData512(alt_u8 szDataWrite[]);
      |                      ~~~~~~~^~~~~~~~~~~~~
D:/richard/dev_2025/a3sk_revA/sdcard/software/nios_app/terasic_sdcard/sd_protocol.c: In function 'SD_CMD9':
D:/richard/dev_2025/a3sk_revA/sdcard/software/nios_app/terasic_sdcard/sd_protocol.c:616:12: warning: 'nCopyLen' may be used uninitialized [-Wmaybe-uninitialized]
  616 |         if (nCopyLen > 16)
      |            ^
D:/richard/dev_2025/a3sk_revA/sdcard/software/nios_app/terasic_sdcard/sd_protocol.c:615:13: note: 'nCopyLen' was declared here
  615 |         int nCopyLen, x;
      |             ^~~~~~~~
D:/richard/dev_2025/a3sk_revA/sdcard/software/nios_app/terasic_sdcard/sd_protocol.c: In function 'SD_CMD10':
D:/richard/dev_2025/a3sk_revA/sdcard/software/nios_app/terasic_sdcard/sd_protocol.c:679:12: warning: 'nCopyLen' may be used uninitialized [-Wmaybe-uninitialized]
  679 |         if (nCopyLen > 16)
      |            ^
D:/richard/dev_2025/a3sk_revA/sdcard/software/nios_app/terasic_sdcard/sd_protocol.c:678:13: note: 'nCopyLen' was declared here
  678 |         int nCopyLen, x;
      |             ^~~~~~~~
[ 89%] Linking C executable nios_app.elf
[ 98%] Built target nios_app.elf
[100%] Creating nios_app.elf.objdump.
[100%] Creating intel_onchip_memory.hex.
[ 99%] Reporting memory available for stack + heap in nios_app.elf.
process_begin: CreateProcess(NULL, niosv-stack-report -p riscv32-unknown-elf- nios_app.elf, ...) failed.
make (e=2): The system cannot find the file specified.
make[2]: *** [CMakeFiles/niosv-stack-report.dir/build.make:73: nios_app.elf.stack_report] Error 2
make[1]: *** [CMakeFiles/Makefile2:180: CMakeFiles/niosv-stack-report.dir/all] Error 2
make[1]: *** Waiting for unfinished jobs....
process_begin: CreateProcess(NULL, elf2hex nios_app.elf -o intel_onchip_memory.hex -b 0x00000000 -w 32 -e 0x0007CFFF -r 4, ...) failed.
make (e=2): The system cannot find the file specified.
make[2]: *** [CMakeFiles/create-hex.dir/build.make:73: intel_onchip_memory.hex] Error 2
make[1]: *** [CMakeFiles/Makefile2:211: CMakeFiles/create-hex.dir/all] Error 2
[100%] Built target create-objdump
make: *** [Makefile:91: all] Error 2
"C:/altera_pro/25.1/riscfree/build_tools/bin/make.exe -j all" terminated with exit code 2. Build might be incomplete.
01:30:12 **** Clean-only build of configuration Debug for project nios_app ****
"C:\\altera_pro\\25.1\\riscfree\\build_tools\\bin\\make.exe" -j clean 
01:30:37 **** Build of configuration Debug for project nios_app ****
"C:\\altera_pro\\25.1\\riscfree\\build_tools\\bin\\make.exe" -j all 
-- Configuring done (0.0s)
-- Generating done (0.1s)
-- Build files have been written to: D:/richard/dev_2025/a3sk_revA/sdcard/software/nios_app/build/Debug
[  1%] Building ASM object nios_bsp/CMakeFiles/hal2_bsp.dir/HAL/src/alt_vic_vector_table.S.obj
[  3%] Building C object nios_bsp/CMakeFiles/hal2_bsp.dir/HAL/src/alt_alarm_start.c.obj
[  2%] Building ASM object nios_bsp/CMakeFiles/hal2_bsp.dir/HAL/src/crt0.S.obj
[  6%] Building C object nios_bsp/CMakeFiles/hal2_bsp.dir/HAL/src/alt_busy_sleep.c.obj
[  6%] Building ASM object nios_bsp/CMakeFiles/hal2_bsp.dir/HAL/src/alt_ecc_exception_entry.S.obj
[  8%] Building ASM object nios_bsp/CMakeFiles/hal2_bsp.dir/HAL/src/machine_trap.S.obj
[  4%] Building ASM object nios_bsp/CMakeFiles/hal2_bsp.dir/HAL/src/alt_log_macro.S.obj
[  5%] Building ASM object nios_bsp/CMakeFiles/hal2_bsp.dir/HAL/src/alt_mcount.S.obj
[ 12%] Building C object nios_bsp/CMakeFiles/hal2_bsp.dir/HAL/src/alt_dma_txchan_open.c.obj
[ 11%] Building C object nios_bsp/CMakeFiles/hal2_bsp.dir/HAL/src/alt_dcache_flush.c.obj
[ 15%] Building C object nios_bsp/CMakeFiles/hal2_bsp.dir/HAL/src/alt_dev_llist_insert.c.obj
[  7%] Building C object nios_bsp/CMakeFiles/hal2_bsp.dir/HAL/src/alt_dcache_flush_all.c.obj
[  9%] Building C object nios_bsp/CMakeFiles/hal2_bsp.dir/HAL/src/alt_close.c.obj
[ 10%] Building C object nios_bsp/CMakeFiles/hal2_bsp.dir/HAL/src/alt_dma_rxchan_open.c.obj
[ 13%] Building C object nios_bsp/CMakeFiles/hal2_bsp.dir/HAL/src/alt_dcache_flush_no_writeback.c.obj
[ 16%] Building C object nios_bsp/CMakeFiles/hal2_bsp.dir/HAL/src/alt_ecc_exception.c.obj
[ 14%] Building C object nios_bsp/CMakeFiles/hal2_bsp.dir/HAL/src/alt_dev.c.obj
[ 17%] Building C object nios_bsp/CMakeFiles/hal2_bsp.dir/HAL/src/alt_ecc_error_inject.c.obj
[ 20%] Building C object nios_bsp/CMakeFiles/hal2_bsp.dir/HAL/src/alt_errno.c.obj
[ 18%] Building C object nios_bsp/CMakeFiles/hal2_bsp.dir/HAL/src/alt_execve.c.obj
[ 18%] Building C object nios_bsp/CMakeFiles/hal2_bsp.dir/HAL/src/alt_do_ctors.c.obj
[ 22%] Building C object nios_bsp/CMakeFiles/hal2_bsp.dir/HAL/src/alt_find_dev.c.obj
[ 23%] Building C object nios_bsp/CMakeFiles/hal2_bsp.dir/HAL/src/alt_fd_unlock.c.obj
[ 25%] Building C object nios_bsp/CMakeFiles/hal2_bsp.dir/HAL/src/alt_getchar.c.obj
[ 24%] Building C object nios_bsp/CMakeFiles/hal2_bsp.dir/HAL/src/alt_environ.c.obj
[ 26%] Building C object nios_bsp/CMakeFiles/hal2_bsp.dir/HAL/src/alt_fcntl.c.obj
[ 19%] Building C object nios_bsp/CMakeFiles/hal2_bsp.dir/HAL/src/alt_do_dtors.c.obj
[ 25%] Building C object nios_bsp/CMakeFiles/hal2_bsp.dir/HAL/src/alt_fstat.c.obj
[ 21%] Building C object nios_bsp/CMakeFiles/hal2_bsp.dir/HAL/src/alt_env_lock.c.obj
[ 27%] Building C object nios_bsp/CMakeFiles/hal2_bsp.dir/HAL/src/alt_exit.c.obj
[ 28%] Building C object nios_bsp/CMakeFiles/hal2_bsp.dir/HAL/src/alt_fork.c.obj
[ 30%] Building C object nios_bsp/CMakeFiles/hal2_bsp.dir/HAL/src/alt_fs_reg.c.obj
[ 31%] Building C object nios_bsp/CMakeFiles/hal2_bsp.dir/HAL/src/alt_find_file.c.obj
[ 32%] Building C object nios_bsp/CMakeFiles/hal2_bsp.dir/HAL/src/alt_get_fd.c.obj
[ 29%] Building C object nios_bsp/CMakeFiles/hal2_bsp.dir/HAL/src/alt_flash_dev.c.obj
[ 33%] Building C object nios_bsp/CMakeFiles/hal2_bsp.dir/HAL/src/alt_getpid.c.obj
[ 33%] Building C object nios_bsp/CMakeFiles/hal2_bsp.dir/HAL/src/alt_fd_lock.c.obj
[ 34%] Building C object nios_bsp/CMakeFiles/hal2_bsp.dir/HAL/src/alt_gettod.c.obj
[ 35%] Building C object nios_bsp/CMakeFiles/hal2_bsp.dir/HAL/src/alt_gmon.c.obj
[ 36%] Building C object nios_bsp/CMakeFiles/hal2_bsp.dir/HAL/src/alt_icache_flush.c.obj
[ 37%] Building C object nios_bsp/CMakeFiles/hal2_bsp.dir/HAL/src/alt_icache_flush_all.c.obj
[ 38%] Building C object nios_bsp/CMakeFiles/hal2_bsp.dir/HAL/src/alt_iic.c.obj
[ 40%] Building C object nios_bsp/CMakeFiles/hal2_bsp.dir/HAL/src/alt_iic_isr_register.c.obj
[ 41%] Building C object nios_bsp/CMakeFiles/hal2_bsp.dir/HAL/src/alt_isatty.c.obj
[ 39%] Building C object nios_bsp/CMakeFiles/hal2_bsp.dir/HAL/src/alt_ioctl.c.obj
[ 42%] Building C object nios_bsp/CMakeFiles/hal2_bsp.dir/HAL/src/alt_irq_handler.c.obj
[ 40%] Building C object nios_bsp/CMakeFiles/hal2_bsp.dir/HAL/src/alt_io_redirect.c.obj
[ 43%] Building C object nios_bsp/CMakeFiles/hal2_bsp.dir/HAL/src/alt_kill.c.obj
[ 44%] Building C object nios_bsp/CMakeFiles/hal2_bsp.dir/HAL/src/alt_link.c.obj
[ 45%] Building C object nios_bsp/CMakeFiles/hal2_bsp.dir/HAL/src/alt_instruction_exception_register.c.obj
[ 46%] Building C object nios_bsp/CMakeFiles/hal2_bsp.dir/HAL/src/alt_load.c.obj
[ 47%] Building C object nios_bsp/CMakeFiles/hal2_bsp.dir/HAL/src/alt_lseek.c.obj
[ 48%] Building C object nios_bsp/CMakeFiles/hal2_bsp.dir/HAL/src/alt_malloc_lock.c.obj
[ 49%] Building C object nios_bsp/CMakeFiles/hal2_bsp.dir/HAL/src/alt_main.c.obj
[ 48%] Building C object nios_bsp/CMakeFiles/hal2_bsp.dir/HAL/src/alt_log_printf.c.obj
[ 50%] Building C object nios_bsp/CMakeFiles/hal2_bsp.dir/HAL/src/alt_open.c.obj
[ 51%] Building C object nios_bsp/CMakeFiles/hal2_bsp.dir/HAL/src/alt_printf.c.obj
[ 52%] Building C object nios_bsp/CMakeFiles/hal2_bsp.dir/HAL/src/alt_putchar.c.obj
[ 53%] Building C object nios_bsp/CMakeFiles/hal2_bsp.dir/HAL/src/alt_release_fd.c.obj
[ 56%] Building C object nios_bsp/CMakeFiles/hal2_bsp.dir/HAL/src/alt_remap_cached.c.obj
[ 54%] Building C object nios_bsp/CMakeFiles/hal2_bsp.dir/HAL/src/alt_putstr.c.obj
[ 55%] Building C object nios_bsp/CMakeFiles/hal2_bsp.dir/HAL/src/alt_read.c.obj
[ 57%] Building C object nios_bsp/CMakeFiles/hal2_bsp.dir/HAL/src/alt_putcharbuf.c.obj
[ 58%] Building C object nios_bsp/CMakeFiles/hal2_bsp.dir/HAL/src/alt_settod.c.obj
[ 61%] Building C object nios_bsp/CMakeFiles/hal2_bsp.dir/HAL/src/alt_tick.c.obj
[ 61%] Building C object nios_bsp/CMakeFiles/hal2_bsp.dir/HAL/src/alt_remap_uncached.c.obj
[ 59%] Building C object nios_bsp/CMakeFiles/hal2_bsp.dir/HAL/src/alt_stat.c.obj
[ 60%] Building C object nios_bsp/CMakeFiles/hal2_bsp.dir/HAL/src/alt_times.c.obj
[ 62%] Building C object nios_bsp/CMakeFiles/hal2_bsp.dir/HAL/src/alt_rename.c.obj
[ 65%] Building C object nios_bsp/CMakeFiles/hal2_bsp.dir/HAL/src/alt_uncached_free.c.obj
[ 63%] Building C object nios_bsp/CMakeFiles/hal2_bsp.dir/HAL/src/alt_tls.c.obj
[ 64%] Building C object nios_bsp/CMakeFiles/hal2_bsp.dir/HAL/src/alt_sbrk.c.obj
[ 66%] Building C object nios_bsp/CMakeFiles/hal2_bsp.dir/HAL/src/alt_uncached_malloc.c.obj
[ 66%] Building C object nios_bsp/CMakeFiles/hal2_bsp.dir/HAL/src/alt_usleep.c.obj
[ 67%] Building C object nios_bsp/CMakeFiles/hal2_bsp.dir/HAL/src/alt_unlink.c.obj
[ 68%] Building C object nios_bsp/CMakeFiles/hal2_bsp.dir/HAL/src/alt_vic_isr_wrapper.c.obj
[ 69%] Building C object nios_bsp/CMakeFiles/hal2_bsp.dir/HAL/src/alt_wait.c.obj
[ 70%] Building C object nios_bsp/CMakeFiles/hal2_bsp.dir/HAL/src/alt_write.c.obj
[ 71%] Building C object nios_bsp/CMakeFiles/hal2_bsp.dir/HAL/src/intel_fpga_api_cmn_dfl.c.obj
[ 71%] Building C object nios_bsp/CMakeFiles/hal2_bsp.dir/HAL/src/intel_fpga_platform_api_niosv.c.obj
[ 75%] Building C object nios_bsp/CMakeFiles/hal2_bsp.dir/HAL/src/intel_niosv_irq.c.obj
[ 74%] Building C object nios_bsp/CMakeFiles/hal2_bsp.dir/HAL/src/mtimer.c.obj
[ 74%] Building C object nios_bsp/CMakeFiles/hal2_bsp.dir/HAL/src/intel_fpga_api_niosv.c.obj
[ 76%] Building C object nios_bsp/CMakeFiles/hal2_bsp.dir/HAL/src/intel_fpga_api_cmn_msg.c.obj
[ 72%] Building C object nios_bsp/CMakeFiles/hal2_bsp.dir/HAL/src/intel_fpga_api_cmn_inf.c.obj
[ 78%] Building C object nios_bsp/CMakeFiles/hal2_bsp.dir/drivers/src/altera_avalon_jtag_uart_init.c.obj
[ 81%] Building C object nios_bsp/CMakeFiles/hal2_bsp.dir/drivers/src/altera_avalon_jtag_uart_write.c.obj
[ 80%] Building C object nios_bsp/CMakeFiles/hal2_bsp.dir/drivers/src/altera_avalon_jtag_uart_read.c.obj
[ 79%] Building C object nios_bsp/CMakeFiles/hal2_bsp.dir/alt_sys_init.c.obj
[ 82%] Building C object nios_bsp/CMakeFiles/hal2_bsp.dir/drivers/src/altera_avalon_jtag_uart_fd.c.obj
[ 77%] Building C object nios_bsp/CMakeFiles/hal2_bsp.dir/drivers/src/altera_avalon_timer_ts.c.obj
[ 83%] Building C object nios_bsp/CMakeFiles/hal2_bsp.dir/drivers/src/altera_avalon_sysid_qsys.c.obj
[ 83%] Building C object nios_bsp/CMakeFiles/hal2_bsp.dir/drivers/src/altera_avalon_jtag_uart_ioctl.c.obj
[ 84%] Building C object nios_bsp/CMakeFiles/hal2_bsp.dir/drivers/src/altera_avalon_timer_sc.c.obj
[ 85%] Building C object nios_bsp/CMakeFiles/hal2_bsp.dir/drivers/src/altera_avalon_timer_vars.c.obj
[ 86%] Linking C static library libhal2_bsp.a
[ 86%] Built target hal2_bsp
[ 87%] Building C object CMakeFiles/nios_app.elf.dir/diskio.c.obj
[ 88%] Building C object CMakeFiles/nios_app.elf.dir/main.c.obj
[ 89%] Building C object CMakeFiles/nios_app.elf.dir/ffsystem.c.obj
[ 90%] Building C object CMakeFiles/nios_app.elf.dir/ffunicode.c.obj
D:/richard/dev_2025/a3sk_revA/sdcard/software/nios_app/diskio.c: In function 'disk_ioctl':
D:/richard/dev_2025/a3sk_revA/sdcard/software/nios_app/diskio.c:216:13: warning: unused variable 'result' [-Wunused-variable]
[ 91%] Building C object CMakeFiles/nios_app.elf.dir/glue.c.obj
  216 |         int result;
      |             ^~~~~~
D:/richard/dev_2025/a3sk_revA/sdcard/software/nios_app/diskio.c: In function 'disk_status':
D:/richard/dev_2025/a3sk_revA/sdcard/software/nios_app/diskio.c:43:24: warning: 'stat' may be used uninitialized [-Wmaybe-uninitialized]
   43 |                 return stat;
      |                        ^~~~
D:/richard/dev_2025/a3sk_revA/sdcard/software/nios_app/diskio.c:34:17: note: 'stat' was declared here
   34 |         DSTATUS stat;
      |                 ^~~~
D:/richard/dev_2025/a3sk_revA/sdcard/software/nios_app/diskio.c: In function 'disk_read':
D:/richard/dev_2025/a3sk_revA/sdcard/software/nios_app/diskio.c:126:24: warning: 'res' may be used uninitialized [-Wmaybe-uninitialized]
  126 |                 return res;
      |                        ^~~
D:/richard/dev_2025/a3sk_revA/sdcard/software/nios_app/diskio.c:115:17: note: 'res' was declared here
  115 |         DRESULT res;
      |                 ^~~
D:/richard/dev_2025/a3sk_revA/sdcard/software/nios_app/diskio.c: In function 'disk_write':
D:/richard/dev_2025/a3sk_revA/sdcard/software/nios_app/diskio.c:177:24: warning: 'res' may be used uninitialized [-Wmaybe-uninitialized]
  177 |                 return res;
      |                        ^~~
D:/richard/dev_2025/a3sk_revA/sdcard/software/nios_app/diskio.c:166:17: note: 'res' was declared here
  166 |         DRESULT res;
      |                 ^~~
D:/richard/dev_2025/a3sk_revA/sdcard/software/nios_app/diskio.c: In function 'disk_ioctl':
D:/richard/dev_2025/a3sk_revA/sdcard/software/nios_app/diskio.c:223:24: warning: 'res' may be used uninitialized [-Wmaybe-uninitialized]
  223 |                 return res;
      |                        ^~~
D:/richard/dev_2025/a3sk_revA/sdcard/software/nios_app/diskio.c:215:17: note: 'res' was declared here
  215 |         DRESULT res;
      |                 ^~~
[ 90%] Building C object CMakeFiles/nios_app.elf.dir/ff.c.obj
[ 92%] Building C object CMakeFiles/nios_app.elf.dir/terasic_sdcard/crc16.c.obj
[ 94%] Building C object CMakeFiles/nios_app.elf.dir/terasic_sdcard/crc7.c.obj
[ 93%] Building C object CMakeFiles/nios_app.elf.dir/terasic_lib/debug.c.obj
[ 95%] Building C object CMakeFiles/nios_app.elf.dir/terasic_sdcard/sd_hal.c.obj
[ 97%] Building C object CMakeFiles/nios_app.elf.dir/terasic_sdcard/sd_protocol.c.obj
[ 97%] Building C object CMakeFiles/nios_app.elf.dir/terasic_sdcard/sd_lib.c.obj
D:/richard/dev_2025/a3sk_revA/sdcard/software/nios_app/glue.c: In function 'RAM_disk_status':
D:/richard/dev_2025/a3sk_revA/sdcard/software/nios_app/terasic_lib/debug.c: In function 'debug_output':
D:/richard/dev_2025/a3sk_revA/sdcard/software/nios_app/glue.c:123:1: warning: control reaches end of non-void function [-Wreturn-type]
  123 | }
      | ^
D:/richard/dev_2025/a3sk_revA/sdcard/software/nios_app/terasic_lib/debug.c:55:5: warning: format not a string literal and no format arguments [-Wformat-security]
   55 |     printf(pMessage);
      |     ^~~~~~
D:/richard/dev_2025/a3sk_revA/sdcard/software/nios_app/terasic_lib/debug.c: In function 'myprintf_hexarray':
D:/richard/dev_2025/a3sk_revA/sdcard/software/nios_app/terasic_lib/debug.c:83:17: warning: pointer targets in passing argument 1 of 'sprintf' differ in signedness [-Wpointer-sign]
   83 |         sprintf(szText, "[%02X]", *(pHex+i));
      |                 ^~~~~~
      |                 |
      |                 unsigned char *
In file included from D:/richard/dev_2025/a3sk_revA/sdcard/software/nios_app/terasic_lib/debug.c:33:
C:/altera_pro/25.1/riscfree/toolchain/riscv32-unknown-elf/riscv32-unknown-elf/include/stdio.h:250:18: note: expected 'char * restrict' but argument is of type 'unsigned char *'
  250 | int     sprintf (char *__restrict, const char *__restrict, ...)
      |                  ^
In file included from D:/richard/dev_2025/a3sk_revA/sdcard/software/nios_app/terasic_lib/terasic_includes.h:53,
                 from D:/richard/dev_2025/a3sk_revA/sdcard/software/nios_app/terasic_lib/debug.c:35:
D:/richard/dev_2025/a3sk_revA/sdcard/software/nios_app/terasic_lib/debug.c:84:16: warning: pointer targets in passing argument 1 of 'myprintf' differ in signedness [-Wpointer-sign]
   84 |         DEBUG((szText));
      |                ^~~~~~
      |                |
      |                unsigned char *
D:/richard/dev_2025/a3sk_revA/sdcard/software/nios_app/terasic_lib/debug.h:72:46: note: in definition of macro 'DEBUG'
   72 |     #define DEBUG(x)               {myprintf x;}  // standard in/out, specifed in project (it could be uart, jtag, or lcd)
      |                                              ^
D:/richard/dev_2025/a3sk_revA/sdcard/software/nios_app/terasic_lib/debug.c:64:20: note: expected 'char *' but argument is of type 'unsigned char *'
   64 | int myprintf(char *format, ...){
      |              ~~~~~~^~~~~~
D:/richard/dev_2025/a3sk_revA/sdcard/software/nios_app/glue.c: In function 'RAM_disk_initialize':
D:/richard/dev_2025/a3sk_revA/sdcard/software/nios_app/glue.c:127:1: warning: control reaches end of non-void function [-Wreturn-type]
  127 | }
      | ^
D:/richard/dev_2025/a3sk_revA/sdcard/software/nios_app/glue.c: In function 'RAM_disk_read':
D:/richard/dev_2025/a3sk_revA/sdcard/software/nios_app/glue.c:135:1: warning: control reaches end of non-void function [-Wreturn-type]
  135 | }
      | ^
D:/richard/dev_2025/a3sk_revA/sdcard/software/nios_app/glue.c: In function 'RAM_disk_write':
D:/richard/dev_2025/a3sk_revA/sdcard/software/nios_app/glue.c:143:1: warning: control reaches end of non-void function [-Wreturn-type]
  143 | }
      | ^
D:/richard/dev_2025/a3sk_revA/sdcard/software/nios_app/glue.c: In function 'USB_disk_status':
D:/richard/dev_2025/a3sk_revA/sdcard/software/nios_app/glue.c:148:1: warning: control reaches end of non-void function [-Wreturn-type]
  148 | }
      | ^
D:/richard/dev_2025/a3sk_revA/sdcard/software/nios_app/glue.c: In function 'USB_disk_initialize':
D:/richard/dev_2025/a3sk_revA/sdcard/software/nios_app/glue.c:152:1: warning: control reaches end of non-void function [-Wreturn-type]
  152 | }
      | ^
D:/richard/dev_2025/a3sk_revA/sdcard/software/nios_app/glue.c: In function 'USB_disk_read':
D:/richard/dev_2025/a3sk_revA/sdcard/software/nios_app/glue.c:160:1: warning: control reaches end of non-void function [-Wreturn-type]
  160 | }
      | ^
D:/richard/dev_2025/a3sk_revA/sdcard/software/nios_app/glue.c: In function 'USB_disk_write':
D:/richard/dev_2025/a3sk_revA/sdcard/software/nios_app/glue.c:168:1: warning: control reaches end of non-void function [-Wreturn-type]
  168 | }
      | ^
D:/richard/dev_2025/a3sk_revA/sdcard/software/nios_app/terasic_sdcard/sd_hal.c: In function 'SDHAL_ReadData512':
D:/richard/dev_2025/a3sk_revA/sdcard/software/nios_app/terasic_sdcard/sd_hal.c:203:12: warning: unused variable 'k' [-Wunused-variable]
  203 |     int i, k=0;
      |            ^
D:/richard/dev_2025/a3sk_revA/sdcard/software/nios_app/terasic_sdcard/sd_protocol.c: In function 'SD_CMD9':
D:/richard/dev_2025/a3sk_revA/sdcard/software/nios_app/terasic_sdcard/sd_protocol.c:616:12: warning: 'nCopyLen' may be used uninitialized [-Wmaybe-uninitialized]
  616 |         if (nCopyLen > 16)
      |            ^
D:/richard/dev_2025/a3sk_revA/sdcard/software/nios_app/terasic_sdcard/sd_protocol.c:615:13: note: 'nCopyLen' was declared here
  615 |         int nCopyLen, x;
      |             ^~~~~~~~
D:/richard/dev_2025/a3sk_revA/sdcard/software/nios_app/terasic_sdcard/sd_protocol.c: In function 'SD_CMD10':
D:/richard/dev_2025/a3sk_revA/sdcard/software/nios_app/terasic_sdcard/sd_protocol.c:679:12: warning: 'nCopyLen' may be used uninitialized [-Wmaybe-uninitialized]
  679 |         if (nCopyLen > 16)
      |            ^
D:/richard/dev_2025/a3sk_revA/sdcard/software/nios_app/terasic_sdcard/sd_protocol.c:678:13: note: 'nCopyLen' was declared here
  678 |         int nCopyLen, x;
      |             ^~~~~~~~
D:/richard/dev_2025/a3sk_revA/sdcard/software/nios_app/terasic_sdcard/sd_lib.c: In function 'SDLIB_WriteBlock512':
D:/richard/dev_2025/a3sk_revA/sdcard/software/nios_app/terasic_sdcard/sd_lib.c:331:32: warning: passing argument 1 of 'SD_WriteData512' discards 'const' qualifier from pointer target type [-Wdiscarded-qualifiers]
  331 |     bSuccess = SD_WriteData512(szDataWrite);  // Write 512 bytes
      |                                ^~~~~~~~~~~
In file included from D:/richard/dev_2025/a3sk_revA/sdcard/software/nios_app/terasic_sdcard/sd_lib.c:45:
D:/richard/dev_2025/a3sk_revA/sdcard/software/nios_app/terasic_sdcard/sd_protocol.h:61:29: note: expected 'alt_u8 *' {aka 'unsigned char *'} but argument is of type 'const alt_u8 *' {aka 'const unsigned char *'}
   61 | bool SD_WriteData512(alt_u8 szDataWrite[]);
      |                      ~~~~~~~^~~~~~~~~~~~~
[ 98%] Linking C executable nios_app.elf
[ 98%] Built target nios_app.elf
[ 99%] Reporting memory available for stack + heap in nios_app.elf.
process_begin: CreateProcess(NULL, niosv-stack-report -p riscv32-unknown-elf- nios_app.elf, ...) failed.
make (e=2): The system cannot find the file specified.
make[2]: *** [CMakeFiles/niosv-stack-report.dir/build.make:73: nios_app.elf.stack_report] Error 2
make[1]: *** [CMakeFiles/Makefile2:180: CMakeFiles/niosv-stack-report.dir/all] Error 2
make[1]: *** Waiting for unfinished jobs....
[ 99%] Creating intel_onchip_memory.hex.
process_begin: CreateProcess(NULL, elf2hex nios_app.elf -o intel_onchip_memory.hex -b 0x00000000 -w 32 -e 0x0007CFFF -r 4, ...) failed.
make (e=2): The system cannot find the file specified.
make[2]: *** [CMakeFiles/create-hex.dir/build.make:73: intel_onchip_memory.hex] Error 2
make[1]: *** [CMakeFiles/Makefile2:211: CMakeFiles/create-hex.dir/all] Error 2
[100%] Creating nios_app.elf.objdump.
[100%] Built target create-objdump
make: *** [Makefile:91: all] Error 2
"C:/altera_pro/25.1/riscfree/build_tools/bin/make.exe -j all" terminated with exit code 2. Build might be incomplete.
01:38:53 **** Incremental Build of configuration Debug for project nios_app ****
"C:\\altera_pro\\25.1\\riscfree\\build_tools\\bin\\make.exe" -j all 
[ 86%] Built target hal2_bsp
[ 87%] Building C object CMakeFiles/nios_app.elf.dir/terasic_sdcard/sd_lib.c.obj
[ 88%] Building C object CMakeFiles/nios_app.elf.dir/terasic_sdcard/sd_protocol.c.obj
D:/richard/dev_2025/a3sk_revA/sdcard/software/nios_app/terasic_sdcard/sd_lib.c: In function 'SDLIB_WriteBlock512':
D:/richard/dev_2025/a3sk_revA/sdcard/software/nios_app/terasic_sdcard/sd_lib.c:331:32: warning: passing argument 1 of 'SD_WriteData512' discards 'const' qualifier from pointer target type [-Wdiscarded-qualifiers]
  331 |     bSuccess = SD_WriteData512(szDataWrite);  // Write 512 bytes
      |                                ^~~~~~~~~~~
In file included from D:/richard/dev_2025/a3sk_revA/sdcard/software/nios_app/terasic_sdcard/sd_lib.c:45:
D:/richard/dev_2025/a3sk_revA/sdcard/software/nios_app/terasic_sdcard/sd_protocol.h:61:29: note: expected 'alt_u8 *' {aka 'unsigned char *'} but argument is of type 'const alt_u8 *' {aka 'const unsigned char *'}
   61 | bool SD_WriteData512(alt_u8 szDataWrite[]);
      |                      ~~~~~~~^~~~~~~~~~~~~
D:/richard/dev_2025/a3sk_revA/sdcard/software/nios_app/terasic_sdcard/sd_protocol.c: In function 'SD_CMD9':
D:/richard/dev_2025/a3sk_revA/sdcard/software/nios_app/terasic_sdcard/sd_protocol.c:616:12: warning: 'nCopyLen' may be used uninitialized [-Wmaybe-uninitialized]
  616 |         if (nCopyLen > 16)
      |            ^
D:/richard/dev_2025/a3sk_revA/sdcard/software/nios_app/terasic_sdcard/sd_protocol.c:615:13: note: 'nCopyLen' was declared here
  615 |         int nCopyLen, x;
      |             ^~~~~~~~
D:/richard/dev_2025/a3sk_revA/sdcard/software/nios_app/terasic_sdcard/sd_protocol.c: In function 'SD_CMD10':
D:/richard/dev_2025/a3sk_revA/sdcard/software/nios_app/terasic_sdcard/sd_protocol.c:679:12: warning: 'nCopyLen' may be used uninitialized [-Wmaybe-uninitialized]
  679 |         if (nCopyLen > 16)
      |            ^
D:/richard/dev_2025/a3sk_revA/sdcard/software/nios_app/terasic_sdcard/sd_protocol.c:678:13: note: 'nCopyLen' was declared here
  678 |         int nCopyLen, x;
      |             ^~~~~~~~
[ 89%] Linking C executable nios_app.elf
[ 98%] Built target nios_app.elf
[100%] Creating nios_app.elf.objdump.
[100%] Creating intel_onchip_memory.hex.
[100%] Reporting memory available for stack + heap in nios_app.elf.
process_begin: CreateProcess(NULL, niosv-stack-report -p riscv32-unknown-elf- nios_app.elf, ...) failed.
make (e=2): The system cannot find the file specified.
make[2]: *** [CMakeFiles/niosv-stack-report.dir/build.make:73: nios_app.elf.stack_report] Error 2
make[1]: *** [CMakeFiles/Makefile2:180: CMakeFiles/niosv-stack-report.dir/all] Error 2
make[1]: *** Waiting for unfinished jobs....
process_begin: CreateProcess(NULL, elf2hex nios_app.elf -o intel_onchip_memory.hex -b 0x00000000 -w 32 -e 0x0007CFFF -r 4, ...) failed.
make (e=2): The system cannot find the file specified.
make[2]: *** [CMakeFiles/create-hex.dir/build.make:73: intel_onchip_memory.hex] Error 2
make[1]: *** [CMakeFiles/Makefile2:211: CMakeFiles/create-hex.dir/all] Error 2
[100%] Built target create-objdump
make: *** [Makefile:91: all] Error 2
"C:/altera_pro/25.1/riscfree/build_tools/bin/make.exe -j all" terminated with exit code 2. Build might be incomplete.
11:33:25 **** Clean-only build of configuration Debug for project nios_app ****
"C:\\altera_pro\\25.1\\riscfree\\build_tools\\bin\\make.exe" -j clean 
11:33:42 **** Build of configuration Debug for project nios_app ****
"C:\\altera_pro\\25.1\\riscfree\\build_tools\\bin\\make.exe" -j all 
[  1%] Building ASM object nios_bsp/CMakeFiles/hal2_bsp.dir/HAL/src/alt_ecc_exception_entry.S.obj
[  2%] Building ASM object nios_bsp/CMakeFiles/hal2_bsp.dir/HAL/src/alt_vic_vector_table.S.obj
[  3%] Building ASM object nios_bsp/CMakeFiles/hal2_bsp.dir/HAL/src/crt0.S.obj
[  5%] Building ASM object nios_bsp/CMakeFiles/hal2_bsp.dir/HAL/src/machine_trap.S.obj
[  6%] Building ASM object nios_bsp/CMakeFiles/hal2_bsp.dir/HAL/src/alt_mcount.S.obj
[  4%] Building ASM object nios_bsp/CMakeFiles/hal2_bsp.dir/HAL/src/alt_log_macro.S.obj
[  8%] Building C object nios_bsp/CMakeFiles/hal2_bsp.dir/HAL/src/alt_alarm_start.c.obj
[  6%] Building C object nios_bsp/CMakeFiles/hal2_bsp.dir/HAL/src/alt_busy_sleep.c.obj
[  7%] Building C object nios_bsp/CMakeFiles/hal2_bsp.dir/HAL/src/alt_dcache_flush.c.obj
[ 10%] Building C object nios_bsp/CMakeFiles/hal2_bsp.dir/HAL/src/alt_dcache_flush_all.c.obj
[  9%] Building C object nios_bsp/CMakeFiles/hal2_bsp.dir/HAL/src/alt_close.c.obj
[ 11%] Building C object nios_bsp/CMakeFiles/hal2_bsp.dir/HAL/src/alt_dev.c.obj
[ 13%] Building C object nios_bsp/CMakeFiles/hal2_bsp.dir/HAL/src/alt_environ.c.obj
[ 14%] Building C object nios_bsp/CMakeFiles/hal2_bsp.dir/HAL/src/alt_dcache_flush_no_writeback.c.obj
[ 15%] Building C object nios_bsp/CMakeFiles/hal2_bsp.dir/HAL/src/alt_dma_txchan_open.c.obj
[ 17%] Building C object nios_bsp/CMakeFiles/hal2_bsp.dir/HAL/src/alt_dma_rxchan_open.c.obj
[ 18%] Building C object nios_bsp/CMakeFiles/hal2_bsp.dir/HAL/src/alt_errno.c.obj
[ 12%] Building C object nios_bsp/CMakeFiles/hal2_bsp.dir/HAL/src/alt_dev_llist_insert.c.obj
[ 16%] Building C object nios_bsp/CMakeFiles/hal2_bsp.dir/HAL/src/alt_env_lock.c.obj
[ 19%] Building C object nios_bsp/CMakeFiles/hal2_bsp.dir/HAL/src/alt_gettod.c.obj
[ 23%] Building C object nios_bsp/CMakeFiles/hal2_bsp.dir/HAL/src/alt_getpid.c.obj
[ 24%] Building C object nios_bsp/CMakeFiles/hal2_bsp.dir/HAL/src/alt_fd_unlock.c.obj
[ 31%] Building C object nios_bsp/CMakeFiles/hal2_bsp.dir/HAL/src/alt_ecc_exception.c.obj
[ 21%] Building C object nios_bsp/CMakeFiles/hal2_bsp.dir/HAL/src/alt_fork.c.obj
[ 22%] Building C object nios_bsp/CMakeFiles/hal2_bsp.dir/HAL/src/alt_do_dtors.c.obj
[ 27%] Building C object nios_bsp/CMakeFiles/hal2_bsp.dir/HAL/src/alt_execve.c.obj
[ 24%] Building C object nios_bsp/CMakeFiles/hal2_bsp.dir/HAL/src/alt_getchar.c.obj
[ 26%] Building C object nios_bsp/CMakeFiles/hal2_bsp.dir/HAL/src/alt_ecc_error_inject.c.obj
[ 34%] Building C object nios_bsp/CMakeFiles/hal2_bsp.dir/HAL/src/alt_get_fd.c.obj
[ 23%] Building C object nios_bsp/CMakeFiles/hal2_bsp.dir/HAL/src/alt_fd_lock.c.obj
[ 20%] Building C object nios_bsp/CMakeFiles/hal2_bsp.dir/HAL/src/alt_exit.c.obj
[ 36%] Building C object nios_bsp/CMakeFiles/hal2_bsp.dir/HAL/src/alt_gmon.c.obj
[ 35%] Building C object nios_bsp/CMakeFiles/hal2_bsp.dir/HAL/src/alt_irq_handler.c.obj
[ 25%] Building C object nios_bsp/CMakeFiles/hal2_bsp.dir/HAL/src/alt_find_dev.c.obj
[ 28%] Building C object nios_bsp/CMakeFiles/hal2_bsp.dir/HAL/src/alt_find_file.c.obj
[ 38%] Building C object nios_bsp/CMakeFiles/hal2_bsp.dir/HAL/src/alt_fcntl.c.obj
[ 31%] Building C object nios_bsp/CMakeFiles/hal2_bsp.dir/HAL/src/alt_flash_dev.c.obj
[ 28%] Building C object nios_bsp/CMakeFiles/hal2_bsp.dir/HAL/src/alt_do_ctors.c.obj
[ 32%] Building C object nios_bsp/CMakeFiles/hal2_bsp.dir/HAL/src/alt_fstat.c.obj
[ 38%] Building C object nios_bsp/CMakeFiles/hal2_bsp.dir/HAL/src/alt_io_redirect.c.obj
[ 30%] Building C object nios_bsp/CMakeFiles/hal2_bsp.dir/HAL/src/alt_fs_reg.c.obj
[ 34%] Building C object nios_bsp/CMakeFiles/hal2_bsp.dir/HAL/src/alt_iic.c.obj
[ 39%] Building C object nios_bsp/CMakeFiles/hal2_bsp.dir/HAL/src/alt_link.c.obj
[ 41%] Building C object nios_bsp/CMakeFiles/hal2_bsp.dir/HAL/src/alt_isatty.c.obj
[ 41%] Building C object nios_bsp/CMakeFiles/hal2_bsp.dir/HAL/src/alt_iic_isr_register.c.obj
[ 37%] Building C object nios_bsp/CMakeFiles/hal2_bsp.dir/HAL/src/alt_icache_flush_all.c.obj
[ 43%] Building C object nios_bsp/CMakeFiles/hal2_bsp.dir/HAL/src/alt_kill.c.obj
[ 42%] Building C object nios_bsp/CMakeFiles/hal2_bsp.dir/HAL/src/alt_instruction_exception_register.c.obj
[ 44%] Building C object nios_bsp/CMakeFiles/hal2_bsp.dir/HAL/src/alt_icache_flush.c.obj
[ 45%] Building C object nios_bsp/CMakeFiles/hal2_bsp.dir/HAL/src/alt_ioctl.c.obj
[ 46%] Building C object nios_bsp/CMakeFiles/hal2_bsp.dir/HAL/src/alt_log_printf.c.obj
[ 47%] Building C object nios_bsp/CMakeFiles/hal2_bsp.dir/HAL/src/alt_load.c.obj
[ 47%] Building C object nios_bsp/CMakeFiles/hal2_bsp.dir/HAL/src/alt_malloc_lock.c.obj
[ 48%] Building C object nios_bsp/CMakeFiles/hal2_bsp.dir/HAL/src/alt_putchar.c.obj
[ 49%] Building C object nios_bsp/CMakeFiles/hal2_bsp.dir/HAL/src/alt_rename.c.obj
[ 50%] Building C object nios_bsp/CMakeFiles/hal2_bsp.dir/HAL/src/alt_putstr.c.obj
[ 51%] Building C object nios_bsp/CMakeFiles/hal2_bsp.dir/HAL/src/alt_tick.c.obj
[ 52%] Building C object nios_bsp/CMakeFiles/hal2_bsp.dir/HAL/src/alt_sbrk.c.obj
[ 53%] Building C object nios_bsp/CMakeFiles/hal2_bsp.dir/HAL/src/alt_read.c.obj
[ 55%] Building C object nios_bsp/CMakeFiles/hal2_bsp.dir/HAL/src/alt_remap_cached.c.obj
[ 54%] Building C object nios_bsp/CMakeFiles/hal2_bsp.dir/HAL/src/alt_putcharbuf.c.obj
[ 56%] Building C object nios_bsp/CMakeFiles/hal2_bsp.dir/HAL/src/alt_printf.c.obj
[ 57%] Building C object nios_bsp/CMakeFiles/hal2_bsp.dir/HAL/src/alt_lseek.c.obj
[ 59%] Building C object nios_bsp/CMakeFiles/hal2_bsp.dir/HAL/src/alt_release_fd.c.obj
[ 58%] Building C object nios_bsp/CMakeFiles/hal2_bsp.dir/HAL/src/alt_open.c.obj
[ 60%] Building C object nios_bsp/CMakeFiles/hal2_bsp.dir/HAL/src/alt_settod.c.obj
[ 61%] Building C object nios_bsp/CMakeFiles/hal2_bsp.dir/HAL/src/alt_stat.c.obj
[ 60%] Building C object nios_bsp/CMakeFiles/hal2_bsp.dir/HAL/src/alt_remap_uncached.c.obj
[ 62%] Building C object nios_bsp/CMakeFiles/hal2_bsp.dir/HAL/src/alt_main.c.obj
[ 63%] Building C object nios_bsp/CMakeFiles/hal2_bsp.dir/HAL/src/alt_times.c.obj
[ 64%] Building C object nios_bsp/CMakeFiles/hal2_bsp.dir/HAL/src/alt_tls.c.obj
[ 65%] Building C object nios_bsp/CMakeFiles/hal2_bsp.dir/HAL/src/alt_uncached_free.c.obj
[ 64%] Building C object nios_bsp/CMakeFiles/hal2_bsp.dir/HAL/src/alt_uncached_malloc.c.obj
[ 66%] Building C object nios_bsp/CMakeFiles/hal2_bsp.dir/HAL/src/alt_unlink.c.obj
[ 67%] Building C object nios_bsp/CMakeFiles/hal2_bsp.dir/HAL/src/alt_usleep.c.obj
[ 68%] Building C object nios_bsp/CMakeFiles/hal2_bsp.dir/HAL/src/alt_vic_isr_wrapper.c.obj
[ 69%] Building C object nios_bsp/CMakeFiles/hal2_bsp.dir/HAL/src/intel_fpga_api_cmn_inf.c.obj
[ 70%] Building C object nios_bsp/CMakeFiles/hal2_bsp.dir/HAL/src/intel_fpga_api_niosv.c.obj
[ 71%] Building C object nios_bsp/CMakeFiles/hal2_bsp.dir/HAL/src/intel_niosv_irq.c.obj
[ 72%] Building C object nios_bsp/CMakeFiles/hal2_bsp.dir/HAL/src/alt_wait.c.obj
[ 74%] Building C object nios_bsp/CMakeFiles/hal2_bsp.dir/drivers/src/altera_avalon_jtag_uart_ioctl.c.obj
[ 73%] Building C object nios_bsp/CMakeFiles/hal2_bsp.dir/drivers/src/altera_avalon_jtag_uart_init.c.obj
[ 75%] Building C object nios_bsp/CMakeFiles/hal2_bsp.dir/drivers/src/altera_avalon_timer_sc.c.obj
[ 76%] Building C object nios_bsp/CMakeFiles/hal2_bsp.dir/drivers/src/altera_avalon_jtag_uart_read.c.obj
[ 77%] Building C object nios_bsp/CMakeFiles/hal2_bsp.dir/alt_sys_init.c.obj
[ 79%] Building C object nios_bsp/CMakeFiles/hal2_bsp.dir/HAL/src/mtimer.c.obj
[ 80%] Building C object nios_bsp/CMakeFiles/hal2_bsp.dir/HAL/src/alt_write.c.obj
[ 82%] Building C object nios_bsp/CMakeFiles/hal2_bsp.dir/drivers/src/altera_avalon_jtag_uart_write.c.obj
[ 78%] Building C object nios_bsp/CMakeFiles/hal2_bsp.dir/HAL/src/intel_fpga_api_cmn_dfl.c.obj
[ 85%] Building C object nios_bsp/CMakeFiles/hal2_bsp.dir/drivers/src/altera_avalon_timer_ts.c.obj
[ 83%] Building C object nios_bsp/CMakeFiles/hal2_bsp.dir/drivers/src/altera_avalon_timer_vars.c.obj
[ 81%] Building C object nios_bsp/CMakeFiles/hal2_bsp.dir/HAL/src/intel_fpga_api_cmn_msg.c.obj
[ 82%] Building C object nios_bsp/CMakeFiles/hal2_bsp.dir/drivers/src/altera_avalon_sysid_qsys.c.obj
[ 84%] Building C object nios_bsp/CMakeFiles/hal2_bsp.dir/HAL/src/intel_fpga_platform_api_niosv.c.obj
[ 84%] Building C object nios_bsp/CMakeFiles/hal2_bsp.dir/drivers/src/altera_avalon_jtag_uart_fd.c.obj
[ 86%] Linking C static library libhal2_bsp.a
[ 86%] Built target hal2_bsp
[ 87%] Building C object CMakeFiles/nios_app.elf.dir/ffsystem.c.obj
[ 89%] Building C object CMakeFiles/nios_app.elf.dir/diskio.c.obj
[ 91%] Building C object CMakeFiles/nios_app.elf.dir/ffunicode.c.obj
[ 91%] Building C object CMakeFiles/nios_app.elf.dir/main.c.obj
[ 90%] Building C object CMakeFiles/nios_app.elf.dir/ff.c.obj
[ 93%] Building C object CMakeFiles/nios_app.elf.dir/terasic_sdcard/crc16.c.obj
[ 88%] Building C object CMakeFiles/nios_app.elf.dir/glue.c.obj
[ 92%] Building C object CMakeFiles/nios_app.elf.dir/terasic_lib/debug.c.obj
[ 94%] Building C object CMakeFiles/nios_app.elf.dir/terasic_sdcard/crc7.c.obj
[ 95%] Building C object CMakeFiles/nios_app.elf.dir/terasic_sdcard/sd_hal.c.obj
[ 96%] Building C object CMakeFiles/nios_app.elf.dir/terasic_sdcard/sd_protocol.c.obj
D:/richard/dev_2025/a3sk_revA/sdcard/software/nios_app/diskio.c: In function 'disk_ioctl':
D:/richard/dev_2025/a3sk_revA/sdcard/software/nios_app/diskio.c:216:13: warning: unused variable 'result' [-Wunused-variable]
  216 |         int result;
      |             ^~~~~~
D:/richard/dev_2025/a3sk_revA/sdcard/software/nios_app/diskio.c: In function 'disk_status':
D:/richard/dev_2025/a3sk_revA/sdcard/software/nios_app/diskio.c:43:24: warning: 'stat' may be used uninitialized [-Wmaybe-uninitialized]
   43 |                 return stat;
      |                        ^~~~
D:/richard/dev_2025/a3sk_revA/sdcard/software/nios_app/diskio.c:34:17: note: 'stat' was declared here
   34 |         DSTATUS stat;
      |                 ^~~~
D:/richard/dev_2025/a3sk_revA/sdcard/software/nios_app/diskio.c: In function 'disk_read':
D:/richard/dev_2025/a3sk_revA/sdcard/software/nios_app/diskio.c:126:24: warning: 'res' may be used uninitialized [-Wmaybe-uninitialized]
  126 |                 return res;
      |                        ^~~
D:/richard/dev_2025/a3sk_revA/sdcard/software/nios_app/diskio.c:115:17: note: 'res' was declared here
  115 |         DRESULT res;
      |                 ^~~
D:/richard/dev_2025/a3sk_revA/sdcard/software/nios_app/diskio.c: In function 'disk_write':
D:/richard/dev_2025/a3sk_revA/sdcard/software/nios_app/diskio.c:177:24: warning: 'res' may be used uninitialized [-Wmaybe-uninitialized]
  177 |                 return res;
      |                        ^~~
D:/richard/dev_2025/a3sk_revA/sdcard/software/nios_app/diskio.c:166:17: note: 'res' was declared here
  166 |         DRESULT res;
      |                 ^~~
D:/richard/dev_2025/a3sk_revA/sdcard/software/nios_app/diskio.c: In function 'disk_ioctl':
D:/richard/dev_2025/a3sk_revA/sdcard/software/nios_app/diskio.c:223:24: warning: 'res' may be used uninitialized [-Wmaybe-uninitialized]
  223 |                 return res;
      |                        ^~~
D:/richard/dev_2025/a3sk_revA/sdcard/software/nios_app/diskio.c:215:17: note: 'res' was declared here
  215 |         DRESULT res;
      |                 ^~~
[ 97%] Building C object CMakeFiles/nios_app.elf.dir/terasic_sdcard/sd_lib.c.obj
D:/richard/dev_2025/a3sk_revA/sdcard/software/nios_app/glue.c: In function 'RAM_disk_status':
D:/richard/dev_2025/a3sk_revA/sdcard/software/nios_app/glue.c:123:1: warning: control reaches end of non-void function [-Wreturn-type]
  123 | }
      | ^
D:/richard/dev_2025/a3sk_revA/sdcard/software/nios_app/glue.c: In function 'RAM_disk_initialize':
D:/richard/dev_2025/a3sk_revA/sdcard/software/nios_app/glue.c:127:1: warning: control reaches end of non-void function [-Wreturn-type]
  127 | }
      | ^
D:/richard/dev_2025/a3sk_revA/sdcard/software/nios_app/glue.c: In function 'RAM_disk_read':
D:/richard/dev_2025/a3sk_revA/sdcard/software/nios_app/glue.c:135:1: warning: control reaches end of non-void function [-Wreturn-type]
  135 | }
      | ^
D:/richard/dev_2025/a3sk_revA/sdcard/software/nios_app/glue.c: In function 'RAM_disk_write':
D:/richard/dev_2025/a3sk_revA/sdcard/software/nios_app/glue.c:143:1: warning: control reaches end of non-void function [-Wreturn-type]
  143 | }
      | ^
D:/richard/dev_2025/a3sk_revA/sdcard/software/nios_app/glue.c: In function 'USB_disk_status':
D:/richard/dev_2025/a3sk_revA/sdcard/software/nios_app/glue.c:148:1: warning: control reaches end of non-void function [-Wreturn-type]
  148 | }
      | ^
D:/richard/dev_2025/a3sk_revA/sdcard/software/nios_app/glue.c: In function 'USB_disk_initialize':
D:/richard/dev_2025/a3sk_revA/sdcard/software/nios_app/glue.c:152:1: warning: control reaches end of non-void function [-Wreturn-type]
  152 | }
      | ^
D:/richard/dev_2025/a3sk_revA/sdcard/software/nios_app/glue.c: In function 'USB_disk_read':
D:/richard/dev_2025/a3sk_revA/sdcard/software/nios_app/glue.c:160:1: warning: control reaches end of non-void function [-Wreturn-type]
  160 | }
      | ^
D:/richard/dev_2025/a3sk_revA/sdcard/software/nios_app/glue.c: In function 'USB_disk_write':
D:/richard/dev_2025/a3sk_revA/sdcard/software/nios_app/glue.c:168:1: warning: control reaches end of non-void function [-Wreturn-type]
  168 | }
      | ^
D:/richard/dev_2025/a3sk_revA/sdcard/software/nios_app/terasic_lib/debug.c: In function 'debug_output':
D:/richard/dev_2025/a3sk_revA/sdcard/software/nios_app/terasic_lib/debug.c:55:5: warning: format not a string literal and no format arguments [-Wformat-security]
   55 |     printf(pMessage);
      |     ^~~~~~
D:/richard/dev_2025/a3sk_revA/sdcard/software/nios_app/terasic_lib/debug.c: In function 'myprintf_hexarray':
D:/richard/dev_2025/a3sk_revA/sdcard/software/nios_app/terasic_lib/debug.c:83:17: warning: pointer targets in passing argument 1 of 'sprintf' differ in signedness [-Wpointer-sign]
   83 |         sprintf(szText, "[%02X]", *(pHex+i));
      |                 ^~~~~~
      |                 |
      |                 unsigned char *
In file included from D:/richard/dev_2025/a3sk_revA/sdcard/software/nios_app/terasic_lib/debug.c:33:
C:/altera_pro/25.1/riscfree/toolchain/riscv32-unknown-elf/riscv32-unknown-elf/include/stdio.h:250:18: note: expected 'char * restrict' but argument is of type 'unsigned char *'
  250 | int     sprintf (char *__restrict, const char *__restrict, ...)
      |                  ^
In file included from D:/richard/dev_2025/a3sk_revA/sdcard/software/nios_app/terasic_lib/terasic_includes.h:53,
                 from D:/richard/dev_2025/a3sk_revA/sdcard/software/nios_app/terasic_lib/debug.c:35:
D:/richard/dev_2025/a3sk_revA/sdcard/software/nios_app/terasic_lib/debug.c:84:16: warning: pointer targets in passing argument 1 of 'myprintf' differ in signedness [-Wpointer-sign]
   84 |         DEBUG((szText));
      |                ^~~~~~
      |                |
      |                unsigned char *
D:/richard/dev_2025/a3sk_revA/sdcard/software/nios_app/terasic_lib/debug.h:72:46: note: in definition of macro 'DEBUG'
   72 |     #define DEBUG(x)               {myprintf x;}  // standard in/out, specifed in project (it could be uart, jtag, or lcd)
      |                                              ^
D:/richard/dev_2025/a3sk_revA/sdcard/software/nios_app/terasic_lib/debug.c:64:20: note: expected 'char *' but argument is of type 'unsigned char *'
   64 | int myprintf(char *format, ...){
      |              ~~~~~~^~~~~~
D:/richard/dev_2025/a3sk_revA/sdcard/software/nios_app/terasic_sdcard/sd_lib.c: In function 'SDLIB_WriteBlock512':
D:/richard/dev_2025/a3sk_revA/sdcard/software/nios_app/terasic_sdcard/sd_lib.c:331:32: warning: passing argument 1 of 'SD_WriteData512' discards 'const' qualifier from pointer target type [-Wdiscarded-qualifiers]
  331 |     bSuccess = SD_WriteData512(szDataWrite);  // Write 512 bytes
      |                                ^~~~~~~~~~~
In file included from D:/richard/dev_2025/a3sk_revA/sdcard/software/nios_app/terasic_sdcard/sd_lib.c:45:
D:/richard/dev_2025/a3sk_revA/sdcard/software/nios_app/terasic_sdcard/sd_protocol.h:61:29: note: expected 'alt_u8 *' {aka 'unsigned char *'} but argument is of type 'const alt_u8 *' {aka 'const unsigned char *'}
   61 | bool SD_WriteData512(alt_u8 szDataWrite[]);
      |                      ~~~~~~~^~~~~~~~~~~~~
D:/richard/dev_2025/a3sk_revA/sdcard/software/nios_app/terasic_sdcard/sd_hal.c: In function 'SDHAL_ReadData512':
D:/richard/dev_2025/a3sk_revA/sdcard/software/nios_app/terasic_sdcard/sd_hal.c:203:12: warning: unused variable 'k' [-Wunused-variable]
  203 |     int i, k=0;
      |            ^
D:/richard/dev_2025/a3sk_revA/sdcard/software/nios_app/terasic_sdcard/sd_protocol.c: In function 'SD_CMD9':
D:/richard/dev_2025/a3sk_revA/sdcard/software/nios_app/terasic_sdcard/sd_protocol.c:616:12: warning: 'nCopyLen' may be used uninitialized [-Wmaybe-uninitialized]
  616 |         if (nCopyLen > 16)
      |            ^
D:/richard/dev_2025/a3sk_revA/sdcard/software/nios_app/terasic_sdcard/sd_protocol.c:615:13: note: 'nCopyLen' was declared here
  615 |         int nCopyLen, x;
      |             ^~~~~~~~
D:/richard/dev_2025/a3sk_revA/sdcard/software/nios_app/terasic_sdcard/sd_protocol.c: In function 'SD_CMD10':
D:/richard/dev_2025/a3sk_revA/sdcard/software/nios_app/terasic_sdcard/sd_protocol.c:679:12: warning: 'nCopyLen' may be used uninitialized [-Wmaybe-uninitialized]
  679 |         if (nCopyLen > 16)
      |            ^
D:/richard/dev_2025/a3sk_revA/sdcard/software/nios_app/terasic_sdcard/sd_protocol.c:678:13: note: 'nCopyLen' was declared here
  678 |         int nCopyLen, x;
      |             ^~~~~~~~
[ 98%] Linking C executable nios_app.elf
[ 98%] Built target nios_app.elf
[ 99%] Creating nios_app.elf.objdump.
[ 98%] Creating intel_onchip_memory.hex.
[100%] Reporting memory available for stack + heap in nios_app.elf.
process_begin: CreateProcess(NULL, niosv-stack-report -p riscv32-unknown-elf- nios_app.elf, ...) failed.
make (e=2): The system cannot find the file specified.
make[2]: *** [CMakeFiles/niosv-stack-report.dir/build.make:73: nios_app.elf.stack_report] Error 2
make[1]: *** [CMakeFiles/Makefile2:180: CMakeFiles/niosv-stack-report.dir/all] Error 2
make[1]: *** Waiting for unfinished jobs....
process_begin: CreateProcess(NULL, elf2hex nios_app.elf -o intel_onchip_memory.hex -b 0x00000000 -w 32 -e 0x0007CFFF -r 4, ...) failed.
make (e=2): The system cannot find the file specified.
make[2]: *** [CMakeFiles/create-hex.dir/build.make:73: intel_onchip_memory.hex] Error 2
make[1]: *** [CMakeFiles/Makefile2:211: CMakeFiles/create-hex.dir/all] Error 2
[100%] Built target create-objdump
make: *** [Makefile:91: all] Error 2
"C:/altera_pro/25.1/riscfree/build_tools/bin/make.exe -j all" terminated with exit code 2. Build might be incomplete.
09:52:55 Buildscript generation: nios_app::Debug in D:\dev_2025\a3sk_revA\sdcard_filesystem\software\nios_app\build\Debug
cmake -DCMAKE_BUILD_TYPE:STRING=Debug -DCMAKE_EXPORT_COMPILE_COMMANDS:BOOL=ON -G "Unix Makefiles" "D:\\dev_2025\\a3sk_revA\\sdcard_filesystem\\software\\nios_app" 
-- The C compiler identification is GNU 13.2.0
-- The CXX compiler identification is GNU 13.2.0
-- Detecting C compiler ABI info
-- Detecting C compiler ABI info - done
-- Check for working C compiler: C:/altera_pro/25.1/riscfree/toolchain/riscv32-unknown-elf/bin/riscv32-unknown-elf-gcc.exe - skipped
-- Detecting C compile features
-- Detecting C compile features - done
-- Detecting CXX compiler ABI info
-- Detecting CXX compiler ABI info - done
-- Check for working CXX compiler: C:/altera_pro/25.1/riscfree/toolchain/riscv32-unknown-elf/bin/riscv32-unknown-elf-g++.exe - skipped
-- Detecting CXX compile features
-- Detecting CXX compile features - done
-- The ASM compiler identification is GNU
-- Found assembler: C:/altera_pro/25.1/riscfree/toolchain/riscv32-unknown-elf/bin/riscv32-unknown-elf-gcc.exe
-- Configuring done (23.5s)
-- Generating done (0.0s)
-- Build files have been written to: D:/dev_2025/a3sk_revA/sdcard_filesystem/software/nios_app/build/Debug
09:53:21 Buildscript generation finished (took 25853 ms)
09:53:21 **** Build of configuration Debug for project nios_app ****
"C:\\altera_pro\\25.1\\riscfree\\build_tools\\bin\\make.exe" -j all 
[  1%] Building C object nios_bsp/CMakeFiles/hal2_bsp.dir/HAL/src/alt_alarm_start.c.obj
[  6%] Building C object nios_bsp/CMakeFiles/hal2_bsp.dir/HAL/src/alt_dcache_flush_all.c.obj
[  5%] Building C object nios_bsp/CMakeFiles/hal2_bsp.dir/HAL/src/alt_busy_sleep.c.obj
[  8%] Building C object nios_bsp/CMakeFiles/hal2_bsp.dir/HAL/src/alt_exit.c.obj
[  7%] Building C object nios_bsp/CMakeFiles/hal2_bsp.dir/HAL/src/alt_dma_txchan_open.c.obj
[  4%] Building C object nios_bsp/CMakeFiles/hal2_bsp.dir/HAL/src/alt_instruction_exception_register.c.obj
[  9%] Building C object nios_bsp/CMakeFiles/hal2_bsp.dir/HAL/src/alt_dcache_flush.c.obj
[  9%] Building C object nios_bsp/CMakeFiles/hal2_bsp.dir/HAL/src/alt_errno.c.obj
[ 11%] Building ASM object nios_bsp/CMakeFiles/hal2_bsp.dir/HAL/src/machine_trap.S.obj
[ 14%] Building ASM object nios_bsp/CMakeFiles/hal2_bsp.dir/HAL/src/alt_ecc_exception_entry.S.obj
[ 18%] Building C object nios_bsp/CMakeFiles/hal2_bsp.dir/HAL/src/alt_dev_llist_insert.c.obj
[ 16%] Building C object nios_bsp/CMakeFiles/hal2_bsp.dir/HAL/src/alt_icache_flush.c.obj
[ 16%] Building C object nios_bsp/CMakeFiles/hal2_bsp.dir/HAL/src/alt_getchar.c.obj
[ 17%] Building C object nios_bsp/CMakeFiles/hal2_bsp.dir/HAL/src/alt_get_fd.c.obj
[  2%] Building C object nios_bsp/CMakeFiles/hal2_bsp.dir/HAL/src/alt_ecc_error_inject.c.obj
[ 21%] Building C object nios_bsp/CMakeFiles/hal2_bsp.dir/HAL/src/alt_fcntl.c.obj
[  3%] Building C object nios_bsp/CMakeFiles/hal2_bsp.dir/HAL/src/alt_lseek.c.obj
[ 22%] Building C object nios_bsp/CMakeFiles/hal2_bsp.dir/HAL/src/alt_env_lock.c.obj
[ 19%] Building C object nios_bsp/CMakeFiles/hal2_bsp.dir/HAL/src/alt_getpid.c.obj
[ 24%] Building C object nios_bsp/CMakeFiles/hal2_bsp.dir/HAL/src/alt_environ.c.obj
[ 13%] Building C object nios_bsp/CMakeFiles/hal2_bsp.dir/HAL/src/alt_dcache_flush_no_writeback.c.obj
[ 22%] Building C object nios_bsp/CMakeFiles/hal2_bsp.dir/HAL/src/alt_dma_rxchan_open.c.obj
[ 12%] Building C object nios_bsp/CMakeFiles/hal2_bsp.dir/HAL/src/alt_dev.c.obj
[ 40%] Building C object nios_bsp/CMakeFiles/hal2_bsp.dir/HAL/src/mtimer.c.obj
[ 25%] Building C object nios_bsp/CMakeFiles/hal2_bsp.dir/HAL/src/alt_gettod.c.obj
[ 27%] Building C object nios_bsp/CMakeFiles/hal2_bsp.dir/HAL/src/alt_kill.c.obj
[ 35%] Building C object nios_bsp/CMakeFiles/hal2_bsp.dir/HAL/src/alt_flash_dev.c.obj
[ 23%] Building C object nios_bsp/CMakeFiles/hal2_bsp.dir/HAL/src/alt_rename.c.obj
[ 31%] Building C object nios_bsp/CMakeFiles/hal2_bsp.dir/HAL/src/alt_sbrk.c.obj
[ 43%] Building C object nios_bsp/CMakeFiles/hal2_bsp.dir/HAL/src/alt_isatty.c.obj
[ 32%] Building C object nios_bsp/CMakeFiles/hal2_bsp.dir/HAL/src/alt_ioctl.c.obj
[ 34%] Building C object nios_bsp/CMakeFiles/hal2_bsp.dir/HAL/src/alt_find_dev.c.obj
[ 39%] Building C object nios_bsp/CMakeFiles/hal2_bsp.dir/HAL/src/alt_iic_isr_register.c.obj
[ 45%] Building C object nios_bsp/CMakeFiles/hal2_bsp.dir/HAL/src/alt_fd_lock.c.obj
[ 44%] Building ASM object nios_bsp/CMakeFiles/hal2_bsp.dir/HAL/src/crt0.S.obj
[ 10%] Building ASM object nios_bsp/CMakeFiles/hal2_bsp.dir/HAL/src/alt_vic_vector_table.S.obj
[ 41%] Building ASM object nios_bsp/CMakeFiles/hal2_bsp.dir/HAL/src/alt_mcount.S.obj
[ 46%] Building C object nios_bsp/CMakeFiles/hal2_bsp.dir/HAL/src/alt_malloc_lock.c.obj
[ 43%] Building C object nios_bsp/CMakeFiles/hal2_bsp.dir/HAL/src/alt_execve.c.obj
[ 60%] Building C object nios_bsp/CMakeFiles/hal2_bsp.dir/HAL/src/alt_fstat.c.obj
[ 37%] Building C object nios_bsp/CMakeFiles/hal2_bsp.dir/HAL/src/intel_fpga_platform_api_niosv.c.obj
[ 58%] Building C object nios_bsp/CMakeFiles/hal2_bsp.dir/HAL/src/alt_printf.c.obj
[ 54%] Building C object nios_bsp/CMakeFiles/hal2_bsp.dir/HAL/src/alt_write.c.obj
[ 39%] Building C object nios_bsp/CMakeFiles/hal2_bsp.dir/HAL/src/alt_remap_uncached.c.obj
[ 23%] Building C object nios_bsp/CMakeFiles/hal2_bsp.dir/drivers/src/altera_avalon_timer_vars.c.obj
[ 36%] Building C object nios_bsp/CMakeFiles/hal2_bsp.dir/HAL/src/alt_open.c.obj
[ 56%] Building C object nios_bsp/CMakeFiles/hal2_bsp.dir/HAL/src/alt_find_file.c.obj
[ 33%] Building C object nios_bsp/CMakeFiles/hal2_bsp.dir/HAL/src/alt_wait.c.obj
[ 49%] Building C object nios_bsp/CMakeFiles/hal2_bsp.dir/HAL/src/alt_read.c.obj
[ 61%] Building C object nios_bsp/CMakeFiles/hal2_bsp.dir/HAL/src/alt_irq_handler.c.obj
[ 63%] Building C object nios_bsp/CMakeFiles/hal2_bsp.dir/drivers/src/altera_avalon_timer_ts.c.obj
[ 56%] Building C object nios_bsp/CMakeFiles/hal2_bsp.dir/HAL/src/alt_fd_unlock.c.obj
[ 68%] Building C object nios_bsp/CMakeFiles/hal2_bsp.dir/drivers/src/altera_avalon_jtag_uart_write.c.obj
[ 48%] Building C object nios_bsp/CMakeFiles/hal2_bsp.dir/HAL/src/alt_putstr.c.obj
[ 59%] Building C object nios_bsp/CMakeFiles/hal2_bsp.dir/HAL/src/alt_fork.c.obj
[ 61%] Building C object nios_bsp/CMakeFiles/hal2_bsp.dir/drivers/src/altera_avalon_jtag_uart_fd.c.obj
[ 50%] Building C object nios_bsp/CMakeFiles/hal2_bsp.dir/HAL/src/alt_settod.c.obj
[ 64%] Building C object nios_bsp/CMakeFiles/hal2_bsp.dir/drivers/src/altera_avalon_jtag_uart_init.c.obj
[ 71%] Building C object nios_bsp/CMakeFiles/hal2_bsp.dir/HAL/src/alt_iic.c.obj
[ 29%] Building C object nios_bsp/CMakeFiles/hal2_bsp.dir/HAL/src/alt_close.c.obj
[ 30%] Building C object nios_bsp/CMakeFiles/hal2_bsp.dir/HAL/src/alt_ecc_exception.c.obj
[ 57%] Building C object nios_bsp/CMakeFiles/hal2_bsp.dir/HAL/src/intel_niosv_irq.c.obj
[ 65%] Building C object nios_bsp/CMakeFiles/hal2_bsp.dir/alt_sys_init.c.obj
[ 76%] Building C object nios_bsp/CMakeFiles/hal2_bsp.dir/HAL/src/alt_release_fd.c.obj
[ 69%] Building C object nios_bsp/CMakeFiles/hal2_bsp.dir/HAL/src/alt_usleep.c.obj
[ 66%] Building C object nios_bsp/CMakeFiles/hal2_bsp.dir/HAL/src/alt_putchar.c.obj
[ 53%] Building C object nios_bsp/CMakeFiles/hal2_bsp.dir/HAL/src/intel_fpga_api_niosv.c.obj
[ 52%] Building C object nios_bsp/CMakeFiles/hal2_bsp.dir/HAL/src/alt_fs_reg.c.obj
[ 80%] Building C object nios_bsp/CMakeFiles/hal2_bsp.dir/drivers/src/altera_avalon_jtag_uart_read.c.obj
[ 78%] Building C object nios_bsp/CMakeFiles/hal2_bsp.dir/HAL/src/alt_io_redirect.c.obj
[ 81%] Building C object nios_bsp/CMakeFiles/hal2_bsp.dir/HAL/src/alt_main.c.obj
[ 75%] Building C object nios_bsp/CMakeFiles/hal2_bsp.dir/HAL/src/alt_log_printf.c.obj
[ 47%] Building C object nios_bsp/CMakeFiles/hal2_bsp.dir/HAL/src/alt_do_ctors.c.obj
[ 70%] Building C object nios_bsp/CMakeFiles/hal2_bsp.dir/HAL/src/alt_putcharbuf.c.obj
[ 38%] Building C object nios_bsp/CMakeFiles/hal2_bsp.dir/HAL/src/alt_uncached_free.c.obj
[ 51%] Building C object nios_bsp/CMakeFiles/hal2_bsp.dir/HAL/src/alt_load.c.obj
[ 77%] Building C object nios_bsp/CMakeFiles/hal2_bsp.dir/HAL/src/alt_times.c.obj
[ 72%] Building C object nios_bsp/CMakeFiles/hal2_bsp.dir/HAL/src/intel_fpga_api_cmn_inf.c.obj
[ 79%] Building C object nios_bsp/CMakeFiles/hal2_bsp.dir/drivers/src/altera_avalon_sysid_qsys.c.obj
[ 68%] Building C object nios_bsp/CMakeFiles/hal2_bsp.dir/HAL/src/alt_do_dtors.c.obj
[ 59%] Building C object nios_bsp/CMakeFiles/hal2_bsp.dir/HAL/src/alt_link.c.obj
[ 73%] Building C object nios_bsp/CMakeFiles/hal2_bsp.dir/HAL/src/alt_remap_cached.c.obj
[ 28%] Building C object nios_bsp/CMakeFiles/hal2_bsp.dir/HAL/src/alt_gmon.c.obj
[ 81%] Building C object nios_bsp/CMakeFiles/hal2_bsp.dir/drivers/src/altera_avalon_timer_sc.c.obj
[ 22%] Building C object nios_bsp/CMakeFiles/hal2_bsp.dir/HAL/src/alt_icache_flush_all.c.obj
[ 82%] Building C object nios_bsp/CMakeFiles/hal2_bsp.dir/HAL/src/intel_fpga_api_cmn_msg.c.obj
[ 63%] Building ASM object nios_bsp/CMakeFiles/hal2_bsp.dir/HAL/src/alt_log_macro.S.obj
[ 84%] Building C object nios_bsp/CMakeFiles/hal2_bsp.dir/HAL/src/alt_tls.c.obj
[ 26%] Building C object nios_bsp/CMakeFiles/hal2_bsp.dir/drivers/src/altera_avalon_jtag_uart_ioctl.c.obj
[ 86%] Building C object nios_bsp/CMakeFiles/hal2_bsp.dir/HAL/src/alt_tick.c.obj
[ 83%] Building C object nios_bsp/CMakeFiles/hal2_bsp.dir/HAL/src/alt_stat.c.obj
[ 87%] Building C object nios_bsp/CMakeFiles/hal2_bsp.dir/HAL/src/intel_fpga_api_cmn_dfl.c.obj
[ 75%] Building C object nios_bsp/CMakeFiles/hal2_bsp.dir/HAL/src/alt_uncached_malloc.c.obj
[ 76%] Building C object nios_bsp/CMakeFiles/hal2_bsp.dir/HAL/src/alt_vic_isr_wrapper.c.obj
[ 85%] Building C object nios_bsp/CMakeFiles/hal2_bsp.dir/HAL/src/alt_unlink.c.obj
[ 88%] Linking C static library libhal2_bsp.a
[ 88%] Built target hal2_bsp
[ 89%] Building C object CMakeFiles/nios_app.elf.dir/ff.c.obj
[ 93%] Building C object CMakeFiles/nios_app.elf.dir/terasic_lib/debug.c.obj
[ 92%] Building C object CMakeFiles/nios_app.elf.dir/main.c.obj
[ 91%] Building C object CMakeFiles/nios_app.elf.dir/terasic_sdcard/sd_lib.c.obj
D:/dev_2025/a3sk_revA/sdcard_filesystem/software/nios_app/terasic_lib/debug.c: In function 'debug_output':
D:/dev_2025/a3sk_revA/sdcard_filesystem/software/nios_app/terasic_lib/debug.c:55:5: warning: format not a string literal and no format arguments [-Wformat-security]
   55 |     printf(pMessage);
      |     ^~~~~~
D:/dev_2025/a3sk_revA/sdcard_filesystem/software/nios_app/terasic_lib/debug.c: In function 'myprintf_hexarray':
D:/dev_2025/a3sk_revA/sdcard_filesystem/software/nios_app/terasic_lib/debug.c:83:17: warning: pointer targets in passing argument 1 of 'sprintf' differ in signedness [-Wpointer-sign]
   83 |         sprintf(szText, "[%02X]", *(pHex+i));
      |                 ^~~~~~
      |                 |
      |                 unsigned char *
In file included from D:/dev_2025/a3sk_revA/sdcard_filesystem/software/nios_app/terasic_lib/debug.c:33:
C:/altera_pro/25.1/riscfree/toolchain/riscv32-unknown-elf/riscv32-unknown-elf/include/stdio.h:250:18: note: expected 'char * restrict' but argument is of type 'unsigned char *'
  250 | int     sprintf (char *__restrict, const char *__restrict, ...)
      |                  ^
In file included from D:/dev_2025/a3sk_revA/sdcard_filesystem/software/nios_app/terasic_lib/terasic_includes.h:53,
                 from D:/dev_2025/a3sk_revA/sdcard_filesystem/software/nios_app/terasic_lib/debug.c:35:
D:/dev_2025/a3sk_revA/sdcard_filesystem/software/nios_app/terasic_lib/debug.c:84:16: warning: pointer targets in passing argument 1 of 'myprintf' differ in signedness [-Wpointer-sign]
   84 |         DEBUG((szText));
      |                ^~~~~~
      |                |
      |                unsigned char *
D:/dev_2025/a3sk_revA/sdcard_filesystem/software/nios_app/terasic_lib/debug.h:72:46: note: in definition of macro 'DEBUG'
   72 |     #define DEBUG(x)               {myprintf x;}  // standard in/out, specifed in project (it could be uart, jtag, or lcd)
      |                                              ^
D:/dev_2025/a3sk_revA/sdcard_filesystem/software/nios_app/terasic_lib/debug.c:64:20: note: expected 'char *' but argument is of type 'unsigned char *'
   64 | int myprintf(char *format, ...){
      |              ~~~~~~^~~~~~
[ 90%] Building C object CMakeFiles/nios_app.elf.dir/terasic_sdcard/sd_hal.c.obj
D:/dev_2025/a3sk_revA/sdcard_filesystem/software/nios_app/terasic_sdcard/sd_lib.c: In function 'SDLIB_WriteBlock512':
D:/dev_2025/a3sk_revA/sdcard_filesystem/software/nios_app/terasic_sdcard/sd_lib.c:331:32: warning: passing argument 1 of 'SD_WriteData512' discards 'const' qualifier from pointer target type [-Wdiscarded-qualifiers]
  331 |     bSuccess = SD_WriteData512(szDataWrite);  // Write 512 bytes
      |                                ^~~~~~~~~~~
In file included from D:/dev_2025/a3sk_revA/sdcard_filesystem/software/nios_app/terasic_sdcard/sd_lib.c:45:
D:/dev_2025/a3sk_revA/sdcard_filesystem/software/nios_app/terasic_sdcard/sd_protocol.h:61:29: note: expected 'alt_u8 *' {aka 'unsigned char *'} but argument is of type 'const alt_u8 *' {aka 'const unsigned char *'}
   61 | bool SD_WriteData512(alt_u8 szDataWrite[]);
      |                      ~~~~~~~^~~~~~~~~~~~~
D:/dev_2025/a3sk_revA/sdcard_filesystem/software/nios_app/terasic_sdcard/sd_hal.c:36:10: fatal error: crc16.h: No such file or directory
   36 | #include "crc16.h"
      |          ^~~~~~~~~
compilation terminated.
make[2]: *** [CMakeFiles/nios_app.elf.dir/build.make:177: CMakeFiles/nios_app.elf.dir/terasic_sdcard/sd_hal.c.obj] Error 1
make[2]: *** Waiting for unfinished jobs....
[ 94%] Building C object CMakeFiles/nios_app.elf.dir/ffunicode.c.obj
[ 95%] Building C object CMakeFiles/nios_app.elf.dir/ffsystem.c.obj
[ 96%] Building C object CMakeFiles/nios_app.elf.dir/glue.c.obj
[ 96%] Building C object CMakeFiles/nios_app.elf.dir/diskio.c.obj
D:/dev_2025/a3sk_revA/sdcard_filesystem/software/nios_app/diskio.c: In function 'disk_ioctl':
D:/dev_2025/a3sk_revA/sdcard_filesystem/software/nios_app/diskio.c:216:13: warning: unused variable 'result' [-Wunused-variable]
  216 |         int result;
      |             ^~~~~~
D:/dev_2025/a3sk_revA/sdcard_filesystem/software/nios_app/diskio.c: In function 'disk_status':
D:/dev_2025/a3sk_revA/sdcard_filesystem/software/nios_app/diskio.c:43:24: warning: 'stat' may be used uninitialized [-Wmaybe-uninitialized]
   43 |                 return stat;
      |                        ^~~~
D:/dev_2025/a3sk_revA/sdcard_filesystem/software/nios_app/diskio.c:34:17: note: 'stat' was declared here
   34 |         DSTATUS stat;
      |                 ^~~~
D:/dev_2025/a3sk_revA/sdcard_filesystem/software/nios_app/diskio.c: In function 'disk_read':
D:/dev_2025/a3sk_revA/sdcard_filesystem/software/nios_app/diskio.c:126:24: warning: 'res' may be used uninitialized [-Wmaybe-uninitialized]
  126 |                 return res;
      |                        ^~~
D:/dev_2025/a3sk_revA/sdcard_filesystem/software/nios_app/diskio.c:115:17: note: 'res' was declared here
  115 |         DRESULT res;
      |                 ^~~
D:/dev_2025/a3sk_revA/sdcard_filesystem/software/nios_app/diskio.c: In function 'disk_write':
D:/dev_2025/a3sk_revA/sdcard_filesystem/software/nios_app/diskio.c:177:24: warning: 'res' may be used uninitialized [-Wmaybe-uninitialized]
  177 |                 return res;
      |                        ^~~
D:/dev_2025/a3sk_revA/sdcard_filesystem/software/nios_app/diskio.c:166:17: note: 'res' was declared here
  166 |         DRESULT res;
      |                 ^~~
D:/dev_2025/a3sk_revA/sdcard_filesystem/software/nios_app/diskio.c: In function 'disk_ioctl':
D:/dev_2025/a3sk_revA/sdcard_filesystem/software/nios_app/diskio.c:223:24: warning: 'res' may be used uninitialized [-Wmaybe-uninitialized]
  223 |                 return res;
      |                        ^~~
D:/dev_2025/a3sk_revA/sdcard_filesystem/software/nios_app/diskio.c:215:17: note: 'res' was declared here
  215 |         DRESULT res;
      |                 ^~~
D:/dev_2025/a3sk_revA/sdcard_filesystem/software/nios_app/glue.c: In function 'RAM_disk_status':
D:/dev_2025/a3sk_revA/sdcard_filesystem/software/nios_app/glue.c:123:1: warning: control reaches end of non-void function [-Wreturn-type]
  123 | }
      | ^
D:/dev_2025/a3sk_revA/sdcard_filesystem/software/nios_app/glue.c: In function 'RAM_disk_initialize':
D:/dev_2025/a3sk_revA/sdcard_filesystem/software/nios_app/glue.c:127:1: warning: control reaches end of non-void function [-Wreturn-type]
  127 | }
      | ^
D:/dev_2025/a3sk_revA/sdcard_filesystem/software/nios_app/glue.c: In function 'RAM_disk_read':
D:/dev_2025/a3sk_revA/sdcard_filesystem/software/nios_app/glue.c:135:1: warning: control reaches end of non-void function [-Wreturn-type]
  135 | }
      | ^
D:/dev_2025/a3sk_revA/sdcard_filesystem/software/nios_app/glue.c: In function 'RAM_disk_write':
D:/dev_2025/a3sk_revA/sdcard_filesystem/software/nios_app/glue.c:143:1: warning: control reaches end of non-void function [-Wreturn-type]
  143 | }
      | ^
D:/dev_2025/a3sk_revA/sdcard_filesystem/software/nios_app/glue.c: In function 'USB_disk_status':
D:/dev_2025/a3sk_revA/sdcard_filesystem/software/nios_app/glue.c:148:1: warning: control reaches end of non-void function [-Wreturn-type]
  148 | }
      | ^
D:/dev_2025/a3sk_revA/sdcard_filesystem/software/nios_app/glue.c: In function 'USB_disk_initialize':
D:/dev_2025/a3sk_revA/sdcard_filesystem/software/nios_app/glue.c:152:1: warning: control reaches end of non-void function [-Wreturn-type]
  152 | }
      | ^
D:/dev_2025/a3sk_revA/sdcard_filesystem/software/nios_app/glue.c: In function 'USB_disk_read':
D:/dev_2025/a3sk_revA/sdcard_filesystem/software/nios_app/glue.c:160:1: warning: control reaches end of non-void function [-Wreturn-type]
  160 | }
      | ^
D:/dev_2025/a3sk_revA/sdcard_filesystem/software/nios_app/glue.c: In function 'USB_disk_write':
D:/dev_2025/a3sk_revA/sdcard_filesystem/software/nios_app/glue.c:168:1: warning: control reaches end of non-void function [-Wreturn-type]
  168 | }
      | ^
[ 97%] Building C object CMakeFiles/nios_app.elf.dir/terasic_sdcard/sd_protocol.c.obj
D:/dev_2025/a3sk_revA/sdcard_filesystem/software/nios_app/terasic_sdcard/sd_protocol.c:34:10: fatal error: crc7.h: No such file or directory
   34 | #include "crc7.h"
      |          ^~~~~~~~
compilation terminated.
make[2]: *** [CMakeFiles/nios_app.elf.dir/build.make:205: CMakeFiles/nios_app.elf.dir/terasic_sdcard/sd_protocol.c.obj] Error 1
make[1]: *** [CMakeFiles/Makefile2:118: CMakeFiles/nios_app.elf.dir/all] Error 2
make: *** [Makefile:91: all] Error 2
"C:/altera_pro/25.1/riscfree/build_tools/bin/make.exe -j all" terminated with exit code 2. Build might be incomplete.
10:00:00 Buildscript generation: nios_app::Debug in D:\dev_2025\a3sk_revA\sdcard_filesystem\software\nios_app\build\Debug
cmake -DCMAKE_BUILD_TYPE:STRING=Debug -DCMAKE_EXPORT_COMPILE_COMMANDS:BOOL=ON -G "Unix Makefiles" "D:\\dev_2025\\a3sk_revA\\sdcard_filesystem\\software\\nios_app" 
-- Configuring done (0.0s)
-- Generating done (0.0s)
-- Build files have been written to: D:/dev_2025/a3sk_revA/sdcard_filesystem/software/nios_app/build/Debug
10:00:02 Buildscript generation finished (took 1650 ms)
10:00:02 **** Incremental Build of configuration Debug for project nios_app ****
"C:\\altera_pro\\25.1\\riscfree\\build_tools\\bin\\make.exe" -j all 
[ 88%] Built target hal2_bsp
[ 90%] Building C object CMakeFiles/nios_app.elf.dir/terasic_sdcard/sd_protocol.c.obj
[ 90%] Building C object CMakeFiles/nios_app.elf.dir/terasic_sdcard/sd_hal.c.obj
D:/dev_2025/a3sk_revA/sdcard_filesystem/software/nios_app/terasic_sdcard/sd_protocol.c:34:10: fatal error: crc7.h: No such file or directory
   34 | #include "crc7.h"
      |          ^~~~~~~~
compilation terminated.
D:/dev_2025/a3sk_revA/sdcard_filesystem/software/nios_app/terasic_sdcard/sd_hal.c:36:10: fatal error: crc16.h: No such file or directory
   36 | #include "crc16.h"
      |          ^~~~~~~~~
compilation terminated.
make[2]: *** [CMakeFiles/nios_app.elf.dir/build.make:191: CMakeFiles/nios_app.elf.dir/terasic_sdcard/sd_protocol.c.obj] Error 1
make[2]: *** Waiting for unfinished jobs....
make[2]: *** [CMakeFiles/nios_app.elf.dir/build.make:163: CMakeFiles/nios_app.elf.dir/terasic_sdcard/sd_hal.c.obj] Error 1
make[1]: *** [CMakeFiles/Makefile2:118: CMakeFiles/nios_app.elf.dir/all] Error 2
make: *** [Makefile:91: all] Error 2
"C:/altera_pro/25.1/riscfree/build_tools/bin/make.exe -j all" terminated with exit code 2. Build might be incomplete.
10:00:13 **** Incremental Build of configuration Debug for project nios_app ****
"C:\\altera_pro\\25.1\\riscfree\\build_tools\\bin\\make.exe" -j all 
[ 88%] Built target hal2_bsp
[ 89%] Building C object CMakeFiles/nios_app.elf.dir/terasic_sdcard/sd_hal.c.obj
[ 90%] Building C object CMakeFiles/nios_app.elf.dir/terasic_sdcard/sd_protocol.c.obj
D:/dev_2025/a3sk_revA/sdcard_filesystem/software/nios_app/terasic_sdcard/sd_protocol.c: In function 'SD_CMD0':
D:/dev_2025/a3sk_revA/sdcard_filesystem/software/nios_app/terasic_sdcard/sd_protocol.c:188:11: warning: implicit declaration of function 'crc7' [-Wimplicit-function-declaration]
  188 |     crc = crc7(0, szCmd, 5);
      |           ^~~~
D:/dev_2025/a3sk_revA/sdcard_filesystem/software/nios_app/terasic_sdcard/sd_hal.c:36:10: fatal error: crc16.h: No such file or directory
   36 | #include "crc16.h"
      |          ^~~~~~~~~
compilation terminated.
D:/dev_2025/a3sk_revA/sdcard_filesystem/software/nios_app/terasic_sdcard/sd_protocol.c: In function 'SD_CMD9':
D:/dev_2025/a3sk_revA/sdcard_filesystem/software/nios_app/terasic_sdcard/sd_protocol.c:616:12: warning: 'nCopyLen' may be used uninitialized [-Wmaybe-uninitialized]
  616 |         if (nCopyLen > 16)
      |            ^
D:/dev_2025/a3sk_revA/sdcard_filesystem/software/nios_app/terasic_sdcard/sd_protocol.c:615:13: note: 'nCopyLen' was declared here
  615 |         int nCopyLen, x;
      |             ^~~~~~~~
D:/dev_2025/a3sk_revA/sdcard_filesystem/software/nios_app/terasic_sdcard/sd_protocol.c: In function 'SD_CMD10':
D:/dev_2025/a3sk_revA/sdcard_filesystem/software/nios_app/terasic_sdcard/sd_protocol.c:679:12: warning: 'nCopyLen' may be used uninitialized [-Wmaybe-uninitialized]
  679 |         if (nCopyLen > 16)
      |            ^
make[2]: *** [CMakeFiles/nios_app.elf.dir/build.make:163: CMakeFiles/nios_app.elf.dir/terasic_sdcard/sd_hal.c.obj] Error 1
D:/dev_2025/a3sk_revA/sdcard_filesystem/software/nios_app/terasic_sdcard/sd_protocol.c:678:13: note: 'nCopyLen' was declared here
  678 |         int nCopyLen, x;
      |             ^~~~~~~~
make[2]: *** Waiting for unfinished jobs....
make[1]: *** [CMakeFiles/Makefile2:118: CMakeFiles/nios_app.elf.dir/all] Error 2
make: *** [Makefile:91: all] Error 2
"C:/altera_pro/25.1/riscfree/build_tools/bin/make.exe -j all" terminated with exit code 2. Build might be incomplete.
10:02:44 **** Incremental Build of configuration Debug for project nios_app ****
"C:\\altera_pro\\25.1\\riscfree\\build_tools\\bin\\make.exe" -j all 
[ 88%] Built target hal2_bsp
[ 90%] Building C object CMakeFiles/nios_app.elf.dir/terasic_sdcard/sd_hal.c.obj
[ 90%] Building C object CMakeFiles/nios_app.elf.dir/terasic_sdcard/sd_protocol.c.obj
D:/dev_2025/a3sk_revA/sdcard_filesystem/software/nios_app/terasic_sdcard/sd_hal.c:36:10: fatal error: crc16.h: No such file or directory
   36 | #include "crc16.h"
      |          ^~~~~~~~~
compilation terminated.
D:/dev_2025/a3sk_revA/sdcard_filesystem/software/nios_app/terasic_sdcard/sd_protocol.c: In function 'SD_CMD0':
D:/dev_2025/a3sk_revA/sdcard_filesystem/software/nios_app/terasic_sdcard/sd_protocol.c:184:11: warning: implicit declaration of function 'crc7' [-Wimplicit-function-declaration]
  184 |     crc = crc7(0, szCmd, 5);
      |           ^~~~
make[2]: *** [CMakeFiles/nios_app.elf.dir/build.make:163: CMakeFiles/nios_app.elf.dir/terasic_sdcard/sd_hal.c.obj] Error 1
make[2]: *** Waiting for unfinished jobs....
D:/dev_2025/a3sk_revA/sdcard_filesystem/software/nios_app/terasic_sdcard/sd_protocol.c: In function 'SD_CMD9':
D:/dev_2025/a3sk_revA/sdcard_filesystem/software/nios_app/terasic_sdcard/sd_protocol.c:558:12: warning: 'nCopyLen' may be used uninitialized [-Wmaybe-uninitialized]
  558 |         if (nCopyLen > 16)
      |            ^
D:/dev_2025/a3sk_revA/sdcard_filesystem/software/nios_app/terasic_sdcard/sd_protocol.c:557:13: note: 'nCopyLen' was declared here
  557 |         int nCopyLen, x;
      |             ^~~~~~~~
D:/dev_2025/a3sk_revA/sdcard_filesystem/software/nios_app/terasic_sdcard/sd_protocol.c: In function 'SD_CMD10':
D:/dev_2025/a3sk_revA/sdcard_filesystem/software/nios_app/terasic_sdcard/sd_protocol.c:613:12: warning: 'nCopyLen' may be used uninitialized [-Wmaybe-uninitialized]
  613 |         if (nCopyLen > 16)
      |            ^
D:/dev_2025/a3sk_revA/sdcard_filesystem/software/nios_app/terasic_sdcard/sd_protocol.c:612:13: note: 'nCopyLen' was declared here
  612 |         int nCopyLen, x;
      |             ^~~~~~~~
make[1]: *** [CMakeFiles/Makefile2:118: CMakeFiles/nios_app.elf.dir/all] Error 2
make: *** [Makefile:91: all] Error 2
"C:/altera_pro/25.1/riscfree/build_tools/bin/make.exe -j all" terminated with exit code 2. Build might be incomplete.
10:03:34 **** Incremental Build of configuration Debug for project nios_app ****
"C:\\altera_pro\\25.1\\riscfree\\build_tools\\bin\\make.exe" -j all 
[ 88%] Built target hal2_bsp
[ 90%] Building C object CMakeFiles/nios_app.elf.dir/terasic_sdcard/sd_hal.c.obj
[ 90%] Building C object CMakeFiles/nios_app.elf.dir/terasic_sdcard/sd_protocol.c.obj
D:/dev_2025/a3sk_revA/sdcard_filesystem/software/nios_app/terasic_sdcard/sd_hal.c: In function 'cal_data4_crc16':
D:/dev_2025/a3sk_revA/sdcard_filesystem/software/nios_app/terasic_sdcard/sd_hal.c:189:18: warning: implicit declaration of function 'crc16' [-Wimplicit-function-declaration]
  189 |     szCRC16[0] = crc16(szBuf_0, nBufLen/4);
      |                  ^~~~~
D:/dev_2025/a3sk_revA/sdcard_filesystem/software/nios_app/terasic_sdcard/sd_protocol.c:165:2: error: #endif without #if
  165 | #endif
      |  ^~~~~
D:/dev_2025/a3sk_revA/sdcard_filesystem/software/nios_app/terasic_sdcard/sd_protocol.c: In function 'SD_CMD0':
D:/dev_2025/a3sk_revA/sdcard_filesystem/software/nios_app/terasic_sdcard/sd_protocol.c:183:11: warning: implicit declaration of function 'crc7' [-Wimplicit-function-declaration]
  183 |     crc = crc7(0, szCmd, 5);
      |           ^~~~
D:/dev_2025/a3sk_revA/sdcard_filesystem/software/nios_app/terasic_sdcard/sd_hal.c: In function 'SDHAL_ReadData512':
D:/dev_2025/a3sk_revA/sdcard_filesystem/software/nios_app/terasic_sdcard/sd_hal.c:203:12: warning: unused variable 'k' [-Wunused-variable]
  203 |     int i, k=0;
      |            ^
make[2]: *** [CMakeFiles/nios_app.elf.dir/build.make:191: CMakeFiles/nios_app.elf.dir/terasic_sdcard/sd_protocol.c.obj] Error 1
make[2]: *** Waiting for unfinished jobs....
make[1]: *** [CMakeFiles/Makefile2:118: CMakeFiles/nios_app.elf.dir/all] Error 2
make: *** [Makefile:91: all] Error 2
"C:/altera_pro/25.1/riscfree/build_tools/bin/make.exe -j all" terminated with exit code 2. Build might be incomplete.
10:04:22 Buildscript generation: nios_app::Debug in D:\dev_2025\a3sk_revA\sdcard_filesystem\software\nios_app\build\Debug
cmake -DCMAKE_BUILD_TYPE:STRING=Debug -DCMAKE_EXPORT_COMPILE_COMMANDS:BOOL=ON -G "Unix Makefiles" "D:\\dev_2025\\a3sk_revA\\sdcard_filesystem\\software\\nios_app" 
-- Configuring done (0.0s)
-- Generating done (0.0s)
-- Build files have been written to: D:/dev_2025/a3sk_revA/sdcard_filesystem/software/nios_app/build/Debug
10:04:23 Buildscript generation finished (took 1657 ms)
10:04:23 **** Incremental Build of configuration Debug for project nios_app ****
"C:\\altera_pro\\25.1\\riscfree\\build_tools\\bin\\make.exe" -j all 
[ 89%] Built target hal2_bsp
[ 90%] Building C object CMakeFiles/nios_app.elf.dir/terasic_sdcard/sd_protocol.c.obj
D:/dev_2025/a3sk_revA/sdcard_filesystem/software/nios_app/terasic_sdcard/sd_protocol.c:165:2: error: #endif without #if
  165 | #endif
      |  ^~~~~
D:/dev_2025/a3sk_revA/sdcard_filesystem/software/nios_app/terasic_sdcard/sd_protocol.c: In function 'SD_CMD0':
D:/dev_2025/a3sk_revA/sdcard_filesystem/software/nios_app/terasic_sdcard/sd_protocol.c:183:11: warning: implicit declaration of function 'crc7' [-Wimplicit-function-declaration]
  183 |     crc = crc7(0, szCmd, 5);
      |           ^~~~
make[2]: *** [CMakeFiles/nios_app.elf.dir/build.make:177: CMakeFiles/nios_app.elf.dir/terasic_sdcard/sd_protocol.c.obj] Error 1
make[1]: *** [CMakeFiles/Makefile2:118: CMakeFiles/nios_app.elf.dir/all] Error 2
make: *** [Makefile:91: all] Error 2
"C:/altera_pro/25.1/riscfree/build_tools/bin/make.exe -j all" terminated with exit code 2. Build might be incomplete.
10:08:05 **** Incremental Build of configuration Debug for project nios_app ****
"C:\\altera_pro\\25.1\\riscfree\\build_tools\\bin\\make.exe" -j all 
[ 89%] Built target hal2_bsp
[ 90%] Building C object CMakeFiles/nios_app.elf.dir/terasic_sdcard/sd_protocol.c.obj
D:/dev_2025/a3sk_revA/sdcard_filesystem/software/nios_app/terasic_sdcard/sd_protocol.c: In function 'SD_CMD0':
D:/dev_2025/a3sk_revA/sdcard_filesystem/software/nios_app/terasic_sdcard/sd_protocol.c:183:11: warning: implicit declaration of function 'crc7' [-Wimplicit-function-declaration]
  183 |     crc = crc7(0, szCmd, 5);
      |           ^~~~
D:/dev_2025/a3sk_revA/sdcard_filesystem/software/nios_app/terasic_sdcard/sd_protocol.c: In function 'SD_CMD9':
D:/dev_2025/a3sk_revA/sdcard_filesystem/software/nios_app/terasic_sdcard/sd_protocol.c:557:12: warning: 'nCopyLen' may be used uninitialized [-Wmaybe-uninitialized]
  557 |         if (nCopyLen > 16)
      |            ^
D:/dev_2025/a3sk_revA/sdcard_filesystem/software/nios_app/terasic_sdcard/sd_protocol.c:556:13: note: 'nCopyLen' was declared here
  556 |         int nCopyLen, x;
      |             ^~~~~~~~
D:/dev_2025/a3sk_revA/sdcard_filesystem/software/nios_app/terasic_sdcard/sd_protocol.c: In function 'SD_CMD10':
D:/dev_2025/a3sk_revA/sdcard_filesystem/software/nios_app/terasic_sdcard/sd_protocol.c:612:12: warning: 'nCopyLen' may be used uninitialized [-Wmaybe-uninitialized]
  612 |         if (nCopyLen > 16)
      |            ^
D:/dev_2025/a3sk_revA/sdcard_filesystem/software/nios_app/terasic_sdcard/sd_protocol.c:611:13: note: 'nCopyLen' was declared here
  611 |         int nCopyLen, x;
      |             ^~~~~~~~
[ 91%] Linking C executable nios_app.elf
C:/altera_pro/25.1/riscfree/toolchain/riscv32-unknown-elf/bin/../lib/gcc/riscv32-unknown-elf/13.2.0/../../../../riscv32-unknown-elf/bin/ld.exe: CMakeFiles/nios_app.elf.dir/terasic_sdcard/sd_protocol.c.obj: in function `SD_IsSupport4Bits':
D:/dev_2025/a3sk_revA/sdcard_filesystem/software/nios_app/terasic_sdcard/sd_protocol.c:171:(.text+0x3d4): undefined reference to `SDHAL_IsSupport4Bits'
C:/altera_pro/25.1/riscfree/toolchain/riscv32-unknown-elf/bin/../lib/gcc/riscv32-unknown-elf/13.2.0/../../../../riscv32-unknown-elf/bin/ld.exe: CMakeFiles/nios_app.elf.dir/terasic_sdcard/sd_protocol.c.obj: in function `SD_CMD0':
D:/dev_2025/a3sk_revA/sdcard_filesystem/software/nios_app/terasic_sdcard/sd_protocol.c:183:(.text+0x438): undefined reference to `crc7'
C:/altera_pro/25.1/riscfree/toolchain/riscv32-unknown-elf/bin/../lib/gcc/riscv32-unknown-elf/13.2.0/../../../../riscv32-unknown-elf/bin/ld.exe: CMakeFiles/nios_app.elf.dir/terasic_sdcard/sd_protocol.c.obj: in function `SD_CMD8':
D:/dev_2025/a3sk_revA/sdcard_filesystem/software/nios_app/terasic_sdcard/sd_protocol.c:207:(.text+0x55c): undefined reference to `crc7'
C:/altera_pro/25.1/riscfree/toolchain/riscv32-unknown-elf/bin/../lib/gcc/riscv32-unknown-elf/13.2.0/../../../../riscv32-unknown-elf/bin/ld.exe: D:/dev_2025/a3sk_revA/sdcard_filesystem/software/nios_app/terasic_sdcard/sd_protocol.c:233:(.text+0x620): undefined reference to `crc7'
C:/altera_pro/25.1/riscfree/toolchain/riscv32-unknown-elf/bin/../lib/gcc/riscv32-unknown-elf/13.2.0/../../../../riscv32-unknown-elf/bin/ld.exe: CMakeFiles/nios_app.elf.dir/terasic_sdcard/sd_protocol.c.obj: in function `SD_CMD55':
D:/dev_2025/a3sk_revA/sdcard_filesystem/software/nios_app/terasic_sdcard/sd_protocol.c:269:(.text+0x728): undefined reference to `crc7'
C:/altera_pro/25.1/riscfree/toolchain/riscv32-unknown-elf/bin/../lib/gcc/riscv32-unknown-elf/13.2.0/../../../../riscv32-unknown-elf/bin/ld.exe: D:/dev_2025/a3sk_revA/sdcard_filesystem/software/nios_app/terasic_sdcard/sd_protocol.c:288:(.text+0x7fc): undefined reference to `crc7'
C:/altera_pro/25.1/riscfree/toolchain/riscv32-unknown-elf/bin/../lib/gcc/riscv32-unknown-elf/13.2.0/../../../../riscv32-unknown-elf/bin/ld.exe: CMakeFiles/nios_app.elf.dir/terasic_sdcard/sd_protocol.c.obj:D:/dev_2025/a3sk_revA/sdcard_filesystem/software/nios_app/terasic_sdcard/sd_protocol.c:334: more undefined references to `crc7' follow
collect2.exe: error: ld returned 1 exit status
make[2]: *** [CMakeFiles/nios_app.elf.dir/build.make:213: nios_app.elf] Error 1
make[1]: *** [CMakeFiles/Makefile2:118: CMakeFiles/nios_app.elf.dir/all] Error 2
make: *** [Makefile:91: all] Error 2
"C:/altera_pro/25.1/riscfree/build_tools/bin/make.exe -j all" terminated with exit code 2. Build might be incomplete.
10:11:07 **** Incremental Build of configuration Debug for project nios_app ****
"C:\\altera_pro\\25.1\\riscfree\\build_tools\\bin\\make.exe" -j all 
[ 89%] Built target hal2_bsp
[ 91%] Building C object CMakeFiles/nios_app.elf.dir/terasic_sdcard/sd_lib.c.obj
[ 91%] Building C object CMakeFiles/nios_app.elf.dir/terasic_sdcard/sd_protocol.c.obj
D:/dev_2025/a3sk_revA/sdcard_filesystem/software/nios_app/terasic_sdcard/sd_lib.c: In function 'SDLIB_Init':
D:/dev_2025/a3sk_revA/sdcard_filesystem/software/nios_app/terasic_sdcard/sd_lib.c:102:5: warning: implicit declaration of function 'SD_Init'; did you mean 'SDLIB_Init'? [-Wimplicit-function-declaration]
  102 |     SD_Init();
      |     ^~~~~~~
      |     SDLIB_Init
D:/dev_2025/a3sk_revA/sdcard_filesystem/software/nios_app/terasic_sdcard/sd_lib.c: In function 'SDLIB_WriteBlock512':
D:/dev_2025/a3sk_revA/sdcard_filesystem/software/nios_app/terasic_sdcard/sd_lib.c:331:32: warning: passing argument 1 of 'SD_WriteData512' discards 'const' qualifier from pointer target type [-Wdiscarded-qualifiers]
  331 |     bSuccess = SD_WriteData512(szDataWrite);  // Write 512 bytes
      |                                ^~~~~~~~~~~
In file included from D:/dev_2025/a3sk_revA/sdcard_filesystem/software/nios_app/terasic_sdcard/sd_lib.c:45:
D:/dev_2025/a3sk_revA/sdcard_filesystem/software/nios_app/terasic_sdcard/sd_protocol.h:60:29: note: expected 'alt_u8 *' {aka 'unsigned char *'} but argument is of type 'const alt_u8 *' {aka 'const unsigned char *'}
   60 | bool SD_WriteData512(alt_u8 szDataWrite[]);
      |                      ~~~~~~~^~~~~~~~~~~~~
D:/dev_2025/a3sk_revA/sdcard_filesystem/software/nios_app/terasic_sdcard/sd_protocol.c: In function 'SD_CMD0':
D:/dev_2025/a3sk_revA/sdcard_filesystem/software/nios_app/terasic_sdcard/sd_protocol.c:176:11: warning: implicit declaration of function 'crc7' [-Wimplicit-function-declaration]
  176 |     crc = crc7(0, szCmd, 5);
      |           ^~~~
D:/dev_2025/a3sk_revA/sdcard_filesystem/software/nios_app/terasic_sdcard/sd_protocol.c: In function 'SD_CMD9':
D:/dev_2025/a3sk_revA/sdcard_filesystem/software/nios_app/terasic_sdcard/sd_protocol.c:550:12: warning: 'nCopyLen' may be used uninitialized [-Wmaybe-uninitialized]
  550 |         if (nCopyLen > 16)
      |            ^
D:/dev_2025/a3sk_revA/sdcard_filesystem/software/nios_app/terasic_sdcard/sd_protocol.c:549:13: note: 'nCopyLen' was declared here
  549 |         int nCopyLen, x;
      |             ^~~~~~~~
D:/dev_2025/a3sk_revA/sdcard_filesystem/software/nios_app/terasic_sdcard/sd_protocol.c: In function 'SD_CMD10':
D:/dev_2025/a3sk_revA/sdcard_filesystem/software/nios_app/terasic_sdcard/sd_protocol.c:605:12: warning: 'nCopyLen' may be used uninitialized [-Wmaybe-uninitialized]
  605 |         if (nCopyLen > 16)
      |            ^
D:/dev_2025/a3sk_revA/sdcard_filesystem/software/nios_app/terasic_sdcard/sd_protocol.c:604:13: note: 'nCopyLen' was declared here
  604 |         int nCopyLen, x;
      |             ^~~~~~~~
[ 92%] Linking C executable nios_app.elf
C:/altera_pro/25.1/riscfree/toolchain/riscv32-unknown-elf/bin/../lib/gcc/riscv32-unknown-elf/13.2.0/../../../../riscv32-unknown-elf/bin/ld.exe: CMakeFiles/nios_app.elf.dir/terasic_sdcard/sd_lib.c.obj: in function `SDLIB_Init':
D:/dev_2025/a3sk_revA/sdcard_filesystem/software/nios_app/terasic_sdcard/sd_lib.c:100:(.text+0x70): undefined reference to `SD_Init'
C:/altera_pro/25.1/riscfree/toolchain/riscv32-unknown-elf/bin/../lib/gcc/riscv32-unknown-elf/13.2.0/../../../../riscv32-unknown-elf/bin/ld.exe: CMakeFiles/nios_app.elf.dir/terasic_sdcard/sd_protocol.c.obj: in function `SD_CMD0':
D:/dev_2025/a3sk_revA/sdcard_filesystem/software/nios_app/terasic_sdcard/sd_protocol.c:176:(.text+0x3ec): undefined reference to `crc7'
C:/altera_pro/25.1/riscfree/toolchain/riscv32-unknown-elf/bin/../lib/gcc/riscv32-unknown-elf/13.2.0/../../../../riscv32-unknown-elf/bin/ld.exe: CMakeFiles/nios_app.elf.dir/terasic_sdcard/sd_protocol.c.obj: in function `SD_CMD8':
D:/dev_2025/a3sk_revA/sdcard_filesystem/software/nios_app/terasic_sdcard/sd_protocol.c:200:(.text+0x510): undefined reference to `crc7'
C:/altera_pro/25.1/riscfree/toolchain/riscv32-unknown-elf/bin/../lib/gcc/riscv32-unknown-elf/13.2.0/../../../../riscv32-unknown-elf/bin/ld.exe: D:/dev_2025/a3sk_revA/sdcard_filesystem/software/nios_app/terasic_sdcard/sd_protocol.c:226:(.text+0x5d4): undefined reference to `crc7'
C:/altera_pro/25.1/riscfree/toolchain/riscv32-unknown-elf/bin/../lib/gcc/riscv32-unknown-elf/13.2.0/../../../../riscv32-unknown-elf/bin/ld.exe: CMakeFiles/nios_app.elf.dir/terasic_sdcard/sd_protocol.c.obj: in function `SD_CMD55':
D:/dev_2025/a3sk_revA/sdcard_filesystem/software/nios_app/terasic_sdcard/sd_protocol.c:262:(.text+0x6dc): undefined reference to `crc7'
C:/altera_pro/25.1/riscfree/toolchain/riscv32-unknown-elf/bin/../lib/gcc/riscv32-unknown-elf/13.2.0/../../../../riscv32-unknown-elf/bin/ld.exe: D:/dev_2025/a3sk_revA/sdcard_filesystem/software/nios_app/terasic_sdcard/sd_protocol.c:281:(.text+0x7b0): undefined reference to `crc7'
C:/altera_pro/25.1/riscfree/toolchain/riscv32-unknown-elf/bin/../lib/gcc/riscv32-unknown-elf/13.2.0/../../../../riscv32-unknown-elf/bin/ld.exe: CMakeFiles/nios_app.elf.dir/terasic_sdcard/sd_protocol.c.obj:D:/dev_2025/a3sk_revA/sdcard_filesystem/software/nios_app/terasic_sdcard/sd_protocol.c:327: more undefined references to `crc7' follow
collect2.exe: error: ld returned 1 exit status
make[2]: *** [CMakeFiles/nios_app.elf.dir/build.make:213: nios_app.elf] Error 1
make[1]: *** [CMakeFiles/Makefile2:118: CMakeFiles/nios_app.elf.dir/all] Error 2
make: *** [Makefile:91: all] Error 2
"C:/altera_pro/25.1/riscfree/build_tools/bin/make.exe -j all" terminated with exit code 2. Build might be incomplete.
10:11:43 **** Incremental Build of configuration Debug for project nios_app ****
"C:\\altera_pro\\25.1\\riscfree\\build_tools\\bin\\make.exe" -j all 
[ 89%] Built target hal2_bsp
[ 90%] Building C object CMakeFiles/nios_app.elf.dir/terasic_sdcard/sd_lib.c.obj
D:/dev_2025/a3sk_revA/sdcard_filesystem/software/nios_app/terasic_sdcard/sd_lib.c: In function 'SDLIB_WriteBlock512':
D:/dev_2025/a3sk_revA/sdcard_filesystem/software/nios_app/terasic_sdcard/sd_lib.c:329:32: warning: passing argument 1 of 'SD_WriteData512' discards 'const' qualifier from pointer target type [-Wdiscarded-qualifiers]
  329 |     bSuccess = SD_WriteData512(szDataWrite);  // Write 512 bytes
      |                                ^~~~~~~~~~~
In file included from D:/dev_2025/a3sk_revA/sdcard_filesystem/software/nios_app/terasic_sdcard/sd_lib.c:45:
D:/dev_2025/a3sk_revA/sdcard_filesystem/software/nios_app/terasic_sdcard/sd_protocol.h:60:29: note: expected 'alt_u8 *' {aka 'unsigned char *'} but argument is of type 'const alt_u8 *' {aka 'const unsigned char *'}
   60 | bool SD_WriteData512(alt_u8 szDataWrite[]);
      |                      ~~~~~~~^~~~~~~~~~~~~
[ 91%] Linking C executable nios_app.elf
C:/altera_pro/25.1/riscfree/toolchain/riscv32-unknown-elf/bin/../lib/gcc/riscv32-unknown-elf/13.2.0/../../../../riscv32-unknown-elf/bin/ld.exe: CMakeFiles/nios_app.elf.dir/terasic_sdcard/sd_protocol.c.obj: in function `SD_CMD0':
D:/dev_2025/a3sk_revA/sdcard_filesystem/software/nios_app/terasic_sdcard/sd_protocol.c:176:(.text+0x3ec): undefined reference to `crc7'
C:/altera_pro/25.1/riscfree/toolchain/riscv32-unknown-elf/bin/../lib/gcc/riscv32-unknown-elf/13.2.0/../../../../riscv32-unknown-elf/bin/ld.exe: CMakeFiles/nios_app.elf.dir/terasic_sdcard/sd_protocol.c.obj: in function `SD_CMD8':
D:/dev_2025/a3sk_revA/sdcard_filesystem/software/nios_app/terasic_sdcard/sd_protocol.c:200:(.text+0x510): undefined reference to `crc7'
C:/altera_pro/25.1/riscfree/toolchain/riscv32-unknown-elf/bin/../lib/gcc/riscv32-unknown-elf/13.2.0/../../../../riscv32-unknown-elf/bin/ld.exe: D:/dev_2025/a3sk_revA/sdcard_filesystem/software/nios_app/terasic_sdcard/sd_protocol.c:226:(.text+0x5d4): undefined reference to `crc7'
C:/altera_pro/25.1/riscfree/toolchain/riscv32-unknown-elf/bin/../lib/gcc/riscv32-unknown-elf/13.2.0/../../../../riscv32-unknown-elf/bin/ld.exe: CMakeFiles/nios_app.elf.dir/terasic_sdcard/sd_protocol.c.obj: in function `SD_CMD55':
D:/dev_2025/a3sk_revA/sdcard_filesystem/software/nios_app/terasic_sdcard/sd_protocol.c:262:(.text+0x6dc): undefined reference to `crc7'
C:/altera_pro/25.1/riscfree/toolchain/riscv32-unknown-elf/bin/../lib/gcc/riscv32-unknown-elf/13.2.0/../../../../riscv32-unknown-elf/bin/ld.exe: D:/dev_2025/a3sk_revA/sdcard_filesystem/software/nios_app/terasic_sdcard/sd_protocol.c:281:(.text+0x7b0): undefined reference to `crc7'
C:/altera_pro/25.1/riscfree/toolchain/riscv32-unknown-elf/bin/../lib/gcc/riscv32-unknown-elf/13.2.0/../../../../riscv32-unknown-elf/bin/ld.exe: CMakeFiles/nios_app.elf.dir/terasic_sdcard/sd_protocol.c.obj:D:/dev_2025/a3sk_revA/sdcard_filesystem/software/nios_app/terasic_sdcard/sd_protocol.c:327: more undefined references to `crc7' follow
collect2.exe: error: ld returned 1 exit status
make[2]: *** [CMakeFiles/nios_app.elf.dir/build.make:213: nios_app.elf] Error 1
make[1]: *** [CMakeFiles/Makefile2:118: CMakeFiles/nios_app.elf.dir/all] Error 2
make: *** [Makefile:91: all] Error 2
"C:/altera_pro/25.1/riscfree/build_tools/bin/make.exe -j all" terminated with exit code 2. Build might be incomplete.
10:16:16 Buildscript generation: nios_app::Debug in D:\dev_2025\a3sk_revA\sdcard_filesystem\software\nios_app\build\Debug
cmake -DCMAKE_BUILD_TYPE:STRING=Debug -DCMAKE_EXPORT_COMPILE_COMMANDS:BOOL=ON -G "Unix Makefiles" "D:\\dev_2025\\a3sk_revA\\sdcard_filesystem\\software\\nios_app" 
-- Configuring done (0.0s)
-- Generating done (0.0s)
-- Build files have been written to: D:/dev_2025/a3sk_revA/sdcard_filesystem/software/nios_app/build/Debug
10:16:18 Buildscript generation finished (took 1657 ms)
10:16:18 **** Incremental Build of configuration Debug for project nios_app ****
"C:\\altera_pro\\25.1\\riscfree\\build_tools\\bin\\make.exe" -j all 
[ 88%] Built target hal2_bsp
[ 89%] Building C object CMakeFiles/nios_app.elf.dir/terasic_sdcard/crc7.c.obj
[ 90%] Linking C executable nios_app.elf
[ 98%] Built target nios_app.elf
[100%] Creating intel_onchip_memory.hex.
[100%] Creating nios_app.elf.objdump.
[ 99%] Reporting memory available for stack + heap in nios_app.elf.
[100%] Built target create-objdump
[100%] Built target create-hex
nios_app.elf
 * 134.50 KB - Program size (code + initialized data).
 * 359.27 KB - Free for stack + heap.
[100%] Built target niosv-stack-report
10:17:16 **** Incremental Build of configuration Debug for project nios_app ****
"C:\\altera_pro\\25.1\\riscfree\\build_tools\\bin\\make.exe" -j all 
[ 88%] Built target hal2_bsp
[ 98%] Built target nios_app.elf
[ 99%] Built target create-objdump
[ 99%] Built target create-hex
[100%] Reporting memory available for stack + heap in nios_app.elf.
nios_app.elf
 * 134.50 KB - Program size (code + initialized data).
 * 359.27 KB - Free for stack + heap.
[100%] Built target niosv-stack-report
10:19:28 **** Incremental Build of configuration Debug for project nios_app ****
"C:\\altera_pro\\25.1\\riscfree\\build_tools\\bin\\make.exe" -j all 
[ 88%] Built target hal2_bsp
[ 98%] Built target nios_app.elf
[ 98%] Built target create-hex
[ 99%] Reporting memory available for stack + heap in nios_app.elf.
[100%] Built target create-objdump
nios_app.elf
 * 134.50 KB - Program size (code + initialized data).
 * 359.27 KB - Free for stack + heap.
[100%] Built target niosv-stack-report
10:26:26 **** Incremental Build of configuration Debug for project nios_app ****
"C:\\altera_pro\\25.1\\riscfree\\build_tools\\bin\\make.exe" -j all 
[ 88%] Built target hal2_bsp
[ 89%] Building C object CMakeFiles/nios_app.elf.dir/terasic_sdcard/crc7.c.obj
[ 90%] Linking C executable nios_app.elf
[ 98%] Built target nios_app.elf
[100%] Creating nios_app.elf.objdump.
[ 98%] Creating intel_onchip_memory.hex.
[100%] Reporting memory available for stack + heap in nios_app.elf.
[100%] Built target create-objdump
[100%] Built target create-hex
nios_app.elf
 * 134.43 KB - Program size (code + initialized data).
 * 359.34 KB - Free for stack + heap.
[100%] Built target niosv-stack-report
10:27:53 **** Incremental Build of configuration Debug for project nios_app ****
"C:\\altera_pro\\25.1\\riscfree\\build_tools\\bin\\make.exe" -j all 
[ 88%] Built target hal2_bsp
[ 89%] Building C object CMakeFiles/nios_app.elf.dir/terasic_sdcard/crc7.c.obj
[ 90%] Linking C executable nios_app.elf
[ 98%] Built target nios_app.elf
[100%] Creating nios_app.elf.objdump.
[100%] Reporting memory available for stack + heap in nios_app.elf.
[ 98%] Creating intel_onchip_memory.hex.
[100%] Built target create-objdump
[100%] Built target create-hex
nios_app.elf
 * 134.50 KB - Program size (code + initialized data).
 * 359.27 KB - Free for stack + heap.
[100%] Built target niosv-stack-report
10:31:54 **** Clean-only build of configuration Debug for project nios_app ****
"C:\\altera_pro\\25.1\\riscfree\\build_tools\\bin\\make.exe" -j clean 
10:32:35 **** Build of configuration Debug for project nios_app ****
"C:\\altera_pro\\25.1\\riscfree\\build_tools\\bin\\make.exe" -j all 
[  1%] Building C object nios_bsp/CMakeFiles/hal2_bsp.dir/HAL/src/alt_close.c.obj
[  5%] Building C object nios_bsp/CMakeFiles/hal2_bsp.dir/HAL/src/alt_fork.c.obj
[  2%] Building C object nios_bsp/CMakeFiles/hal2_bsp.dir/HAL/src/alt_ecc_exception.c.obj
[  6%] Building C object nios_bsp/CMakeFiles/hal2_bsp.dir/HAL/src/alt_alarm_start.c.obj
[  9%] Building C object nios_bsp/CMakeFiles/hal2_bsp.dir/HAL/src/alt_find_file.c.obj
[  3%] Building C object nios_bsp/CMakeFiles/hal2_bsp.dir/HAL/src/alt_malloc_lock.c.obj
[  8%] Building C object nios_bsp/CMakeFiles/hal2_bsp.dir/HAL/src/alt_do_ctors.c.obj
[ 11%] Building C object nios_bsp/CMakeFiles/hal2_bsp.dir/HAL/src/alt_busy_sleep.c.obj
[ 13%] Building C object nios_bsp/CMakeFiles/hal2_bsp.dir/HAL/src/alt_fd_unlock.c.obj
[  7%] Building C object nios_bsp/CMakeFiles/hal2_bsp.dir/HAL/src/alt_fcntl.c.obj
[ 10%] Building ASM object nios_bsp/CMakeFiles/hal2_bsp.dir/HAL/src/alt_log_macro.S.obj
[ 17%] Building C object nios_bsp/CMakeFiles/hal2_bsp.dir/HAL/src/alt_fstat.c.obj
[ 14%] Building ASM object nios_bsp/CMakeFiles/hal2_bsp.dir/HAL/src/alt_vic_vector_table.S.obj
[  4%] Building C object nios_bsp/CMakeFiles/hal2_bsp.dir/HAL/src/alt_exit.c.obj
[ 15%] Building C object nios_bsp/CMakeFiles/hal2_bsp.dir/HAL/src/alt_fd_lock.c.obj
[ 19%] Building C object nios_bsp/CMakeFiles/hal2_bsp.dir/HAL/src/alt_fs_reg.c.obj
[ 23%] Building C object nios_bsp/CMakeFiles/hal2_bsp.dir/HAL/src/alt_dma_rxchan_open.c.obj
[ 18%] Building C object nios_bsp/CMakeFiles/hal2_bsp.dir/HAL/src/alt_dcache_flush.c.obj
[ 12%] Building C object nios_bsp/CMakeFiles/hal2_bsp.dir/HAL/src/alt_link.c.obj
[ 27%] Building C object nios_bsp/CMakeFiles/hal2_bsp.dir/HAL/src/alt_iic_isr_register.c.obj
[ 25%] Building C object nios_bsp/CMakeFiles/hal2_bsp.dir/HAL/src/alt_log_printf.c.obj
[ 21%] Building C object nios_bsp/CMakeFiles/hal2_bsp.dir/HAL/src/alt_main.c.obj
[ 20%] Building C object nios_bsp/CMakeFiles/hal2_bsp.dir/HAL/src/alt_errno.c.obj
[ 24%] Building C object nios_bsp/CMakeFiles/hal2_bsp.dir/HAL/src/alt_dcache_flush_no_writeback.c.obj
[ 28%] Building C object nios_bsp/CMakeFiles/hal2_bsp.dir/HAL/src/alt_getchar.c.obj
[ 32%] Building C object nios_bsp/CMakeFiles/hal2_bsp.dir/HAL/src/alt_instruction_exception_register.c.obj
[ 30%] Building C object nios_bsp/CMakeFiles/hal2_bsp.dir/HAL/src/intel_fpga_api_niosv.c.obj
[ 29%] Building C object nios_bsp/CMakeFiles/hal2_bsp.dir/HAL/src/alt_gmon.c.obj
[ 42%] Building C object nios_bsp/CMakeFiles/hal2_bsp.dir/HAL/src/alt_icache_flush.c.obj
[ 47%] Building C object nios_bsp/CMakeFiles/hal2_bsp.dir/drivers/src/altera_avalon_timer_vars.c.obj
[ 35%] Building C object nios_bsp/CMakeFiles/hal2_bsp.dir/HAL/src/alt_dev_llist_insert.c.obj
[ 38%] Building C object nios_bsp/CMakeFiles/hal2_bsp.dir/HAL/src/alt_dev.c.obj
[ 44%] Building C object nios_bsp/CMakeFiles/hal2_bsp.dir/HAL/src/alt_open.c.obj
[ 39%] Building ASM object nios_bsp/CMakeFiles/hal2_bsp.dir/HAL/src/crt0.S.obj
[ 46%] Building C object nios_bsp/CMakeFiles/hal2_bsp.dir/HAL/src/alt_kill.c.obj
[ 45%] Building C object nios_bsp/CMakeFiles/hal2_bsp.dir/HAL/src/alt_uncached_free.c.obj
[ 50%] Building C object nios_bsp/CMakeFiles/hal2_bsp.dir/HAL/src/alt_ioctl.c.obj
[ 49%] Building C object nios_bsp/CMakeFiles/hal2_bsp.dir/HAL/src/alt_environ.c.obj
[ 20%] Building C object nios_bsp/CMakeFiles/hal2_bsp.dir/HAL/src/alt_stat.c.obj
[ 47%] Building C object nios_bsp/CMakeFiles/hal2_bsp.dir/HAL/src/alt_unlink.c.obj
[ 40%] Building C object nios_bsp/CMakeFiles/hal2_bsp.dir/drivers/src/altera_avalon_timer_sc.c.obj
[ 32%] Building C object nios_bsp/CMakeFiles/hal2_bsp.dir/HAL/src/alt_isatty.c.obj
[ 48%] Building C object nios_bsp/CMakeFiles/hal2_bsp.dir/HAL/src/alt_ecc_error_inject.c.obj
[ 54%] Building C object nios_bsp/CMakeFiles/hal2_bsp.dir/drivers/src/altera_avalon_sysid_qsys.c.obj
[ 52%] Building C object nios_bsp/CMakeFiles/hal2_bsp.dir/HAL/src/alt_times.c.obj
[ 37%] Building ASM object nios_bsp/CMakeFiles/hal2_bsp.dir/HAL/src/alt_ecc_exception_entry.S.obj
[ 16%] Building C object nios_bsp/CMakeFiles/hal2_bsp.dir/HAL/src/alt_env_lock.c.obj
[ 52%] Building C object nios_bsp/CMakeFiles/hal2_bsp.dir/HAL/src/alt_putcharbuf.c.obj
[ 26%] Building C object nios_bsp/CMakeFiles/hal2_bsp.dir/HAL/src/alt_lseek.c.obj
[ 19%] Building C object nios_bsp/CMakeFiles/hal2_bsp.dir/HAL/src/alt_irq_handler.c.obj
[ 36%] Building C object nios_bsp/CMakeFiles/hal2_bsp.dir/HAL/src/alt_write.c.obj
[ 59%] Building C object nios_bsp/CMakeFiles/hal2_bsp.dir/HAL/src/alt_vic_isr_wrapper.c.obj
[ 56%] Building C object nios_bsp/CMakeFiles/hal2_bsp.dir/HAL/src/alt_tick.c.obj
[ 43%] Building C object nios_bsp/CMakeFiles/hal2_bsp.dir/HAL/src/alt_iic.c.obj
[ 57%] Building C object nios_bsp/CMakeFiles/hal2_bsp.dir/HAL/src/alt_settod.c.obj
[ 61%] Building C object nios_bsp/CMakeFiles/hal2_bsp.dir/HAL/src/mtimer.c.obj
[ 65%] Building C object nios_bsp/CMakeFiles/hal2_bsp.dir/HAL/src/alt_getpid.c.obj
[ 70%] Building C object nios_bsp/CMakeFiles/hal2_bsp.dir/HAL/src/alt_sbrk.c.obj
[ 66%] Building C object nios_bsp/CMakeFiles/hal2_bsp.dir/drivers/src/altera_avalon_jtag_uart_fd.c.obj
[ 55%] Building C object nios_bsp/CMakeFiles/hal2_bsp.dir/HAL/src/alt_putchar.c.obj
[ 68%] Building C object nios_bsp/CMakeFiles/hal2_bsp.dir/drivers/src/altera_avalon_jtag_uart_read.c.obj
[ 71%] Building C object nios_bsp/CMakeFiles/hal2_bsp.dir/HAL/src/alt_wait.c.obj
[ 72%] Building C object nios_bsp/CMakeFiles/hal2_bsp.dir/HAL/src/alt_dcache_flush_all.c.obj
[ 53%] Building C object nios_bsp/CMakeFiles/hal2_bsp.dir/HAL/src/intel_fpga_platform_api_niosv.c.obj
[ 72%] Building C object nios_bsp/CMakeFiles/hal2_bsp.dir/HAL/src/alt_usleep.c.obj
[ 67%] Building C object nios_bsp/CMakeFiles/hal2_bsp.dir/HAL/src/intel_fpga_api_cmn_msg.c.obj
[ 64%] Building C object nios_bsp/CMakeFiles/hal2_bsp.dir/drivers/src/altera_avalon_jtag_uart_write.c.obj
[ 41%] Building C object nios_bsp/CMakeFiles/hal2_bsp.dir/HAL/src/alt_do_dtors.c.obj
[ 51%] Building C object nios_bsp/CMakeFiles/hal2_bsp.dir/drivers/src/altera_avalon_jtag_uart_init.c.obj
[ 33%] Building C object nios_bsp/CMakeFiles/hal2_bsp.dir/HAL/src/alt_flash_dev.c.obj
[ 60%] Building C object nios_bsp/CMakeFiles/hal2_bsp.dir/HAL/src/intel_niosv_irq.c.obj
[ 22%] Building C object nios_bsp/CMakeFiles/hal2_bsp.dir/HAL/src/alt_find_dev.c.obj
[ 34%] Building C object nios_bsp/CMakeFiles/hal2_bsp.dir/HAL/src/alt_putstr.c.obj
[ 77%] Building C object nios_bsp/CMakeFiles/hal2_bsp.dir/HAL/src/alt_release_fd.c.obj
[ 73%] Building C object nios_bsp/CMakeFiles/hal2_bsp.dir/HAL/src/intel_fpga_api_cmn_inf.c.obj
[ 76%] Building C object nios_bsp/CMakeFiles/hal2_bsp.dir/HAL/src/alt_read.c.obj
[ 80%] Building C object nios_bsp/CMakeFiles/hal2_bsp.dir/HAL/src/alt_rename.c.obj
[ 79%] Building C object nios_bsp/CMakeFiles/hal2_bsp.dir/drivers/src/altera_avalon_jtag_uart_ioctl.c.obj
[ 69%] Building C object nios_bsp/CMakeFiles/hal2_bsp.dir/HAL/src/alt_io_redirect.c.obj
[ 58%] Building C object nios_bsp/CMakeFiles/hal2_bsp.dir/HAL/src/alt_execve.c.obj
[ 53%] Building C object nios_bsp/CMakeFiles/hal2_bsp.dir/HAL/src/alt_dma_txchan_open.c.obj
[ 83%] Building C object nios_bsp/CMakeFiles/hal2_bsp.dir/HAL/src/alt_icache_flush_all.c.obj
[ 78%] Building ASM object nios_bsp/CMakeFiles/hal2_bsp.dir/HAL/src/machine_trap.S.obj
[ 85%] Building C object nios_bsp/CMakeFiles/hal2_bsp.dir/HAL/src/alt_remap_cached.c.obj
[ 75%] Building C object nios_bsp/CMakeFiles/hal2_bsp.dir/HAL/src/intel_fpga_api_cmn_dfl.c.obj
[ 63%] Building C object nios_bsp/CMakeFiles/hal2_bsp.dir/HAL/src/alt_remap_uncached.c.obj
[ 62%] Building ASM object nios_bsp/CMakeFiles/hal2_bsp.dir/HAL/src/alt_mcount.S.obj
[ 85%] Building C object nios_bsp/CMakeFiles/hal2_bsp.dir/HAL/src/alt_tls.c.obj
[ 82%] Building C object nios_bsp/CMakeFiles/hal2_bsp.dir/drivers/src/altera_avalon_timer_ts.c.obj
[ 74%] Building C object nios_bsp/CMakeFiles/hal2_bsp.dir/HAL/src/alt_gettod.c.obj
[ 86%] Building C object nios_bsp/CMakeFiles/hal2_bsp.dir/HAL/src/alt_printf.c.obj
[ 71%] Building C object nios_bsp/CMakeFiles/hal2_bsp.dir/HAL/src/alt_get_fd.c.obj
[ 84%] Building C object nios_bsp/CMakeFiles/hal2_bsp.dir/HAL/src/alt_uncached_malloc.c.obj
[ 87%] Building C object nios_bsp/CMakeFiles/hal2_bsp.dir/alt_sys_init.c.obj
[ 81%] Building C object nios_bsp/CMakeFiles/hal2_bsp.dir/HAL/src/alt_load.c.obj
[ 88%] Linking C static library libhal2_bsp.a
[ 88%] Built target hal2_bsp
[ 90%] Building C object CMakeFiles/nios_app.elf.dir/glue.c.obj
[ 89%] Building C object CMakeFiles/nios_app.elf.dir/ffunicode.c.obj
[ 91%] Building C object CMakeFiles/nios_app.elf.dir/ff.c.obj
[ 93%] Building C object CMakeFiles/nios_app.elf.dir/terasic_sdcard/crc7.c.obj
[ 94%] Building C object CMakeFiles/nios_app.elf.dir/ffsystem.c.obj
[ 92%] Building C object CMakeFiles/nios_app.elf.dir/diskio.c.obj
[ 95%] Building C object CMakeFiles/nios_app.elf.dir/terasic_sdcard/sd_protocol.c.obj
[ 96%] Building C object CMakeFiles/nios_app.elf.dir/terasic_sdcard/sd_lib.c.obj
D:/dev_2025/a3sk_revA/sdcard_filesystem/software/nios_app/terasic_sdcard/crc7.c:9:10: fatal error: ..\terasic_lib\terasic_includes.h: No such file or directory
    9 | #include "..\terasic_lib\terasic_includes.h"
      |          ^~~~~~~~~~~~~~~~~~~~~~~~~~~~~~~~~~~
compilation terminated.
make[2]: *** [CMakeFiles/nios_app.elf.dir/build.make:163: CMakeFiles/nios_app.elf.dir/terasic_sdcard/crc7.c.obj] Error 1
make[2]: *** Waiting for unfinished jobs....
D:/dev_2025/a3sk_revA/sdcard_filesystem/software/nios_app/terasic_sdcard/sd_protocol.c:33:10: fatal error: ..\terasic_lib\terasic_includes.h: No such file or directory
   33 | #include "..\terasic_lib\terasic_includes.h"
      |          ^~~~~~~~~~~~~~~~~~~~~~~~~~~~~~~~~~~
compilation terminated.
make[2]: *** [CMakeFiles/nios_app.elf.dir/build.make:191: CMakeFiles/nios_app.elf.dir/terasic_sdcard/sd_protocol.c.obj] Error 1
In file included from D:/dev_2025/a3sk_revA/sdcard_filesystem/software/nios_app/terasic_sdcard/sd_lib.c:44:
D:/dev_2025/a3sk_revA/sdcard_filesystem/software/nios_app/terasic_sdcard/sd_lib.h:36:10: fatal error: ..\terasic_lib\terasic_includes.h: No such file or directory
   36 | #include "..\terasic_lib\terasic_includes.h"
      |          ^~~~~~~~~~~~~~~~~~~~~~~~~~~~~~~~~~~
compilation terminated.
make[2]: *** [CMakeFiles/nios_app.elf.dir/build.make:177: CMakeFiles/nios_app.elf.dir/terasic_sdcard/sd_lib.c.obj] Error 1
In file included from D:/dev_2025/a3sk_revA/sdcard_filesystem/software/nios_app/glue.c:24:
D:/dev_2025/a3sk_revA/sdcard_filesystem/software/nios_app/terasic_includes.h:53:10: fatal error: debug.h: No such file or directory
   53 | #include "debug.h"
      |          ^~~~~~~~~
compilation terminated.
D:/dev_2025/a3sk_revA/sdcard_filesystem/software/nios_app/diskio.c: In function 'disk_ioctl':
D:/dev_2025/a3sk_revA/sdcard_filesystem/software/nios_app/diskio.c:216:13: warning: unused variable 'result' [-Wunused-variable]
  216 |         int result;
      |             ^~~~~~
D:/dev_2025/a3sk_revA/sdcard_filesystem/software/nios_app/diskio.c: In function 'disk_status':
D:/dev_2025/a3sk_revA/sdcard_filesystem/software/nios_app/diskio.c:43:24: warning: 'stat' may be used uninitialized [-Wmaybe-uninitialized]
   43 |                 return stat;
      |                        ^~~~
D:/dev_2025/a3sk_revA/sdcard_filesystem/software/nios_app/diskio.c:34:17: note: 'stat' was declared here
   34 |         DSTATUS stat;
      |                 ^~~~
D:/dev_2025/a3sk_revA/sdcard_filesystem/software/nios_app/diskio.c: In function 'disk_read':
D:/dev_2025/a3sk_revA/sdcard_filesystem/software/nios_app/diskio.c:126:24: warning: 'res' may be used uninitialized [-Wmaybe-uninitialized]
  126 |                 return res;
      |                        ^~~
D:/dev_2025/a3sk_revA/sdcard_filesystem/software/nios_app/diskio.c:115:17: note: 'res' was declared here
  115 |         DRESULT res;
      |                 ^~~
D:/dev_2025/a3sk_revA/sdcard_filesystem/software/nios_app/diskio.c: In function 'disk_write':
D:/dev_2025/a3sk_revA/sdcard_filesystem/software/nios_app/diskio.c:177:24: warning: 'res' may be used uninitialized [-Wmaybe-uninitialized]
  177 |                 return res;
      |                        ^~~
D:/dev_2025/a3sk_revA/sdcard_filesystem/software/nios_app/diskio.c:166:17: note: 'res' was declared here
  166 |         DRESULT res;
      |                 ^~~
D:/dev_2025/a3sk_revA/sdcard_filesystem/software/nios_app/diskio.c: In function 'disk_ioctl':
D:/dev_2025/a3sk_revA/sdcard_filesystem/software/nios_app/diskio.c:223:24: warning: 'res' may be used uninitialized [-Wmaybe-uninitialized]
  223 |                 return res;
      |                        ^~~
D:/dev_2025/a3sk_revA/sdcard_filesystem/software/nios_app/diskio.c:215:17: note: 'res' was declared here
  215 |         DRESULT res;
      |                 ^~~
make[2]: *** [CMakeFiles/nios_app.elf.dir/build.make:149: CMakeFiles/nios_app.elf.dir/glue.c.obj] Error 1
[ 97%] Building C object CMakeFiles/nios_app.elf.dir/main.c.obj
In file included from D:/dev_2025/a3sk_revA/sdcard_filesystem/software/nios_app/main.c:5:
D:/dev_2025/a3sk_revA/sdcard_filesystem/software/nios_app/terasic_includes.h:53:10: fatal error: debug.h: No such file or directory
   53 | #include "debug.h"
      |          ^~~~~~~~~
compilation terminated.
make[2]: *** [CMakeFiles/nios_app.elf.dir/build.make:79: CMakeFiles/nios_app.elf.dir/main.c.obj] Error 1
make[1]: *** [CMakeFiles/Makefile2:118: CMakeFiles/nios_app.elf.dir/all] Error 2
make: *** [Makefile:91: all] Error 2
"C:/altera_pro/25.1/riscfree/build_tools/bin/make.exe -j all" terminated with exit code 2. Build might be incomplete.
10:38:08 **** Clean-only build of configuration Debug for project nios_app ****
"C:\\altera_pro\\25.1\\riscfree\\build_tools\\bin\\make.exe" -j clean 
10:38:10 **** Incremental Build of configuration Debug for project nios_app ****
"C:\\altera_pro\\25.1\\riscfree\\build_tools\\bin\\make.exe" -j all 
[  1%] Building ASM object nios_bsp/CMakeFiles/hal2_bsp.dir/HAL/src/alt_ecc_exception_entry.S.obj
[  3%] Building C object nios_bsp/CMakeFiles/hal2_bsp.dir/HAL/src/alt_dma_rxchan_open.c.obj
[  5%] Building ASM object nios_bsp/CMakeFiles/hal2_bsp.dir/HAL/src/alt_log_macro.S.obj
[  2%] Building C object nios_bsp/CMakeFiles/hal2_bsp.dir/HAL/src/alt_fd_lock.c.obj
[  6%] Building C object nios_bsp/CMakeFiles/hal2_bsp.dir/HAL/src/alt_exit.c.obj
[  8%] Building C object nios_bsp/CMakeFiles/hal2_bsp.dir/HAL/src/alt_dev_llist_insert.c.obj
[  5%] Building C object nios_bsp/CMakeFiles/hal2_bsp.dir/HAL/src/alt_dcache_flush_all.c.obj
[ 14%] Building C object nios_bsp/CMakeFiles/hal2_bsp.dir/HAL/src/alt_environ.c.obj
[ 11%] Building C object nios_bsp/CMakeFiles/hal2_bsp.dir/HAL/src/alt_gettod.c.obj
[ 12%] Building C object nios_bsp/CMakeFiles/hal2_bsp.dir/HAL/src/alt_dcache_flush_no_writeback.c.obj
[  9%] Building C object nios_bsp/CMakeFiles/hal2_bsp.dir/HAL/src/alt_find_dev.c.obj
[  7%] Building C object nios_bsp/CMakeFiles/hal2_bsp.dir/HAL/src/alt_busy_sleep.c.obj
[ 17%] Building ASM object nios_bsp/CMakeFiles/hal2_bsp.dir/HAL/src/crt0.S.obj
[ 16%] Building C object nios_bsp/CMakeFiles/hal2_bsp.dir/HAL/src/alt_errno.c.obj
[ 15%] Building C object nios_bsp/CMakeFiles/hal2_bsp.dir/HAL/src/alt_find_file.c.obj
[ 10%] Building C object nios_bsp/CMakeFiles/hal2_bsp.dir/HAL/src/alt_dma_txchan_open.c.obj
[ 13%] Building C object nios_bsp/CMakeFiles/hal2_bsp.dir/HAL/src/alt_getpid.c.obj
[ 18%] Building C object nios_bsp/CMakeFiles/hal2_bsp.dir/HAL/src/alt_icache_flush.c.obj
[ 22%] Building C object nios_bsp/CMakeFiles/hal2_bsp.dir/HAL/src/alt_flash_dev.c.obj
[ 19%] Building ASM object nios_bsp/CMakeFiles/hal2_bsp.dir/HAL/src/alt_mcount.S.obj
[ 28%] Building C object nios_bsp/CMakeFiles/hal2_bsp.dir/HAL/src/alt_io_redirect.c.obj
[ 27%] Building C object nios_bsp/CMakeFiles/hal2_bsp.dir/HAL/src/alt_ioctl.c.obj
[ 23%] Building C object nios_bsp/CMakeFiles/hal2_bsp.dir/HAL/src/alt_fcntl.c.obj
[ 25%] Building C object nios_bsp/CMakeFiles/hal2_bsp.dir/HAL/src/alt_ecc_error_inject.c.obj
[ 21%] Building ASM object nios_bsp/CMakeFiles/hal2_bsp.dir/HAL/src/machine_trap.S.obj
[ 31%] Building C object nios_bsp/CMakeFiles/hal2_bsp.dir/HAL/src/alt_close.c.obj
[ 26%] Building C object nios_bsp/CMakeFiles/hal2_bsp.dir/HAL/src/alt_fork.c.obj
[ 32%] Building C object nios_bsp/CMakeFiles/hal2_bsp.dir/HAL/src/alt_do_ctors.c.obj
[ 41%] Building C object nios_bsp/CMakeFiles/hal2_bsp.dir/HAL/src/alt_alarm_start.c.obj
[  4%] Building C object nios_bsp/CMakeFiles/hal2_bsp.dir/HAL/src/alt_ecc_exception.c.obj
[ 38%] Building C object nios_bsp/CMakeFiles/hal2_bsp.dir/HAL/src/alt_main.c.obj
[ 33%] Building C object nios_bsp/CMakeFiles/hal2_bsp.dir/HAL/src/alt_fstat.c.obj
[ 30%] Building C object nios_bsp/CMakeFiles/hal2_bsp.dir/HAL/src/alt_getchar.c.obj
[ 29%] Building C object nios_bsp/CMakeFiles/hal2_bsp.dir/HAL/src/alt_kill.c.obj
[ 32%] Building C object nios_bsp/CMakeFiles/hal2_bsp.dir/HAL/src/alt_get_fd.c.obj
[ 20%] Building C object nios_bsp/CMakeFiles/hal2_bsp.dir/HAL/src/alt_dcache_flush.c.obj
[ 28%] Building C object nios_bsp/CMakeFiles/hal2_bsp.dir/HAL/src/alt_irq_handler.c.obj
[ 37%] Building C object nios_bsp/CMakeFiles/hal2_bsp.dir/HAL/src/alt_gmon.c.obj
[ 47%] Building C object nios_bsp/CMakeFiles/hal2_bsp.dir/HAL/src/alt_putstr.c.obj
[ 34%] Building ASM object nios_bsp/CMakeFiles/hal2_bsp.dir/HAL/src/alt_vic_vector_table.S.obj
[ 24%] Building C object nios_bsp/CMakeFiles/hal2_bsp.dir/HAL/src/alt_fs_reg.c.obj
[ 16%] Building C object nios_bsp/CMakeFiles/hal2_bsp.dir/HAL/src/alt_env_lock.c.obj
[ 39%] Building C object nios_bsp/CMakeFiles/hal2_bsp.dir/HAL/src/alt_iic_isr_register.c.obj
[ 46%] Building C object nios_bsp/CMakeFiles/hal2_bsp.dir/HAL/src/alt_unlink.c.obj
[ 44%] Building C object nios_bsp/CMakeFiles/hal2_bsp.dir/HAL/src/alt_instruction_exception_register.c.obj
[ 49%] Building C object nios_bsp/CMakeFiles/hal2_bsp.dir/HAL/src/alt_times.c.obj
[ 52%] Building C object nios_bsp/CMakeFiles/hal2_bsp.dir/HAL/src/alt_tls.c.obj
[ 50%] Building C object nios_bsp/CMakeFiles/hal2_bsp.dir/HAL/src/alt_icache_flush_all.c.obj
[ 44%] Building C object nios_bsp/CMakeFiles/hal2_bsp.dir/HAL/src/alt_dev.c.obj
[ 40%] Building C object nios_bsp/CMakeFiles/hal2_bsp.dir/HAL/src/alt_execve.c.obj
[ 42%] Building C object nios_bsp/CMakeFiles/hal2_bsp.dir/HAL/src/alt_do_dtors.c.obj
[ 53%] Building C object nios_bsp/CMakeFiles/hal2_bsp.dir/HAL/src/alt_malloc_lock.c.obj
[ 35%] Building C object nios_bsp/CMakeFiles/hal2_bsp.dir/HAL/src/alt_lseek.c.obj
[ 57%] Building C object nios_bsp/CMakeFiles/hal2_bsp.dir/HAL/src/alt_vic_isr_wrapper.c.obj
[ 48%] Building C object nios_bsp/CMakeFiles/hal2_bsp.dir/HAL/src/alt_iic.c.obj
[ 45%] Building C object nios_bsp/CMakeFiles/hal2_bsp.dir/HAL/src/alt_link.c.obj
[ 52%] Building C object nios_bsp/CMakeFiles/hal2_bsp.dir/HAL/src/alt_open.c.obj
[ 63%] Building C object nios_bsp/CMakeFiles/hal2_bsp.dir/HAL/src/alt_log_printf.c.obj
[ 63%] Building C object nios_bsp/CMakeFiles/hal2_bsp.dir/HAL/src/alt_uncached_malloc.c.obj
[ 60%] Building C object nios_bsp/CMakeFiles/hal2_bsp.dir/HAL/src/alt_tick.c.obj
[ 64%] Building C object nios_bsp/CMakeFiles/hal2_bsp.dir/HAL/src/alt_usleep.c.obj
[ 53%] Building C object nios_bsp/CMakeFiles/hal2_bsp.dir/HAL/src/alt_putcharbuf.c.obj
[ 54%] Building C object nios_bsp/CMakeFiles/hal2_bsp.dir/HAL/src/alt_isatty.c.obj
[ 68%] Building C object nios_bsp/CMakeFiles/hal2_bsp.dir/HAL/src/alt_printf.c.obj
[ 58%] Building C object nios_bsp/CMakeFiles/hal2_bsp.dir/alt_sys_init.c.obj
[ 56%] Building C object nios_bsp/CMakeFiles/hal2_bsp.dir/drivers/src/altera_avalon_jtag_uart_init.c.obj
[ 51%] Building C object nios_bsp/CMakeFiles/hal2_bsp.dir/HAL/src/alt_release_fd.c.obj
[ 65%] Building C object nios_bsp/CMakeFiles/hal2_bsp.dir/HAL/src/alt_uncached_free.c.obj
[ 66%] Building C object nios_bsp/CMakeFiles/hal2_bsp.dir/HAL/src/mtimer.c.obj
[ 69%] Building C object nios_bsp/CMakeFiles/hal2_bsp.dir/drivers/src/altera_avalon_jtag_uart_write.c.obj
[ 76%] Building C object nios_bsp/CMakeFiles/hal2_bsp.dir/HAL/src/alt_wait.c.obj
[ 73%] Building C object nios_bsp/CMakeFiles/hal2_bsp.dir/HAL/src/alt_sbrk.c.obj
[ 55%] Building C object nios_bsp/CMakeFiles/hal2_bsp.dir/HAL/src/alt_read.c.obj
[ 36%] Building C object nios_bsp/CMakeFiles/hal2_bsp.dir/HAL/src/alt_fd_unlock.c.obj
[ 70%] Building C object nios_bsp/CMakeFiles/hal2_bsp.dir/HAL/src/intel_fpga_platform_api_niosv.c.obj
[ 80%] Building C object nios_bsp/CMakeFiles/hal2_bsp.dir/HAL/src/alt_stat.c.obj
[ 70%] Building C object nios_bsp/CMakeFiles/hal2_bsp.dir/drivers/src/altera_avalon_jtag_uart_read.c.obj
[ 59%] Building C object nios_bsp/CMakeFiles/hal2_bsp.dir/HAL/src/alt_putchar.c.obj
[ 72%] Building C object nios_bsp/CMakeFiles/hal2_bsp.dir/HAL/src/alt_load.c.obj
[ 74%] Building C object nios_bsp/CMakeFiles/hal2_bsp.dir/HAL/src/intel_fpga_api_cmn_inf.c.obj
[ 78%] Building C object nios_bsp/CMakeFiles/hal2_bsp.dir/HAL/src/intel_fpga_api_niosv.c.obj
[ 67%] Building C object nios_bsp/CMakeFiles/hal2_bsp.dir/drivers/src/altera_avalon_jtag_uart_ioctl.c.obj
[ 80%] Building C object nios_bsp/CMakeFiles/hal2_bsp.dir/drivers/src/altera_avalon_timer_vars.c.obj
[ 82%] Building C object nios_bsp/CMakeFiles/hal2_bsp.dir/HAL/src/alt_rename.c.obj
[ 79%] Building C object nios_bsp/CMakeFiles/hal2_bsp.dir/HAL/src/intel_fpga_api_cmn_msg.c.obj
[ 75%] Building C object nios_bsp/CMakeFiles/hal2_bsp.dir/HAL/src/alt_remap_uncached.c.obj
[ 61%] Building C object nios_bsp/CMakeFiles/hal2_bsp.dir/HAL/src/alt_settod.c.obj
[ 83%] Building C object nios_bsp/CMakeFiles/hal2_bsp.dir/drivers/src/altera_avalon_timer_sc.c.obj
[ 81%] Building C object nios_bsp/CMakeFiles/hal2_bsp.dir/drivers/src/altera_avalon_timer_ts.c.obj
[ 71%] Building C object nios_bsp/CMakeFiles/hal2_bsp.dir/drivers/src/altera_avalon_jtag_uart_fd.c.obj
[ 77%] Building C object nios_bsp/CMakeFiles/hal2_bsp.dir/HAL/src/intel_fpga_api_cmn_dfl.c.obj
[ 86%] Building C object nios_bsp/CMakeFiles/hal2_bsp.dir/HAL/src/alt_write.c.obj
[ 85%] Building C object nios_bsp/CMakeFiles/hal2_bsp.dir/HAL/src/alt_remap_cached.c.obj
[ 84%] Building C object nios_bsp/CMakeFiles/hal2_bsp.dir/HAL/src/intel_niosv_irq.c.obj
[ 87%] Building C object nios_bsp/CMakeFiles/hal2_bsp.dir/drivers/src/altera_avalon_sysid_qsys.c.obj
[ 88%] Linking C static library libhal2_bsp.a
[ 88%] Built target hal2_bsp
[ 90%] Building C object CMakeFiles/nios_app.elf.dir/main.c.obj
[ 89%] Building C object CMakeFiles/nios_app.elf.dir/terasic_sdcard/crc7.c.obj
[ 97%] Building C object CMakeFiles/nios_app.elf.dir/terasic_sdcard/sd_lib.c.obj
D:/dev_2025/a3sk_revA/sdcard_filesystem/software/nios_app/terasic_sdcard/crc7.c:9:10: fatal error: ..\terasic_lib\terasic_includes.h: No such file or directory
    9 | #include "..\terasic_lib\terasic_includes.h"
      |          ^~~~~~~~~~~~~~~~~~~~~~~~~~~~~~~~~~~
compilation terminated.
make[2]: *** [CMakeFiles/nios_app.elf.dir/build.make:163: CMakeFiles/nios_app.elf.dir/terasic_sdcard/crc7.c.obj] Error 1
make[2]: *** Waiting for unfinished jobs....
In file included from D:/dev_2025/a3sk_revA/sdcard_filesystem/software/nios_app/main.c:5:
D:/dev_2025/a3sk_revA/sdcard_filesystem/software/nios_app/terasic_sdcard/terasic_includes.h:53:10: fatal error: debug.h: No such file or directory
   53 | #include "debug.h"
      |          ^~~~~~~~~
compilation terminated.
make[2]: *** [CMakeFiles/nios_app.elf.dir/build.make:79: CMakeFiles/nios_app.elf.dir/main.c.obj] Error 1
[ 91%] Building C object CMakeFiles/nios_app.elf.dir/terasic_sdcard/sd_protocol.c.obj
In file included from D:/dev_2025/a3sk_revA/sdcard_filesystem/software/nios_app/terasic_sdcard/sd_lib.h:36,
                 from D:/dev_2025/a3sk_revA/sdcard_filesystem/software/nios_app/terasic_sdcard/sd_lib.c:44:
D:/dev_2025/a3sk_revA/sdcard_filesystem/software/nios_app/terasic_sdcard/terasic_includes.h:53:10: fatal error: debug.h: No such file or directory
   53 | #include "debug.h"
      |          ^~~~~~~~~
compilation terminated.
make[2]: *** [CMakeFiles/nios_app.elf.dir/build.make:177: CMakeFiles/nios_app.elf.dir/terasic_sdcard/sd_lib.c.obj] Error 1
[ 93%] Building C object CMakeFiles/nios_app.elf.dir/diskio.c.obj
[ 92%] Building C object CMakeFiles/nios_app.elf.dir/ffunicode.c.obj
In file included from D:/dev_2025/a3sk_revA/sdcard_filesystem/software/nios_app/terasic_sdcard/sd_protocol.c:33:
D:/dev_2025/a3sk_revA/sdcard_filesystem/software/nios_app/terasic_sdcard/terasic_includes.h:53:10: fatal error: debug.h: No such file or directory
   53 | #include "debug.h"
      |          ^~~~~~~~~
compilation terminated.
[ 94%] Building C object CMakeFiles/nios_app.elf.dir/ffsystem.c.obj
make[2]: *** [CMakeFiles/nios_app.elf.dir/build.make:191: CMakeFiles/nios_app.elf.dir/terasic_sdcard/sd_protocol.c.obj] Error 1
[ 95%] Building C object CMakeFiles/nios_app.elf.dir/ff.c.obj
[ 96%] Building C object CMakeFiles/nios_app.elf.dir/glue.c.obj
D:/dev_2025/a3sk_revA/sdcard_filesystem/software/nios_app/diskio.c: In function 'disk_ioctl':
D:/dev_2025/a3sk_revA/sdcard_filesystem/software/nios_app/diskio.c:216:13: warning: unused variable 'result' [-Wunused-variable]
  216 |         int result;
      |             ^~~~~~
D:/dev_2025/a3sk_revA/sdcard_filesystem/software/nios_app/diskio.c: In function 'disk_status':
D:/dev_2025/a3sk_revA/sdcard_filesystem/software/nios_app/diskio.c:43:24: warning: 'stat' may be used uninitialized [-Wmaybe-uninitialized]
   43 |                 return stat;
      |                        ^~~~
D:/dev_2025/a3sk_revA/sdcard_filesystem/software/nios_app/diskio.c:34:17: note: 'stat' was declared here
   34 |         DSTATUS stat;
      |                 ^~~~
D:/dev_2025/a3sk_revA/sdcard_filesystem/software/nios_app/diskio.c: In function 'disk_read':
D:/dev_2025/a3sk_revA/sdcard_filesystem/software/nios_app/diskio.c:126:24: warning: 'res' may be used uninitialized [-Wmaybe-uninitialized]
  126 |                 return res;
      |                        ^~~
D:/dev_2025/a3sk_revA/sdcard_filesystem/software/nios_app/diskio.c:115:17: note: 'res' was declared here
  115 |         DRESULT res;
      |                 ^~~
D:/dev_2025/a3sk_revA/sdcard_filesystem/software/nios_app/diskio.c: In function 'disk_write':
D:/dev_2025/a3sk_revA/sdcard_filesystem/software/nios_app/diskio.c:177:24: warning: 'res' may be used uninitialized [-Wmaybe-uninitialized]
  177 |                 return res;
      |                        ^~~
D:/dev_2025/a3sk_revA/sdcard_filesystem/software/nios_app/diskio.c:166:17: note: 'res' was declared here
  166 |         DRESULT res;
      |                 ^~~
D:/dev_2025/a3sk_revA/sdcard_filesystem/software/nios_app/diskio.c: In function 'disk_ioctl':
D:/dev_2025/a3sk_revA/sdcard_filesystem/software/nios_app/diskio.c:223:24: warning: 'res' may be used uninitialized [-Wmaybe-uninitialized]
  223 |                 return res;
      |                        ^~~
D:/dev_2025/a3sk_revA/sdcard_filesystem/software/nios_app/diskio.c:215:17: note: 'res' was declared here
  215 |         DRESULT res;
      |                 ^~~
In file included from D:/dev_2025/a3sk_revA/sdcard_filesystem/software/nios_app/glue.c:24:
D:/dev_2025/a3sk_revA/sdcard_filesystem/software/nios_app/terasic_sdcard/terasic_includes.h:53:10: fatal error: debug.h: No such file or directory
   53 | #include "debug.h"
      |          ^~~~~~~~~
compilation terminated.
make[2]: *** [CMakeFiles/nios_app.elf.dir/build.make:149: CMakeFiles/nios_app.elf.dir/glue.c.obj] Error 1
make[1]: *** [CMakeFiles/Makefile2:118: CMakeFiles/nios_app.elf.dir/all] Error 2
make: *** [Makefile:91: all] Error 2
"C:/altera_pro/25.1/riscfree/build_tools/bin/make.exe -j all" terminated with exit code 2. Build might be incomplete.
10:40:45 **** Incremental Build of configuration Debug for project nios_app ****
"C:\\altera_pro\\25.1\\riscfree\\build_tools\\bin\\make.exe" -j all 
[ 88%] Built target hal2_bsp
[ 89%] Building C object CMakeFiles/nios_app.elf.dir/terasic_sdcard/crc7.c.obj
[ 93%] Building C object CMakeFiles/nios_app.elf.dir/terasic_sdcard/sd_protocol.c.obj
[ 93%] Building C object CMakeFiles/nios_app.elf.dir/glue.c.obj
[ 93%] Building C object CMakeFiles/nios_app.elf.dir/terasic_sdcard/sd_lib.c.obj
[ 90%] Building C object CMakeFiles/nios_app.elf.dir/main.c.obj
D:/dev_2025/a3sk_revA/sdcard_filesystem/software/nios_app/glue.c: In function 'RAM_disk_status':
D:/dev_2025/a3sk_revA/sdcard_filesystem/software/nios_app/glue.c:123:1: warning: control reaches end of non-void function [-Wreturn-type]
  123 | }
      | ^
D:/dev_2025/a3sk_revA/sdcard_filesystem/software/nios_app/glue.c: In function 'RAM_disk_initialize':
D:/dev_2025/a3sk_revA/sdcard_filesystem/software/nios_app/glue.c:127:1: warning: control reaches end of non-void function [-Wreturn-type]
  127 | }
      | ^
D:/dev_2025/a3sk_revA/sdcard_filesystem/software/nios_app/glue.c: In function 'RAM_disk_read':
D:/dev_2025/a3sk_revA/sdcard_filesystem/software/nios_app/glue.c:135:1: warning: control reaches end of non-void function [-Wreturn-type]
  135 | }
      | ^
D:/dev_2025/a3sk_revA/sdcard_filesystem/software/nios_app/glue.c: In function 'RAM_disk_write':
D:/dev_2025/a3sk_revA/sdcard_filesystem/software/nios_app/glue.c:143:1: warning: control reaches end of non-void function [-Wreturn-type]
  143 | }
      | ^
D:/dev_2025/a3sk_revA/sdcard_filesystem/software/nios_app/glue.c: In function 'USB_disk_status':
D:/dev_2025/a3sk_revA/sdcard_filesystem/software/nios_app/glue.c:148:1: warning: control reaches end of non-void function [-Wreturn-type]
  148 | }
      | ^
D:/dev_2025/a3sk_revA/sdcard_filesystem/software/nios_app/glue.c: In function 'USB_disk_initialize':
D:/dev_2025/a3sk_revA/sdcard_filesystem/software/nios_app/glue.c:152:1: warning: control reaches end of non-void function [-Wreturn-type]
  152 | }
      | ^
D:/dev_2025/a3sk_revA/sdcard_filesystem/software/nios_app/glue.c: In function 'USB_disk_read':
D:/dev_2025/a3sk_revA/sdcard_filesystem/software/nios_app/glue.c:160:1: warning: control reaches end of non-void function [-Wreturn-type]
  160 | }
      | ^
D:/dev_2025/a3sk_revA/sdcard_filesystem/software/nios_app/glue.c: In function 'USB_disk_write':
D:/dev_2025/a3sk_revA/sdcard_filesystem/software/nios_app/glue.c:168:1: warning: control reaches end of non-void function [-Wreturn-type]
  168 | }
      | ^
D:/dev_2025/a3sk_revA/sdcard_filesystem/software/nios_app/terasic_sdcard/sd_lib.c: In function 'SDLIB_WriteBlock512':
D:/dev_2025/a3sk_revA/sdcard_filesystem/software/nios_app/terasic_sdcard/sd_lib.c:329:32: warning: passing argument 1 of 'SD_WriteData512' discards 'const' qualifier from pointer target type [-Wdiscarded-qualifiers]
  329 |     bSuccess = SD_WriteData512(szDataWrite);  // Write 512 bytes
      |                                ^~~~~~~~~~~
In file included from D:/dev_2025/a3sk_revA/sdcard_filesystem/software/nios_app/terasic_sdcard/sd_lib.c:45:
D:/dev_2025/a3sk_revA/sdcard_filesystem/software/nios_app/terasic_sdcard/sd_protocol.h:60:29: note: expected 'alt_u8 *' {aka 'unsigned char *'} but argument is of type 'const alt_u8 *' {aka 'const unsigned char *'}
   60 | bool SD_WriteData512(alt_u8 szDataWrite[]);
      |                      ~~~~~~~^~~~~~~~~~~~~
D:/dev_2025/a3sk_revA/sdcard_filesystem/software/nios_app/terasic_sdcard/sd_protocol.c: In function 'SD_CMD0':
D:/dev_2025/a3sk_revA/sdcard_filesystem/software/nios_app/terasic_sdcard/sd_protocol.c:176:11: warning: implicit declaration of function 'crc7' [-Wimplicit-function-declaration]
  176 |     crc = crc7(0, szCmd, 5);
      |           ^~~~
D:/dev_2025/a3sk_revA/sdcard_filesystem/software/nios_app/terasic_sdcard/sd_protocol.c: In function 'SD_CMD9':
D:/dev_2025/a3sk_revA/sdcard_filesystem/software/nios_app/terasic_sdcard/sd_protocol.c:550:12: warning: 'nCopyLen' may be used uninitialized [-Wmaybe-uninitialized]
  550 |         if (nCopyLen > 16)
      |            ^
D:/dev_2025/a3sk_revA/sdcard_filesystem/software/nios_app/terasic_sdcard/sd_protocol.c:549:13: note: 'nCopyLen' was declared here
  549 |         int nCopyLen, x;
      |             ^~~~~~~~
D:/dev_2025/a3sk_revA/sdcard_filesystem/software/nios_app/terasic_sdcard/sd_protocol.c: In function 'SD_CMD10':
D:/dev_2025/a3sk_revA/sdcard_filesystem/software/nios_app/terasic_sdcard/sd_protocol.c:605:12: warning: 'nCopyLen' may be used uninitialized [-Wmaybe-uninitialized]
  605 |         if (nCopyLen > 16)
      |            ^
D:/dev_2025/a3sk_revA/sdcard_filesystem/software/nios_app/terasic_sdcard/sd_protocol.c:604:13: note: 'nCopyLen' was declared here
  604 |         int nCopyLen, x;
      |             ^~~~~~~~
[ 94%] Linking C executable nios_app.elf
[ 98%] Built target nios_app.elf
[100%] Reporting memory available for stack + heap in nios_app.elf.
[ 98%] Creating intel_onchip_memory.hex.
[100%] Creating nios_app.elf.objdump.
[100%] Built target create-objdump
[100%] Built target create-hex
nios_app.elf
 * 134.50 KB - Program size (code + initialized data).
 * 359.27 KB - Free for stack + heap.
[100%] Built target niosv-stack-report
10:47:06 Buildscript generation: nios_app::Debug in D:\dev_2025\a3sk_revA\sdcard_filesystem\software\nios_app\build\Debug
cmake -DCMAKE_BUILD_TYPE:STRING=Debug -DCMAKE_EXPORT_COMPILE_COMMANDS:BOOL=ON -G "Unix Makefiles" "D:\\dev_2025\\a3sk_revA\\sdcard_filesystem\\software\\nios_app" 
-- The C compiler identification is GNU 13.2.0
-- The CXX compiler identification is GNU 13.2.0
-- Detecting C compiler ABI info
-- Detecting C compiler ABI info - done
-- Check for working C compiler: C:/altera_pro/25.1/riscfree/toolchain/riscv32-unknown-elf/bin/riscv32-unknown-elf-gcc.exe - skipped
-- Detecting C compile features
-- Detecting C compile features - done
-- Detecting CXX compiler ABI info
-- Detecting CXX compiler ABI info - done
-- Check for working CXX compiler: C:/altera_pro/25.1/riscfree/toolchain/riscv32-unknown-elf/bin/riscv32-unknown-elf-g++.exe - skipped
-- Detecting CXX compile features
-- Detecting CXX compile features - done
-- The ASM compiler identification is GNU
-- Found assembler: C:/altera_pro/25.1/riscfree/toolchain/riscv32-unknown-elf/bin/riscv32-unknown-elf-gcc.exe
-- Configuring done (22.1s)
-- Generating done (0.0s)
-- Build files have been written to: D:/dev_2025/a3sk_revA/sdcard_filesystem/software/nios_app/build/Debug
10:47:30 Buildscript generation finished (took 23837 ms)
10:47:30 **** Build of configuration Debug for project nios_app ****
"C:\\altera_pro\\25.1\\riscfree\\build_tools\\bin\\make.exe" -j all 
[  1%] Building C object nios_bsp/CMakeFiles/hal2_bsp.dir/HAL/src/alt_do_dtors.c.obj
[  5%] Building C object nios_bsp/CMakeFiles/hal2_bsp.dir/HAL/src/alt_env_lock.c.obj
[  4%] Building C object nios_bsp/CMakeFiles/hal2_bsp.dir/HAL/src/alt_gettod.c.obj
[  6%] Building C object nios_bsp/CMakeFiles/hal2_bsp.dir/HAL/src/alt_fs_reg.c.obj
[ 11%] Building C object nios_bsp/CMakeFiles/hal2_bsp.dir/HAL/src/alt_gmon.c.obj
[  9%] Building C object nios_bsp/CMakeFiles/hal2_bsp.dir/HAL/src/alt_dma_rxchan_open.c.obj
[  2%] Building ASM object nios_bsp/CMakeFiles/hal2_bsp.dir/HAL/src/alt_ecc_exception_entry.S.obj
[  3%] Building ASM object nios_bsp/CMakeFiles/hal2_bsp.dir/HAL/src/machine_trap.S.obj
[ 14%] Building C object nios_bsp/CMakeFiles/hal2_bsp.dir/HAL/src/alt_dcache_flush_no_writeback.c.obj
[ 13%] Building C object nios_bsp/CMakeFiles/hal2_bsp.dir/HAL/src/alt_exit.c.obj
[  8%] Building C object nios_bsp/CMakeFiles/hal2_bsp.dir/HAL/src/alt_lseek.c.obj
[  7%] Building ASM object nios_bsp/CMakeFiles/hal2_bsp.dir/HAL/src/alt_mcount.S.obj
[ 15%] Building C object nios_bsp/CMakeFiles/hal2_bsp.dir/HAL/src/intel_niosv_irq.c.obj
[ 17%] Building C object nios_bsp/CMakeFiles/hal2_bsp.dir/HAL/src/alt_find_dev.c.obj
[ 23%] Building C object nios_bsp/CMakeFiles/hal2_bsp.dir/HAL/src/alt_fstat.c.obj
[ 12%] Building C object nios_bsp/CMakeFiles/hal2_bsp.dir/HAL/src/mtimer.c.obj
[ 18%] Building C object nios_bsp/CMakeFiles/hal2_bsp.dir/HAL/src/alt_execve.c.obj
[ 21%] Building C object nios_bsp/CMakeFiles/hal2_bsp.dir/HAL/src/alt_alarm_start.c.obj
[ 19%] Building C object nios_bsp/CMakeFiles/hal2_bsp.dir/HAL/src/alt_close.c.obj
[ 17%] Building C object nios_bsp/CMakeFiles/hal2_bsp.dir/HAL/src/alt_load.c.obj
[ 22%] Building C object nios_bsp/CMakeFiles/hal2_bsp.dir/HAL/src/alt_log_printf.c.obj
[ 20%] Building C object nios_bsp/CMakeFiles/hal2_bsp.dir/HAL/src/alt_dev_llist_insert.c.obj
[ 24%] Building ASM object nios_bsp/CMakeFiles/hal2_bsp.dir/HAL/src/alt_log_macro.S.obj
[ 26%] Building ASM object nios_bsp/CMakeFiles/hal2_bsp.dir/HAL/src/alt_vic_vector_table.S.obj
[ 33%] Building C object nios_bsp/CMakeFiles/hal2_bsp.dir/HAL/src/alt_dev.c.obj
[ 32%] Building C object nios_bsp/CMakeFiles/hal2_bsp.dir/HAL/src/alt_ecc_error_inject.c.obj
[ 38%] Building C object nios_bsp/CMakeFiles/hal2_bsp.dir/HAL/src/intel_fpga_api_cmn_inf.c.obj
[ 40%] Building C object nios_bsp/CMakeFiles/hal2_bsp.dir/HAL/src/alt_errno.c.obj
[ 29%] Building C object nios_bsp/CMakeFiles/hal2_bsp.dir/HAL/src/alt_iic_isr_register.c.obj
[ 35%] Building C object nios_bsp/CMakeFiles/hal2_bsp.dir/drivers/src/altera_avalon_jtag_uart_read.c.obj
[ 43%] Building C object nios_bsp/CMakeFiles/hal2_bsp.dir/HAL/src/alt_io_redirect.c.obj
[ 50%] Building C object nios_bsp/CMakeFiles/hal2_bsp.dir/HAL/src/alt_write.c.obj
[ 46%] Building C object nios_bsp/CMakeFiles/hal2_bsp.dir/HAL/src/alt_vic_isr_wrapper.c.obj
[ 46%] Building C object nios_bsp/CMakeFiles/hal2_bsp.dir/drivers/src/altera_avalon_timer_vars.c.obj
[ 30%] Building C object nios_bsp/CMakeFiles/hal2_bsp.dir/HAL/src/alt_unlink.c.obj
[ 34%] Building C object nios_bsp/CMakeFiles/hal2_bsp.dir/HAL/src/alt_dma_txchan_open.c.obj
[ 48%] Building C object nios_bsp/CMakeFiles/hal2_bsp.dir/HAL/src/alt_kill.c.obj
[ 42%] Building C object nios_bsp/CMakeFiles/hal2_bsp.dir/HAL/src/alt_isatty.c.obj
[ 28%] Building ASM object nios_bsp/CMakeFiles/hal2_bsp.dir/HAL/src/crt0.S.obj
[ 25%] Building C object nios_bsp/CMakeFiles/hal2_bsp.dir/HAL/src/alt_usleep.c.obj
[ 27%] Building C object nios_bsp/CMakeFiles/hal2_bsp.dir/HAL/src/alt_do_ctors.c.obj
[ 56%] Building C object nios_bsp/CMakeFiles/hal2_bsp.dir/HAL/src/alt_icache_flush_all.c.obj
[ 54%] Building C object nios_bsp/CMakeFiles/hal2_bsp.dir/HAL/src/alt_flash_dev.c.obj
[ 10%] Building C object nios_bsp/CMakeFiles/hal2_bsp.dir/HAL/src/alt_getpid.c.obj
[ 36%] Building C object nios_bsp/CMakeFiles/hal2_bsp.dir/HAL/src/alt_busy_sleep.c.obj
[ 40%] Building C object nios_bsp/CMakeFiles/hal2_bsp.dir/HAL/src/alt_printf.c.obj
[ 39%] Building C object nios_bsp/CMakeFiles/hal2_bsp.dir/HAL/src/alt_putchar.c.obj
[ 42%] Building C object nios_bsp/CMakeFiles/hal2_bsp.dir/HAL/src/intel_fpga_platform_api_niosv.c.obj
[ 47%] Building C object nios_bsp/CMakeFiles/hal2_bsp.dir/HAL/src/alt_uncached_malloc.c.obj
[ 62%] Building C object nios_bsp/CMakeFiles/hal2_bsp.dir/HAL/src/intel_fpga_api_niosv.c.obj
[ 55%] Building C object nios_bsp/CMakeFiles/hal2_bsp.dir/HAL/src/alt_uncached_free.c.obj
[ 57%] Building C object nios_bsp/CMakeFiles/hal2_bsp.dir/HAL/src/alt_fd_lock.c.obj
[ 52%] Building C object nios_bsp/CMakeFiles/hal2_bsp.dir/HAL/src/alt_getchar.c.obj
[ 58%] Building C object nios_bsp/CMakeFiles/hal2_bsp.dir/HAL/src/alt_dcache_flush.c.obj
[ 53%] Building C object nios_bsp/CMakeFiles/hal2_bsp.dir/HAL/src/alt_putcharbuf.c.obj
[ 53%] Building C object nios_bsp/CMakeFiles/hal2_bsp.dir/HAL/src/alt_fd_unlock.c.obj
[ 49%] Building C object nios_bsp/CMakeFiles/hal2_bsp.dir/HAL/src/alt_find_file.c.obj
[ 66%] Building C object nios_bsp/CMakeFiles/hal2_bsp.dir/HAL/src/alt_remap_cached.c.obj
[ 37%] Building C object nios_bsp/CMakeFiles/hal2_bsp.dir/HAL/src/alt_fcntl.c.obj
[ 68%] Building C object nios_bsp/CMakeFiles/hal2_bsp.dir/HAL/src/alt_dcache_flush_all.c.obj
[ 69%] Building C object nios_bsp/CMakeFiles/hal2_bsp.dir/HAL/src/alt_stat.c.obj
[ 44%] Building C object nios_bsp/CMakeFiles/hal2_bsp.dir/HAL/src/intel_fpga_api_cmn_dfl.c.obj
[ 51%] Building C object nios_bsp/CMakeFiles/hal2_bsp.dir/HAL/src/alt_wait.c.obj
[ 70%] Building C object nios_bsp/CMakeFiles/hal2_bsp.dir/HAL/src/alt_release_fd.c.obj
[ 65%] Building C object nios_bsp/CMakeFiles/hal2_bsp.dir/drivers/src/altera_avalon_jtag_uart_ioctl.c.obj
[ 68%] Building C object nios_bsp/CMakeFiles/hal2_bsp.dir/drivers/src/altera_avalon_jtag_uart_write.c.obj
[ 72%] Building C object nios_bsp/CMakeFiles/hal2_bsp.dir/HAL/src/alt_open.c.obj
[ 61%] Building C object nios_bsp/CMakeFiles/hal2_bsp.dir/drivers/src/altera_avalon_timer_ts.c.obj
[ 57%] Building C object nios_bsp/CMakeFiles/hal2_bsp.dir/HAL/src/alt_irq_handler.c.obj
[ 41%] Building C object nios_bsp/CMakeFiles/hal2_bsp.dir/HAL/src/alt_fork.c.obj
[ 64%] Building C object nios_bsp/CMakeFiles/hal2_bsp.dir/HAL/src/alt_ioctl.c.obj
[ 75%] Building C object nios_bsp/CMakeFiles/hal2_bsp.dir/HAL/src/alt_tls.c.obj
[ 76%] Building C object nios_bsp/CMakeFiles/hal2_bsp.dir/HAL/src/alt_icache_flush.c.obj
[ 31%] Building C object nios_bsp/CMakeFiles/hal2_bsp.dir/HAL/src/alt_environ.c.obj
[ 45%] Building C object nios_bsp/CMakeFiles/hal2_bsp.dir/HAL/src/alt_instruction_exception_register.c.obj
[ 74%] Building C object nios_bsp/CMakeFiles/hal2_bsp.dir/HAL/src/intel_fpga_api_cmn_msg.c.obj
[ 67%] Building C object nios_bsp/CMakeFiles/hal2_bsp.dir/HAL/src/alt_times.c.obj
[ 63%] Building C object nios_bsp/CMakeFiles/hal2_bsp.dir/HAL/src/alt_tick.c.obj
[ 80%] Building C object nios_bsp/CMakeFiles/hal2_bsp.dir/alt_sys_init.c.obj
[ 71%] Building C object nios_bsp/CMakeFiles/hal2_bsp.dir/drivers/src/altera_avalon_sysid_qsys.c.obj
[ 75%] Building C object nios_bsp/CMakeFiles/hal2_bsp.dir/drivers/src/altera_avalon_timer_sc.c.obj
[ 73%] Building C object nios_bsp/CMakeFiles/hal2_bsp.dir/HAL/src/alt_settod.c.obj
[ 82%] Building C object nios_bsp/CMakeFiles/hal2_bsp.dir/HAL/src/alt_remap_uncached.c.obj
[ 77%] Building C object nios_bsp/CMakeFiles/hal2_bsp.dir/HAL/src/alt_ecc_exception.c.obj
[ 78%] Building C object nios_bsp/CMakeFiles/hal2_bsp.dir/HAL/src/alt_link.c.obj
[ 81%] Building C object nios_bsp/CMakeFiles/hal2_bsp.dir/HAL/src/alt_iic.c.obj
[ 79%] Building C object nios_bsp/CMakeFiles/hal2_bsp.dir/drivers/src/altera_avalon_jtag_uart_init.c.obj
[ 83%] Building C object nios_bsp/CMakeFiles/hal2_bsp.dir/HAL/src/alt_putstr.c.obj
[ 60%] Building C object nios_bsp/CMakeFiles/hal2_bsp.dir/HAL/src/alt_malloc_lock.c.obj
[ 59%] Building C object nios_bsp/CMakeFiles/hal2_bsp.dir/HAL/src/alt_sbrk.c.obj
[ 85%] Building C object nios_bsp/CMakeFiles/hal2_bsp.dir/HAL/src/alt_rename.c.obj
[ 86%] Building C object nios_bsp/CMakeFiles/hal2_bsp.dir/drivers/src/altera_avalon_jtag_uart_fd.c.obj
[ 84%] Building C object nios_bsp/CMakeFiles/hal2_bsp.dir/HAL/src/alt_get_fd.c.obj
[ 87%] Building C object nios_bsp/CMakeFiles/hal2_bsp.dir/HAL/src/alt_read.c.obj
[ 84%] Building C object nios_bsp/CMakeFiles/hal2_bsp.dir/HAL/src/alt_main.c.obj
[ 88%] Linking C static library libhal2_bsp.a
[ 88%] Built target hal2_bsp
[ 89%] Building C object CMakeFiles/nios_app.elf.dir/terasic_sdcard/sd_lib.c.obj
[ 92%] Building C object CMakeFiles/nios_app.elf.dir/ff.c.obj
[ 90%] Building C object CMakeFiles/nios_app.elf.dir/diskio.c.obj
[ 91%] Building C object CMakeFiles/nios_app.elf.dir/ffunicode.c.obj
D:/dev_2025/a3sk_revA/sdcard_filesystem/software/nios_app/terasic_sdcard/sd_lib.c: In function 'SDLIB_WriteBlock512':
D:/dev_2025/a3sk_revA/sdcard_filesystem/software/nios_app/terasic_sdcard/sd_lib.c:329:32: warning: passing argument 1 of 'SD_WriteData512' discards 'const' qualifier from pointer target type [-Wdiscarded-qualifiers]
  329 |     bSuccess = SD_WriteData512(szDataWrite);  // Write 512 bytes
      |                                ^~~~~~~~~~~
In file included from D:/dev_2025/a3sk_revA/sdcard_filesystem/software/nios_app/terasic_sdcard/sd_lib.c:45:
D:/dev_2025/a3sk_revA/sdcard_filesystem/software/nios_app/terasic_sdcard/sd_protocol.h:60:29: note: expected 'alt_u8 *' {aka 'unsigned char *'} but argument is of type 'const alt_u8 *' {aka 'const unsigned char *'}
   60 | bool SD_WriteData512(alt_u8 szDataWrite[]);
      |                      ~~~~~~~^~~~~~~~~~~~~
[ 95%] Building C object CMakeFiles/nios_app.elf.dir/ffsystem.c.obj
D:/dev_2025/a3sk_revA/sdcard_filesystem/software/nios_app/diskio.c: In function 'disk_ioctl':
[ 94%] Building C object CMakeFiles/nios_app.elf.dir/terasic_sdcard/sd_protocol.c.obj
D:/dev_2025/a3sk_revA/sdcard_filesystem/software/nios_app/diskio.c:216:13: warning: unused variable 'result' [-Wunused-variable]
  216 |         int result;
      |             ^~~~~~
D:/dev_2025/a3sk_revA/sdcard_filesystem/software/nios_app/diskio.c: In function 'disk_status':
D:/dev_2025/a3sk_revA/sdcard_filesystem/software/nios_app/diskio.c:43:24: warning: 'stat' may be used uninitialized [-Wmaybe-uninitialized]
   43 |                 return stat;
      |                        ^~~~
D:/dev_2025/a3sk_revA/sdcard_filesystem/software/nios_app/diskio.c:34:17: note: 'stat' was declared here
   34 |         DSTATUS stat;
      |                 ^~~~
D:/dev_2025/a3sk_revA/sdcard_filesystem/software/nios_app/diskio.c: In function 'disk_read':
D:/dev_2025/a3sk_revA/sdcard_filesystem/software/nios_app/diskio.c:126:24: warning: 'res' may be used uninitialized [-Wmaybe-uninitialized]
  126 |                 return res;
      |                        ^~~
D:/dev_2025/a3sk_revA/sdcard_filesystem/software/nios_app/diskio.c:115:17: note: 'res' was declared here
  115 |         DRESULT res;
      |                 ^~~
D:/dev_2025/a3sk_revA/sdcard_filesystem/software/nios_app/diskio.c: In function 'disk_write':
D:/dev_2025/a3sk_revA/sdcard_filesystem/software/nios_app/diskio.c:177:24: warning: 'res' may be used uninitialized [-Wmaybe-uninitialized]
  177 |                 return res;
      |                        ^~~
D:/dev_2025/a3sk_revA/sdcard_filesystem/software/nios_app/diskio.c:166:17: note: 'res' was declared here
  166 |         DRESULT res;
      |                 ^~~
D:/dev_2025/a3sk_revA/sdcard_filesystem/software/nios_app/diskio.c: In function 'disk_ioctl':
D:/dev_2025/a3sk_revA/sdcard_filesystem/software/nios_app/diskio.c:223:24: warning: 'res' may be used uninitialized [-Wmaybe-uninitialized]
  223 |                 return res;
      |                        ^~~
D:/dev_2025/a3sk_revA/sdcard_filesystem/software/nios_app/diskio.c:215:17: note: 'res' was declared here
  215 |         DRESULT res;
      |                 ^~~
[ 93%] Building C object CMakeFiles/nios_app.elf.dir/main.c.obj
D:/dev_2025/a3sk_revA/sdcard_filesystem/software/nios_app/terasic_sdcard/sd_protocol.c:36:10: fatal error: sd_hal.h: No such file or directory
   36 | #include "sd_hal.h"
      |          ^~~~~~~~~~
compilation terminated.
make[2]: *** [CMakeFiles/nios_app.elf.dir/build.make:191: CMakeFiles/nios_app.elf.dir/terasic_sdcard/sd_protocol.c.obj] Error 1
make[2]: *** Waiting for unfinished jobs....
[ 96%] Building C object CMakeFiles/nios_app.elf.dir/terasic_sdcard/crc7.c.obj
[ 97%] Building C object CMakeFiles/nios_app.elf.dir/glue.c.obj
D:/dev_2025/a3sk_revA/sdcard_filesystem/software/nios_app/glue.c: In function 'RAM_disk_status':
D:/dev_2025/a3sk_revA/sdcard_filesystem/software/nios_app/glue.c:123:1: warning: control reaches end of non-void function [-Wreturn-type]
  123 | }
      | ^
D:/dev_2025/a3sk_revA/sdcard_filesystem/software/nios_app/glue.c: In function 'RAM_disk_initialize':
D:/dev_2025/a3sk_revA/sdcard_filesystem/software/nios_app/glue.c:127:1: warning: control reaches end of non-void function [-Wreturn-type]
  127 | }
      | ^
D:/dev_2025/a3sk_revA/sdcard_filesystem/software/nios_app/glue.c: In function 'RAM_disk_read':
D:/dev_2025/a3sk_revA/sdcard_filesystem/software/nios_app/glue.c:135:1: warning: control reaches end of non-void function [-Wreturn-type]
  135 | }
      | ^
D:/dev_2025/a3sk_revA/sdcard_filesystem/software/nios_app/glue.c: In function 'RAM_disk_write':
D:/dev_2025/a3sk_revA/sdcard_filesystem/software/nios_app/glue.c:143:1: warning: control reaches end of non-void function [-Wreturn-type]
  143 | }
      | ^
D:/dev_2025/a3sk_revA/sdcard_filesystem/software/nios_app/glue.c: In function 'USB_disk_status':
D:/dev_2025/a3sk_revA/sdcard_filesystem/software/nios_app/glue.c:148:1: warning: control reaches end of non-void function [-Wreturn-type]
  148 | }
      | ^
D:/dev_2025/a3sk_revA/sdcard_filesystem/software/nios_app/glue.c: In function 'USB_disk_initialize':
D:/dev_2025/a3sk_revA/sdcard_filesystem/software/nios_app/glue.c:152:1: warning: control reaches end of non-void function [-Wreturn-type]
  152 | }
      | ^
D:/dev_2025/a3sk_revA/sdcard_filesystem/software/nios_app/glue.c: In function 'USB_disk_read':
D:/dev_2025/a3sk_revA/sdcard_filesystem/software/nios_app/glue.c:160:1: warning: control reaches end of non-void function [-Wreturn-type]
  160 | }
      | ^
D:/dev_2025/a3sk_revA/sdcard_filesystem/software/nios_app/glue.c: In function 'USB_disk_write':
D:/dev_2025/a3sk_revA/sdcard_filesystem/software/nios_app/glue.c:168:1: warning: control reaches end of non-void function [-Wreturn-type]
  168 | }
      | ^
make[1]: *** [CMakeFiles/Makefile2:118: CMakeFiles/nios_app.elf.dir/all] Error 2
make: *** [Makefile:91: all] Error 2
"C:/altera_pro/25.1/riscfree/build_tools/bin/make.exe -j all" terminated with exit code 2. Build might be incomplete.
10:51:57 **** Clean-only build of configuration Debug for project nios_app ****
"C:\\altera_pro\\25.1\\riscfree\\build_tools\\bin\\make.exe" -j clean 
10:51:59 **** Incremental Build of configuration Debug for project nios_app ****
"C:\\altera_pro\\25.1\\riscfree\\build_tools\\bin\\make.exe" -j all 
[  2%] Building C object nios_bsp/CMakeFiles/hal2_bsp.dir/HAL/src/alt_fd_unlock.c.obj
[  1%] Building ASM object nios_bsp/CMakeFiles/hal2_bsp.dir/HAL/src/machine_trap.S.obj
[  7%] Building ASM object nios_bsp/CMakeFiles/hal2_bsp.dir/HAL/src/alt_log_macro.S.obj
[  6%] Building C object nios_bsp/CMakeFiles/hal2_bsp.dir/HAL/src/alt_fd_lock.c.obj
[  5%] Building ASM object nios_bsp/CMakeFiles/hal2_bsp.dir/HAL/src/alt_mcount.S.obj
[  8%] Building C object nios_bsp/CMakeFiles/hal2_bsp.dir/HAL/src/alt_icache_flush.c.obj
[  4%] Building ASM object nios_bsp/CMakeFiles/hal2_bsp.dir/HAL/src/alt_ecc_exception_entry.S.obj
[  3%] Building C object nios_bsp/CMakeFiles/hal2_bsp.dir/HAL/src/alt_dma_txchan_open.c.obj
[ 13%] Building C object nios_bsp/CMakeFiles/hal2_bsp.dir/HAL/src/alt_ecc_exception.c.obj
[  9%] Building C object nios_bsp/CMakeFiles/hal2_bsp.dir/HAL/src/alt_gmon.c.obj
[ 12%] Building C object nios_bsp/CMakeFiles/hal2_bsp.dir/HAL/src/alt_dcache_flush_no_writeback.c.obj
[ 18%] Building C object nios_bsp/CMakeFiles/hal2_bsp.dir/HAL/src/alt_getchar.c.obj
[ 17%] Building C object nios_bsp/CMakeFiles/hal2_bsp.dir/HAL/src/alt_find_file.c.obj
[ 14%] Building C object nios_bsp/CMakeFiles/hal2_bsp.dir/HAL/src/alt_alarm_start.c.obj
[ 10%] Building ASM object nios_bsp/CMakeFiles/hal2_bsp.dir/HAL/src/alt_vic_vector_table.S.obj
[ 20%] Building C object nios_bsp/CMakeFiles/hal2_bsp.dir/HAL/src/alt_execve.c.obj
[ 23%] Building C object nios_bsp/CMakeFiles/hal2_bsp.dir/HAL/src/alt_find_dev.c.obj
[ 19%] Building C object nios_bsp/CMakeFiles/hal2_bsp.dir/HAL/src/alt_fs_reg.c.obj
[ 25%] Building C object nios_bsp/CMakeFiles/hal2_bsp.dir/HAL/src/alt_get_fd.c.obj
[ 22%] Building C object nios_bsp/CMakeFiles/hal2_bsp.dir/HAL/src/alt_do_dtors.c.obj
[ 26%] Building C object nios_bsp/CMakeFiles/hal2_bsp.dir/HAL/src/alt_dev_llist_insert.c.obj
[ 28%] Building C object nios_bsp/CMakeFiles/hal2_bsp.dir/HAL/src/alt_do_ctors.c.obj
[ 11%] Building C object nios_bsp/CMakeFiles/hal2_bsp.dir/HAL/src/alt_flash_dev.c.obj
[ 31%] Building C object nios_bsp/CMakeFiles/hal2_bsp.dir/HAL/src/alt_instruction_exception_register.c.obj
[ 25%] Building C object nios_bsp/CMakeFiles/hal2_bsp.dir/HAL/src/alt_dcache_flush_all.c.obj
[ 30%] Building C object nios_bsp/CMakeFiles/hal2_bsp.dir/HAL/src/alt_io_redirect.c.obj
[ 16%] Building C object nios_bsp/CMakeFiles/hal2_bsp.dir/HAL/src/alt_dev.c.obj
[ 27%] Building ASM object nios_bsp/CMakeFiles/hal2_bsp.dir/HAL/src/crt0.S.obj
[ 21%] Building C object nios_bsp/CMakeFiles/hal2_bsp.dir/HAL/src/alt_exit.c.obj
[ 29%] Building C object nios_bsp/CMakeFiles/hal2_bsp.dir/HAL/src/alt_remap_cached.c.obj
[ 25%] Building C object nios_bsp/CMakeFiles/hal2_bsp.dir/HAL/src/alt_fcntl.c.obj
[ 33%] Building C object nios_bsp/CMakeFiles/hal2_bsp.dir/HAL/src/alt_fork.c.obj
[ 34%] Building C object nios_bsp/CMakeFiles/hal2_bsp.dir/HAL/src/alt_icache_flush_all.c.obj
[ 36%] Building C object nios_bsp/CMakeFiles/hal2_bsp.dir/HAL/src/alt_malloc_lock.c.obj
[ 39%] Building C object nios_bsp/CMakeFiles/hal2_bsp.dir/HAL/src/alt_putcharbuf.c.obj
[ 35%] Building C object nios_bsp/CMakeFiles/hal2_bsp.dir/HAL/src/alt_putchar.c.obj
[ 44%] Building C object nios_bsp/CMakeFiles/hal2_bsp.dir/HAL/src/alt_remap_uncached.c.obj
[ 24%] Building C object nios_bsp/CMakeFiles/hal2_bsp.dir/HAL/src/alt_gettod.c.obj
[ 37%] Building C object nios_bsp/CMakeFiles/hal2_bsp.dir/HAL/src/alt_uncached_malloc.c.obj
[ 15%] Building C object nios_bsp/CMakeFiles/hal2_bsp.dir/HAL/src/alt_busy_sleep.c.obj
[ 32%] Building C object nios_bsp/CMakeFiles/hal2_bsp.dir/HAL/src/alt_env_lock.c.obj
[ 42%] Building C object nios_bsp/CMakeFiles/hal2_bsp.dir/HAL/src/alt_link.c.obj
[ 47%] Building C object nios_bsp/CMakeFiles/hal2_bsp.dir/HAL/src/alt_settod.c.obj
[ 43%] Building C object nios_bsp/CMakeFiles/hal2_bsp.dir/HAL/src/alt_main.c.obj
[ 51%] Building C object nios_bsp/CMakeFiles/hal2_bsp.dir/HAL/src/intel_fpga_api_cmn_inf.c.obj
[ 39%] Building C object nios_bsp/CMakeFiles/hal2_bsp.dir/HAL/src/alt_dma_rxchan_open.c.obj
[ 53%] Building C object nios_bsp/CMakeFiles/hal2_bsp.dir/HAL/src/alt_read.c.obj
[ 55%] Building C object nios_bsp/CMakeFiles/hal2_bsp.dir/HAL/src/alt_uncached_free.c.obj
[ 57%] Building C object nios_bsp/CMakeFiles/hal2_bsp.dir/HAL/src/alt_close.c.obj
[ 59%] Building C object nios_bsp/CMakeFiles/hal2_bsp.dir/HAL/src/alt_times.c.obj
[ 41%] Building C object nios_bsp/CMakeFiles/hal2_bsp.dir/HAL/src/alt_iic_isr_register.c.obj
[ 63%] Building C object nios_bsp/CMakeFiles/hal2_bsp.dir/drivers/src/altera_avalon_timer_ts.c.obj
[ 49%] Building C object nios_bsp/CMakeFiles/hal2_bsp.dir/HAL/src/alt_lseek.c.obj
[ 64%] Building C object nios_bsp/CMakeFiles/hal2_bsp.dir/HAL/src/alt_log_printf.c.obj
[ 52%] Building C object nios_bsp/CMakeFiles/hal2_bsp.dir/HAL/src/intel_niosv_irq.c.obj
[ 40%] Building C object nios_bsp/CMakeFiles/hal2_bsp.dir/HAL/src/alt_environ.c.obj
[ 46%] Building C object nios_bsp/CMakeFiles/hal2_bsp.dir/HAL/src/alt_dcache_flush.c.obj
[ 65%] Building C object nios_bsp/CMakeFiles/hal2_bsp.dir/HAL/src/intel_fpga_api_cmn_msg.c.obj
[ 46%] Building C object nios_bsp/CMakeFiles/hal2_bsp.dir/HAL/src/alt_errno.c.obj
[ 56%] Building C object nios_bsp/CMakeFiles/hal2_bsp.dir/HAL/src/alt_write.c.obj
[ 66%] Building C object nios_bsp/CMakeFiles/hal2_bsp.dir/HAL/src/alt_sbrk.c.obj
[ 68%] Building C object nios_bsp/CMakeFiles/hal2_bsp.dir/HAL/src/alt_usleep.c.obj
[ 48%] Building C object nios_bsp/CMakeFiles/hal2_bsp.dir/HAL/src/alt_ioctl.c.obj
[ 45%] Building C object nios_bsp/CMakeFiles/hal2_bsp.dir/HAL/src/alt_fstat.c.obj
[ 38%] Building C object nios_bsp/CMakeFiles/hal2_bsp.dir/HAL/src/alt_iic.c.obj
[ 62%] Building C object nios_bsp/CMakeFiles/hal2_bsp.dir/HAL/src/alt_ecc_error_inject.c.obj
[ 72%] Building C object nios_bsp/CMakeFiles/hal2_bsp.dir/drivers/src/altera_avalon_jtag_uart_read.c.obj
[ 72%] Building C object nios_bsp/CMakeFiles/hal2_bsp.dir/HAL/src/intel_fpga_platform_api_niosv.c.obj
[ 67%] Building C object nios_bsp/CMakeFiles/hal2_bsp.dir/drivers/src/altera_avalon_timer_vars.c.obj
[ 75%] Building C object nios_bsp/CMakeFiles/hal2_bsp.dir/drivers/src/altera_avalon_sysid_qsys.c.obj
[ 67%] Building C object nios_bsp/CMakeFiles/hal2_bsp.dir/alt_sys_init.c.obj
[ 58%] Building C object nios_bsp/CMakeFiles/hal2_bsp.dir/HAL/src/alt_tls.c.obj
[ 74%] Building C object nios_bsp/CMakeFiles/hal2_bsp.dir/drivers/src/altera_avalon_jtag_uart_ioctl.c.obj
[ 69%] Building C object nios_bsp/CMakeFiles/hal2_bsp.dir/HAL/src/alt_putstr.c.obj
[ 55%] Building C object nios_bsp/CMakeFiles/hal2_bsp.dir/HAL/src/mtimer.c.obj
[ 61%] Building C object nios_bsp/CMakeFiles/hal2_bsp.dir/HAL/src/alt_kill.c.obj
[ 71%] Building C object nios_bsp/CMakeFiles/hal2_bsp.dir/HAL/src/alt_load.c.obj
[ 80%] Building C object nios_bsp/CMakeFiles/hal2_bsp.dir/HAL/src/alt_vic_isr_wrapper.c.obj
[ 77%] Building C object nios_bsp/CMakeFiles/hal2_bsp.dir/HAL/src/alt_open.c.obj
[ 81%] Building C object nios_bsp/CMakeFiles/hal2_bsp.dir/HAL/src/intel_fpga_api_niosv.c.obj
[ 50%] Building C object nios_bsp/CMakeFiles/hal2_bsp.dir/HAL/src/alt_tick.c.obj
[ 76%] Building C object nios_bsp/CMakeFiles/hal2_bsp.dir/HAL/src/alt_stat.c.obj
[ 58%] Building C object nios_bsp/CMakeFiles/hal2_bsp.dir/HAL/src/alt_rename.c.obj
[ 83%] Building C object nios_bsp/CMakeFiles/hal2_bsp.dir/HAL/src/intel_fpga_api_cmn_dfl.c.obj
[ 73%] Building C object nios_bsp/CMakeFiles/hal2_bsp.dir/HAL/src/alt_printf.c.obj
[ 82%] Building C object nios_bsp/CMakeFiles/hal2_bsp.dir/drivers/src/altera_avalon_jtag_uart_fd.c.obj
[ 78%] Building C object nios_bsp/CMakeFiles/hal2_bsp.dir/HAL/src/alt_release_fd.c.obj
[ 60%] Building C object nios_bsp/CMakeFiles/hal2_bsp.dir/HAL/src/alt_getpid.c.obj
[ 84%] Building C object nios_bsp/CMakeFiles/hal2_bsp.dir/drivers/src/altera_avalon_jtag_uart_write.c.obj
[ 61%] Building C object nios_bsp/CMakeFiles/hal2_bsp.dir/HAL/src/alt_irq_handler.c.obj
[ 79%] Building C object nios_bsp/CMakeFiles/hal2_bsp.dir/HAL/src/alt_wait.c.obj
[ 87%] Building C object nios_bsp/CMakeFiles/hal2_bsp.dir/drivers/src/altera_avalon_jtag_uart_init.c.obj
[ 85%] Building C object nios_bsp/CMakeFiles/hal2_bsp.dir/drivers/src/altera_avalon_timer_sc.c.obj
[ 70%] Building C object nios_bsp/CMakeFiles/hal2_bsp.dir/HAL/src/alt_isatty.c.obj
[ 86%] Building C object nios_bsp/CMakeFiles/hal2_bsp.dir/HAL/src/alt_unlink.c.obj
[ 88%] Linking C static library libhal2_bsp.a
[ 88%] Built target hal2_bsp
[ 89%] Building C object CMakeFiles/nios_app.elf.dir/ffsystem.c.obj
[ 92%] Building C object CMakeFiles/nios_app.elf.dir/main.c.obj
[ 96%] Building C object CMakeFiles/nios_app.elf.dir/terasic_sdcard/crc7.c.obj
[ 92%] Building C object CMakeFiles/nios_app.elf.dir/diskio.c.obj
[ 90%] Building C object CMakeFiles/nios_app.elf.dir/ff.c.obj
[ 96%] Building C object CMakeFiles/nios_app.elf.dir/ffunicode.c.obj
[ 93%] Building C object CMakeFiles/nios_app.elf.dir/terasic_sdcard/sd_protocol.c.obj
D:/dev_2025/a3sk_revA/sdcard_filesystem/software/nios_app/diskio.c: In function 'disk_ioctl':
D:/dev_2025/a3sk_revA/sdcard_filesystem/software/nios_app/diskio.c:216:13: warning: unused variable 'result' [-Wunused-variable]
  216 |         int result;
      |             ^~~~~~
D:/dev_2025/a3sk_revA/sdcard_filesystem/software/nios_app/diskio.c: In function 'disk_status':
D:/dev_2025/a3sk_revA/sdcard_filesystem/software/nios_app/diskio.c:43:24: warning: 'stat' may be used uninitialized [-Wmaybe-uninitialized]
   43 |                 return stat;
      |                        ^~~~
D:/dev_2025/a3sk_revA/sdcard_filesystem/software/nios_app/diskio.c:34:17: note: 'stat' was declared here
   34 |         DSTATUS stat;
      |                 ^~~~
D:/dev_2025/a3sk_revA/sdcard_filesystem/software/nios_app/diskio.c: In function 'disk_read':
D:/dev_2025/a3sk_revA/sdcard_filesystem/software/nios_app/diskio.c:126:24: warning: 'res' may be used uninitialized [-Wmaybe-uninitialized]
  126 |                 return res;
      |                        ^~~
D:/dev_2025/a3sk_revA/sdcard_filesystem/software/nios_app/diskio.c:115:17: note: 'res' was declared here
  115 |         DRESULT res;
      |                 ^~~
D:/dev_2025/a3sk_revA/sdcard_filesystem/software/nios_app/diskio.c: In function 'disk_write':
D:/dev_2025/a3sk_revA/sdcard_filesystem/software/nios_app/diskio.c:177:24: warning: 'res' may be used uninitialized [-Wmaybe-uninitialized]
  177 |                 return res;
      |                        ^~~
D:/dev_2025/a3sk_revA/sdcard_filesystem/software/nios_app/diskio.c:166:17: note: 'res' was declared here
  166 |         DRESULT res;
      |                 ^~~
D:/dev_2025/a3sk_revA/sdcard_filesystem/software/nios_app/diskio.c: In function 'disk_ioctl':
D:/dev_2025/a3sk_revA/sdcard_filesystem/software/nios_app/diskio.c:223:24: warning: 'res' may be used uninitialized [-Wmaybe-uninitialized]
  223 |                 return res;
      |                        ^~~
D:/dev_2025/a3sk_revA/sdcard_filesystem/software/nios_app/diskio.c:215:17: note: 'res' was declared here
  215 |         DRESULT res;
      |                 ^~~
[ 94%] Building C object CMakeFiles/nios_app.elf.dir/glue.c.obj
D:/dev_2025/a3sk_revA/sdcard_filesystem/software/nios_app/terasic_sdcard/sd_protocol.c: In function 'SD_CMD0':
D:/dev_2025/a3sk_revA/sdcard_filesystem/software/nios_app/terasic_sdcard/sd_protocol.c:173:11: warning: implicit declaration of function 'crc7' [-Wimplicit-function-declaration]
  173 |     crc = crc7(0, szCmd, 5);
      |           ^~~~
D:/dev_2025/a3sk_revA/sdcard_filesystem/software/nios_app/terasic_sdcard/sd_protocol.c: In function 'SD_CMD9':
D:/dev_2025/a3sk_revA/sdcard_filesystem/software/nios_app/terasic_sdcard/sd_protocol.c:547:12: warning: 'nCopyLen' may be used uninitialized [-Wmaybe-uninitialized]
  547 |         if (nCopyLen > 16)
      |            ^
D:/dev_2025/a3sk_revA/sdcard_filesystem/software/nios_app/terasic_sdcard/sd_protocol.c:546:13: note: 'nCopyLen' was declared here
  546 |         int nCopyLen, x;
      |             ^~~~~~~~
D:/dev_2025/a3sk_revA/sdcard_filesystem/software/nios_app/terasic_sdcard/sd_protocol.c: In function 'SD_CMD10':
D:/dev_2025/a3sk_revA/sdcard_filesystem/software/nios_app/terasic_sdcard/sd_protocol.c:602:12: warning: 'nCopyLen' may be used uninitialized [-Wmaybe-uninitialized]
  602 |         if (nCopyLen > 16)
      |            ^
D:/dev_2025/a3sk_revA/sdcard_filesystem/software/nios_app/terasic_sdcard/sd_protocol.c:601:13: note: 'nCopyLen' was declared here
  601 |         int nCopyLen, x;
      |             ^~~~~~~~
D:/dev_2025/a3sk_revA/sdcard_filesystem/software/nios_app/glue.c: In function 'RAM_disk_status':
D:/dev_2025/a3sk_revA/sdcard_filesystem/software/nios_app/glue.c:123:1: warning: control reaches end of non-void function [-Wreturn-type]
  123 | }
      | ^
D:/dev_2025/a3sk_revA/sdcard_filesystem/software/nios_app/glue.c: In function 'RAM_disk_initialize':
D:/dev_2025/a3sk_revA/sdcard_filesystem/software/nios_app/glue.c:127:1: warning: control reaches end of non-void function [-Wreturn-type]
  127 | }
      | ^
D:/dev_2025/a3sk_revA/sdcard_filesystem/software/nios_app/glue.c: In function 'RAM_disk_read':
D:/dev_2025/a3sk_revA/sdcard_filesystem/software/nios_app/glue.c:135:1: warning: control reaches end of non-void function [-Wreturn-type]
  135 | }
      | ^
D:/dev_2025/a3sk_revA/sdcard_filesystem/software/nios_app/glue.c: In function 'RAM_disk_write':
D:/dev_2025/a3sk_revA/sdcard_filesystem/software/nios_app/glue.c:143:1: warning: control reaches end of non-void function [-Wreturn-type]
  143 | }
      | ^
D:/dev_2025/a3sk_revA/sdcard_filesystem/software/nios_app/glue.c: In function 'USB_disk_status':
D:/dev_2025/a3sk_revA/sdcard_filesystem/software/nios_app/glue.c:148:1: warning: control reaches end of non-void function [-Wreturn-type]
  148 | }
      | ^
D:/dev_2025/a3sk_revA/sdcard_filesystem/software/nios_app/glue.c: In function 'USB_disk_initialize':
D:/dev_2025/a3sk_revA/sdcard_filesystem/software/nios_app/glue.c:152:1: warning: control reaches end of non-void function [-Wreturn-type]
  152 | }
      | ^
D:/dev_2025/a3sk_revA/sdcard_filesystem/software/nios_app/glue.c: In function 'USB_disk_read':
D:/dev_2025/a3sk_revA/sdcard_filesystem/software/nios_app/glue.c:160:1: warning: control reaches end of non-void function [-Wreturn-type]
  160 | }
      | ^
D:/dev_2025/a3sk_revA/sdcard_filesystem/software/nios_app/glue.c: In function 'USB_disk_write':
D:/dev_2025/a3sk_revA/sdcard_filesystem/software/nios_app/glue.c:168:1: warning: control reaches end of non-void function [-Wreturn-type]
  168 | }
      | ^
[ 97%] Building C object CMakeFiles/nios_app.elf.dir/terasic_sdcard/sd_lib.c.obj
D:/dev_2025/a3sk_revA/sdcard_filesystem/software/nios_app/terasic_sdcard/sd_lib.c: In function 'SDLIB_WriteBlock512':
D:/dev_2025/a3sk_revA/sdcard_filesystem/software/nios_app/terasic_sdcard/sd_lib.c:329:32: warning: passing argument 1 of 'SD_WriteData512' discards 'const' qualifier from pointer target type [-Wdiscarded-qualifiers]
  329 |     bSuccess = SD_WriteData512(szDataWrite);  // Write 512 bytes
      |                                ^~~~~~~~~~~
In file included from D:/dev_2025/a3sk_revA/sdcard_filesystem/software/nios_app/terasic_sdcard/sd_lib.c:45:
D:/dev_2025/a3sk_revA/sdcard_filesystem/software/nios_app/terasic_sdcard/sd_protocol.h:60:29: note: expected 'alt_u8 *' {aka 'unsigned char *'} but argument is of type 'const alt_u8 *' {aka 'const unsigned char *'}
   60 | bool SD_WriteData512(alt_u8 szDataWrite[]);
      |                      ~~~~~~~^~~~~~~~~~~~~
[ 98%] Linking C executable nios_app.elf
[ 98%] Built target nios_app.elf
[ 99%] Reporting memory available for stack + heap in nios_app.elf.
[100%] Creating nios_app.elf.objdump.
[100%] Creating intel_onchip_memory.hex.
[100%] Built target create-objdump
[100%] Built target create-hex
nios_app.elf
 * 134.50 KB - Program size (code + initialized data).
 * 359.27 KB - Free for stack + heap.
[100%] Built target niosv-stack-report
13:27:40 Buildscript generation: nios_app::Debug in D:\dev_2025\a3sk_revA\sdcard_filesystem\software\nios_app\build\Debug
cmake -DCMAKE_BUILD_TYPE:STRING=Debug -DCMAKE_EXPORT_COMPILE_COMMANDS:BOOL=ON -G "Unix Makefiles" "D:\\dev_2025\\a3sk_revA\\sdcard_filesystem\\software\\nios_app" 
-- The C compiler identification is GNU 13.2.0
-- The CXX compiler identification is GNU 13.2.0
-- Detecting C compiler ABI info
-- Detecting C compiler ABI info - done
-- Check for working C compiler: C:/altera_pro/25.1/riscfree/toolchain/riscv32-unknown-elf/bin/riscv32-unknown-elf-gcc.exe - skipped
-- Detecting C compile features
-- Detecting C compile features - done
-- Detecting CXX compiler ABI info
-- Detecting CXX compiler ABI info - done
-- Check for working CXX compiler: C:/altera_pro/25.1/riscfree/toolchain/riscv32-unknown-elf/bin/riscv32-unknown-elf-g++.exe - skipped
-- Detecting CXX compile features
-- Detecting CXX compile features - done
-- The ASM compiler identification is GNU
-- Found assembler: C:/altera_pro/25.1/riscfree/toolchain/riscv32-unknown-elf/bin/riscv32-unknown-elf-gcc.exe
-- Configuring done (19.8s)
-- Generating done (0.0s)
-- Build files have been written to: D:/dev_2025/a3sk_revA/sdcard_filesystem/software/nios_app/build/Debug
13:28:02 Buildscript generation finished (took 21450 ms)
13:28:02 **** Incremental Build of configuration Debug for project nios_app ****
"C:\\altera_pro\\25.1\\riscfree\\build_tools\\bin\\make.exe" -j all 
[  1%] Building ASM object nios_bsp/CMakeFiles/hal2_bsp.dir/HAL/src/alt_log_macro.S.obj
[  1%] Building C object nios_bsp/CMakeFiles/hal2_bsp.dir/HAL/src/alt_get_fd.c.obj
[  2%] Building C object nios_bsp/CMakeFiles/hal2_bsp.dir/HAL/src/alt_flash_dev.c.obj
[  3%] Building ASM object nios_bsp/CMakeFiles/hal2_bsp.dir/HAL/src/alt_ecc_exception_entry.S.obj
[  4%] Building ASM object nios_bsp/CMakeFiles/hal2_bsp.dir/HAL/src/machine_trap.S.obj
[  5%] Building ASM object nios_bsp/CMakeFiles/hal2_bsp.dir/HAL/src/crt0.S.obj
[  7%] Building C object nios_bsp/CMakeFiles/hal2_bsp.dir/HAL/src/alt_fs_reg.c.obj
[  8%] Building C object nios_bsp/CMakeFiles/hal2_bsp.dir/HAL/src/alt_find_file.c.obj
[  6%] Building C object nios_bsp/CMakeFiles/hal2_bsp.dir/HAL/src/alt_alarm_start.c.obj
[ 11%] Building C object nios_bsp/CMakeFiles/hal2_bsp.dir/HAL/src/alt_ioctl.c.obj
[ 12%] Building C object nios_bsp/CMakeFiles/hal2_bsp.dir/HAL/src/alt_fstat.c.obj
[ 14%] Building C object nios_bsp/CMakeFiles/hal2_bsp.dir/HAL/src/alt_env_lock.c.obj
[  9%] Building C object nios_bsp/CMakeFiles/hal2_bsp.dir/HAL/src/alt_getchar.c.obj
[ 10%] Building C object nios_bsp/CMakeFiles/hal2_bsp.dir/HAL/src/alt_gmon.c.obj
[ 17%] Building C object nios_bsp/CMakeFiles/hal2_bsp.dir/HAL/src/alt_isatty.c.obj
[ 16%] Building C object nios_bsp/CMakeFiles/hal2_bsp.dir/HAL/src/alt_dma_txchan_open.c.obj
[ 13%] Building C object nios_bsp/CMakeFiles/hal2_bsp.dir/HAL/src/alt_fcntl.c.obj
[ 19%] Building C object nios_bsp/CMakeFiles/hal2_bsp.dir/HAL/src/alt_vic_isr_wrapper.c.obj
[ 20%] Building C object nios_bsp/CMakeFiles/hal2_bsp.dir/HAL/src/alt_iic.c.obj
[ 18%] Building C object nios_bsp/CMakeFiles/hal2_bsp.dir/HAL/src/alt_dcache_flush_no_writeback.c.obj
[ 21%] Building C object nios_bsp/CMakeFiles/hal2_bsp.dir/HAL/src/alt_usleep.c.obj
[ 23%] Building C object nios_bsp/CMakeFiles/hal2_bsp.dir/HAL/src/alt_log_printf.c.obj
[ 25%] Building C object nios_bsp/CMakeFiles/hal2_bsp.dir/HAL/src/intel_fpga_platform_api_niosv.c.obj
[ 22%] Building C object nios_bsp/CMakeFiles/hal2_bsp.dir/HAL/src/alt_do_ctors.c.obj
[ 15%] Building C object nios_bsp/CMakeFiles/hal2_bsp.dir/HAL/src/alt_busy_sleep.c.obj
[ 30%] Building C object nios_bsp/CMakeFiles/hal2_bsp.dir/HAL/src/alt_ecc_error_inject.c.obj
[ 20%] Building C object nios_bsp/CMakeFiles/hal2_bsp.dir/HAL/src/alt_dcache_flush_all.c.obj
[ 31%] Building C object nios_bsp/CMakeFiles/hal2_bsp.dir/HAL/src/alt_close.c.obj
[ 25%] Building C object nios_bsp/CMakeFiles/hal2_bsp.dir/HAL/src/alt_dcache_flush.c.obj
[ 34%] Building C object nios_bsp/CMakeFiles/hal2_bsp.dir/HAL/src/alt_kill.c.obj
[ 35%] Building C object nios_bsp/CMakeFiles/hal2_bsp.dir/HAL/src/intel_fpga_api_cmn_inf.c.obj
[ 37%] Building C object nios_bsp/CMakeFiles/hal2_bsp.dir/HAL/src/alt_errno.c.obj
[ 24%] Building C object nios_bsp/CMakeFiles/hal2_bsp.dir/HAL/src/alt_execve.c.obj
[  9%] Building C object nios_bsp/CMakeFiles/hal2_bsp.dir/HAL/src/alt_irq_handler.c.obj
[ 41%] Building C object nios_bsp/CMakeFiles/hal2_bsp.dir/HAL/src/alt_malloc_lock.c.obj
[ 44%] Building C object nios_bsp/CMakeFiles/hal2_bsp.dir/HAL/src/alt_open.c.obj
[ 28%] Building C object nios_bsp/CMakeFiles/hal2_bsp.dir/HAL/src/alt_load.c.obj
[ 49%] Building C object nios_bsp/CMakeFiles/hal2_bsp.dir/HAL/src/alt_iic_isr_register.c.obj
[ 27%] Building C object nios_bsp/CMakeFiles/hal2_bsp.dir/HAL/src/alt_remap_cached.c.obj
[ 29%] Building C object nios_bsp/CMakeFiles/hal2_bsp.dir/HAL/src/alt_tick.c.obj
[ 51%] Building C object nios_bsp/CMakeFiles/hal2_bsp.dir/HAL/src/alt_remap_uncached.c.obj
[ 53%] Building C object nios_bsp/CMakeFiles/hal2_bsp.dir/HAL/src/alt_fd_unlock.c.obj
[ 34%] Building C object nios_bsp/CMakeFiles/hal2_bsp.dir/HAL/src/alt_io_redirect.c.obj
[ 50%] Building ASM object nios_bsp/CMakeFiles/hal2_bsp.dir/HAL/src/alt_mcount.S.obj
[ 54%] Building C object nios_bsp/CMakeFiles/hal2_bsp.dir/HAL/src/alt_exit.c.obj
[ 42%] Building C object nios_bsp/CMakeFiles/hal2_bsp.dir/HAL/src/alt_putcharbuf.c.obj
[ 52%] Building C object nios_bsp/CMakeFiles/hal2_bsp.dir/HAL/src/mtimer.c.obj
[ 43%] Building C object nios_bsp/CMakeFiles/hal2_bsp.dir/HAL/src/alt_ecc_exception.c.obj
[ 64%] Building C object nios_bsp/CMakeFiles/hal2_bsp.dir/drivers/src/altera_avalon_timer_ts.c.obj
[ 32%] Building C object nios_bsp/CMakeFiles/hal2_bsp.dir/HAL/src/alt_gettod.c.obj
[ 36%] Building C object nios_bsp/CMakeFiles/hal2_bsp.dir/HAL/src/alt_icache_flush_all.c.obj
[ 42%] Building C object nios_bsp/CMakeFiles/hal2_bsp.dir/HAL/src/alt_fork.c.obj
[ 67%] Building C object nios_bsp/CMakeFiles/hal2_bsp.dir/drivers/src/altera_avalon_jtag_uart_init.c.obj
[ 26%] Building C object nios_bsp/CMakeFiles/hal2_bsp.dir/HAL/src/alt_dev.c.obj
[ 59%] Building C object nios_bsp/CMakeFiles/hal2_bsp.dir/HAL/src/alt_uncached_free.c.obj
[ 70%] Building C object nios_bsp/CMakeFiles/hal2_bsp.dir/drivers/src/altera_avalon_jtag_uart_write.c.obj
[ 39%] Building C object nios_bsp/CMakeFiles/hal2_bsp.dir/HAL/src/alt_read.c.obj
[ 69%] Building C object nios_bsp/CMakeFiles/hal2_bsp.dir/HAL/src/intel_fpga_api_niosv.c.obj
[ 47%] Building ASM object nios_bsp/CMakeFiles/hal2_bsp.dir/HAL/src/alt_vic_vector_table.S.obj
[ 58%] Building C object nios_bsp/CMakeFiles/hal2_bsp.dir/HAL/src/alt_unlink.c.obj
[ 57%] Building C object nios_bsp/CMakeFiles/hal2_bsp.dir/HAL/src/alt_uncached_malloc.c.obj
[ 65%] Building C object nios_bsp/CMakeFiles/hal2_bsp.dir/HAL/src/alt_fd_lock.c.obj
[ 45%] Building C object nios_bsp/CMakeFiles/hal2_bsp.dir/HAL/src/alt_sbrk.c.obj
[ 48%] Building C object nios_bsp/CMakeFiles/hal2_bsp.dir/HAL/src/alt_release_fd.c.obj
[ 72%] Building C object nios_bsp/CMakeFiles/hal2_bsp.dir/HAL/src/alt_link.c.obj
[ 68%] Building C object nios_bsp/CMakeFiles/hal2_bsp.dir/drivers/src/altera_avalon_sysid_qsys.c.obj
[ 37%] Building C object nios_bsp/CMakeFiles/hal2_bsp.dir/HAL/src/alt_find_dev.c.obj
[ 46%] Building C object nios_bsp/CMakeFiles/hal2_bsp.dir/drivers/src/altera_avalon_jtag_uart_ioctl.c.obj
[ 66%] Building C object nios_bsp/CMakeFiles/hal2_bsp.dir/HAL/src/alt_wait.c.obj
[ 71%] Building C object nios_bsp/CMakeFiles/hal2_bsp.dir/HAL/src/alt_instruction_exception_register.c.obj
[ 77%] Building C object nios_bsp/CMakeFiles/hal2_bsp.dir/HAL/src/alt_putchar.c.obj
[ 41%] Building C object nios_bsp/CMakeFiles/hal2_bsp.dir/HAL/src/alt_icache_flush.c.obj
[ 76%] Building C object nios_bsp/CMakeFiles/hal2_bsp.dir/HAL/src/alt_putstr.c.obj
[ 81%] Building C object nios_bsp/CMakeFiles/hal2_bsp.dir/HAL/src/alt_write.c.obj
[ 73%] Building C object nios_bsp/CMakeFiles/hal2_bsp.dir/HAL/src/intel_fpga_api_cmn_dfl.c.obj
[ 38%] Building C object nios_bsp/CMakeFiles/hal2_bsp.dir/HAL/src/alt_dev_llist_insert.c.obj
[ 56%] Building C object nios_bsp/CMakeFiles/hal2_bsp.dir/HAL/src/alt_do_dtors.c.obj
[ 78%] Building C object nios_bsp/CMakeFiles/hal2_bsp.dir/HAL/src/intel_niosv_irq.c.obj
[ 82%] Building C object nios_bsp/CMakeFiles/hal2_bsp.dir/HAL/src/intel_fpga_api_cmn_msg.c.obj
[ 60%] Building C object nios_bsp/CMakeFiles/hal2_bsp.dir/HAL/src/alt_environ.c.obj
[ 80%] Building C object nios_bsp/CMakeFiles/hal2_bsp.dir/HAL/src/alt_dma_rxchan_open.c.obj
[ 75%] Building C object nios_bsp/CMakeFiles/hal2_bsp.dir/HAL/src/alt_rename.c.obj
[ 73%] Building C object nios_bsp/CMakeFiles/hal2_bsp.dir/HAL/src/alt_tls.c.obj
[ 83%] Building C object nios_bsp/CMakeFiles/hal2_bsp.dir/HAL/src/alt_getpid.c.obj
[ 80%] Building C object nios_bsp/CMakeFiles/hal2_bsp.dir/drivers/src/altera_avalon_timer_vars.c.obj
[ 63%] Building C object nios_bsp/CMakeFiles/hal2_bsp.dir/HAL/src/alt_settod.c.obj
[ 55%] Building C object nios_bsp/CMakeFiles/hal2_bsp.dir/HAL/src/alt_stat.c.obj
[ 79%] Building C object nios_bsp/CMakeFiles/hal2_bsp.dir/HAL/src/alt_printf.c.obj
[ 61%] Building C object nios_bsp/CMakeFiles/hal2_bsp.dir/HAL/src/alt_lseek.c.obj
[ 85%] Building C object nios_bsp/CMakeFiles/hal2_bsp.dir/drivers/src/altera_avalon_jtag_uart_read.c.obj
[ 74%] Building C object nios_bsp/CMakeFiles/hal2_bsp.dir/HAL/src/alt_main.c.obj
[ 84%] Building C object nios_bsp/CMakeFiles/hal2_bsp.dir/alt_sys_init.c.obj
[ 62%] Building C object nios_bsp/CMakeFiles/hal2_bsp.dir/HAL/src/alt_times.c.obj
[ 87%] Building C object nios_bsp/CMakeFiles/hal2_bsp.dir/drivers/src/altera_avalon_jtag_uart_fd.c.obj
[ 86%] Building C object nios_bsp/CMakeFiles/hal2_bsp.dir/drivers/src/altera_avalon_timer_sc.c.obj
[ 88%] Linking C static library libhal2_bsp.a
[ 88%] Built target hal2_bsp
[ 90%] Building C object CMakeFiles/nios_app.elf.dir/glue.c.obj
[ 90%] Building C object CMakeFiles/nios_app.elf.dir/main.c.obj
[ 91%] Building C object CMakeFiles/nios_app.elf.dir/terasic_sdcard/sd_protocol.c.obj
[ 92%] Building C object CMakeFiles/nios_app.elf.dir/ff.c.obj
D:/dev_2025/a3sk_revA/sdcard_filesystem/software/nios_app/glue.c: In function 'RAM_disk_status':
D:/dev_2025/a3sk_revA/sdcard_filesystem/software/nios_app/glue.c:123:1: warning: control reaches end of non-void function [-Wreturn-type]
  123 | }
      | ^
D:/dev_2025/a3sk_revA/sdcard_filesystem/software/nios_app/glue.c: In function 'RAM_disk_initialize':
D:/dev_2025/a3sk_revA/sdcard_filesystem/software/nios_app/glue.c:127:1: warning: control reaches end of non-void function [-Wreturn-type]
  127 | }
      | ^
D:/dev_2025/a3sk_revA/sdcard_filesystem/software/nios_app/glue.c: In function 'RAM_disk_read':
D:/dev_2025/a3sk_revA/sdcard_filesystem/software/nios_app/glue.c:135:1: warning: control reaches end of non-void function [-Wreturn-type]
  135 | }
      | ^
D:/dev_2025/a3sk_revA/sdcard_filesystem/software/nios_app/glue.c: In function 'RAM_disk_write':
D:/dev_2025/a3sk_revA/sdcard_filesystem/software/nios_app/glue.c:143:1: warning: control reaches end of non-void function [-Wreturn-type]
  143 | }
      | ^
D:/dev_2025/a3sk_revA/sdcard_filesystem/software/nios_app/glue.c: In function 'USB_disk_status':
D:/dev_2025/a3sk_revA/sdcard_filesystem/software/nios_app/glue.c:148:1: warning: control reaches end of non-void function [-Wreturn-type]
  148 | }
      | ^
D:/dev_2025/a3sk_revA/sdcard_filesystem/software/nios_app/glue.c: In function 'USB_disk_initialize':
D:/dev_2025/a3sk_revA/sdcard_filesystem/software/nios_app/glue.c:152:1: warning: control reaches end of non-void function [-Wreturn-type]
  152 | }
      | ^
D:/dev_2025/a3sk_revA/sdcard_filesystem/software/nios_app/glue.c: In function 'USB_disk_read':
D:/dev_2025/a3sk_revA/sdcard_filesystem/software/nios_app/glue.c:160:1: warning: control reaches end of non-void function [-Wreturn-type]
  160 | }
      | ^
D:/dev_2025/a3sk_revA/sdcard_filesystem/software/nios_app/glue.c: In function 'USB_disk_write':
D:/dev_2025/a3sk_revA/sdcard_filesystem/software/nios_app/glue.c:168:1: warning: control reaches end of non-void function [-Wreturn-type]
  168 | }
      | ^
D:/dev_2025/a3sk_revA/sdcard_filesystem/software/nios_app/terasic_sdcard/sd_protocol.c: In function 'RTL_SetupCmd':
D:/dev_2025/a3sk_revA/sdcard_filesystem/software/nios_app/terasic_sdcard/sd_protocol.c:39:33: warning: implicit declaration of function 'DEBUG' [-Wimplicit-function-declaration]
   39 |     #define SDCARD_TRACE(x)    {DEBUG(("[SD_PROTOCAL]")); DEBUG(x);}
      |                                 ^~~~~
D:/dev_2025/a3sk_revA/sdcard_filesystem/software/nios_app/terasic_sdcard/sd_protocol.c:92:9: note: in expansion of macro 'SDCARD_TRACE'
   92 |         SDCARD_TRACE(("RTL_SetupCmd\r\n"));
      |         ^~~~~~~~~~~~
D:/dev_2025/a3sk_revA/sdcard_filesystem/software/nios_app/terasic_sdcard/sd_protocol.c: In function 'RTL_Execute':
D:/dev_2025/a3sk_revA/sdcard_filesystem/software/nios_app/terasic_sdcard/sd_protocol.c:113:61: warning: left-hand operand of comma expression has no effect [-Wunused-value]
  113 |         SDCARD_TRACE(("RTL_Execute: start (txn_type=%d)\r\n", txn_type));
      |                                                             ^
D:/dev_2025/a3sk_revA/sdcard_filesystem/software/nios_app/terasic_sdcard/sd_protocol.c:39:65: note: in definition of macro 'SDCARD_TRACE'
   39 |     #define SDCARD_TRACE(x)    {DEBUG(("[SD_PROTOCAL]")); DEBUG(x);}
      |                                                                 ^
D:/dev_2025/a3sk_revA/sdcard_filesystem/software/nios_app/terasic_sdcard/sd_protocol.c:137:93: warning: left-hand operand of comma expression has no effect [-Wunused-value]
  137 |                                 SDCARD_TRACE(("........... done with error code %d (%s)\r\n", error_code, szInfo));
      |                                                                                             ^
D:/dev_2025/a3sk_revA/sdcard_filesystem/software/nios_app/terasic_sdcard/sd_protocol.c:39:65: note: in definition of macro 'SDCARD_TRACE'
   39 |     #define SDCARD_TRACE(x)    {DEBUG(("[SD_PROTOCAL]")); DEBUG(x);}
      |                                                                 ^
D:/dev_2025/a3sk_revA/sdcard_filesystem/software/nios_app/terasic_sdcard/sd_protocol.c:137:105: warning: left-hand operand of comma expression has no effect [-Wunused-value]
  137 |                                 SDCARD_TRACE(("........... done with error code %d (%s)\r\n", error_code, szInfo));
      |                                                                                                         ^
D:/dev_2025/a3sk_revA/sdcard_filesystem/software/nios_app/terasic_sdcard/sd_protocol.c:39:65: note: in definition of macro 'SDCARD_TRACE'
   39 |     #define SDCARD_TRACE(x)    {DEBUG(("[SD_PROTOCAL]")); DEBUG(x);}
      |                                                                 ^
D:/dev_2025/a3sk_revA/sdcard_filesystem/software/nios_app/terasic_sdcard/sd_protocol.c:154:49: warning: left-hand operand of comma expression has no effect [-Wunused-value]
  154 |         SDCARD_TRACE(("RTL_Execute: done %s\r\n",bSuccess?"bSuccess":"NG"));
      |                                                 ^
D:/dev_2025/a3sk_revA/sdcard_filesystem/software/nios_app/terasic_sdcard/sd_protocol.c:39:65: note: in definition of macro 'SDCARD_TRACE'
   39 |     #define SDCARD_TRACE(x)    {DEBUG(("[SD_PROTOCAL]")); DEBUG(x);}
      |                                                                 ^
D:/dev_2025/a3sk_revA/sdcard_filesystem/software/nios_app/terasic_sdcard/sd_protocol.c: In function 'SD_CMD0':
D:/dev_2025/a3sk_revA/sdcard_filesystem/software/nios_app/terasic_sdcard/sd_protocol.c:173:11: warning: implicit declaration of function 'crc7' [-Wimplicit-function-declaration]
  173 |     crc = crc7(0, szCmd, 5);
      |           ^~~~
D:/dev_2025/a3sk_revA/sdcard_filesystem/software/nios_app/terasic_sdcard/sd_protocol.c: In function 'SD_CMD8':
D:/dev_2025/a3sk_revA/sdcard_filesystem/software/nios_app/terasic_sdcard/sd_protocol.c:206:91: warning: left-hand operand of comma expression has no effect [-Wunused-value]
  206 |             SDCARD_DEBUG(("CMD%d Response: Invalid command index. szResponse[0]=%08xh\r\n", Cmd, szResponse[0]));
      |                                                                                           ^
D:/dev_2025/a3sk_revA/sdcard_filesystem/software/nios_app/terasic_sdcard/sd_protocol.c:40:65: note: in definition of macro 'SDCARD_DEBUG'
   40 |     #define SDCARD_DEBUG(x)    {DEBUG(("[SD_PROTOCAL]")); DEBUG(x);}
      |                                                                 ^
D:/dev_2025/a3sk_revA/sdcard_filesystem/software/nios_app/terasic_sdcard/sd_protocol.c:206:96: warning: left-hand operand of comma expression has no effect [-Wunused-value]
  206 |             SDCARD_DEBUG(("CMD%d Response: Invalid command index. szResponse[0]=%08xh\r\n", Cmd, szResponse[0]));
      |                                                                                                ^
D:/dev_2025/a3sk_revA/sdcard_filesystem/software/nios_app/terasic_sdcard/sd_protocol.c:40:65: note: in definition of macro 'SDCARD_DEBUG'
   40 |     #define SDCARD_DEBUG(x)    {DEBUG(("[SD_PROTOCAL]")); DEBUG(x);}
      |                                                                 ^
D:/dev_2025/a3sk_revA/sdcard_filesystem/software/nios_app/terasic_sdcard/sd_protocol.c:212:85: warning: left-hand operand of comma expression has no effect [-Wunused-value]
  212 |             SDCARD_DEBUG(("CMD%d Response: Invalid Void Id, szResponse[3]=%08xh\r\n", Cmd, szResponse[3]));
      |                                                                                     ^
D:/dev_2025/a3sk_revA/sdcard_filesystem/software/nios_app/terasic_sdcard/sd_protocol.c:40:65: note: in definition of macro 'SDCARD_DEBUG'
   40 |     #define SDCARD_DEBUG(x)    {DEBUG(("[SD_PROTOCAL]")); DEBUG(x);}
      |                                                                 ^
D:/dev_2025/a3sk_revA/sdcard_filesystem/software/nios_app/terasic_sdcard/sd_protocol.c:212:90: warning: left-hand operand of comma expression has no effect [-Wunused-value]
  212 |             SDCARD_DEBUG(("CMD%d Response: Invalid Void Id, szResponse[3]=%08xh\r\n", Cmd, szResponse[3]));
      |                                                                                          ^
D:/dev_2025/a3sk_revA/sdcard_filesystem/software/nios_app/terasic_sdcard/sd_protocol.c:40:65: note: in definition of macro 'SDCARD_DEBUG'
   40 |     #define SDCARD_DEBUG(x)    {DEBUG(("[SD_PROTOCAL]")); DEBUG(x);}
      |                                                                 ^
D:/dev_2025/a3sk_revA/sdcard_filesystem/software/nios_app/terasic_sdcard/sd_protocol.c:218:90: warning: left-hand operand of comma expression has no effect [-Wunused-value]
  218 |             SDCARD_DEBUG(("CMD%d Response: Invalid Test pattern, szResponse[4]=%08xh\r\n", Cmd, szResponse[4]));
      |                                                                                          ^
D:/dev_2025/a3sk_revA/sdcard_filesystem/software/nios_app/terasic_sdcard/sd_protocol.c:40:65: note: in definition of macro 'SDCARD_DEBUG'
   40 |     #define SDCARD_DEBUG(x)    {DEBUG(("[SD_PROTOCAL]")); DEBUG(x);}
      |                                                                 ^
D:/dev_2025/a3sk_revA/sdcard_filesystem/software/nios_app/terasic_sdcard/sd_protocol.c:218:95: warning: left-hand operand of comma expression has no effect [-Wunused-value]
  218 |             SDCARD_DEBUG(("CMD%d Response: Invalid Test pattern, szResponse[4]=%08xh\r\n", Cmd, szResponse[4]));
      |                                                                                               ^
D:/dev_2025/a3sk_revA/sdcard_filesystem/software/nios_app/terasic_sdcard/sd_protocol.c:40:65: note: in definition of macro 'SDCARD_DEBUG'
   40 |     #define SDCARD_DEBUG(x)    {DEBUG(("[SD_PROTOCAL]")); DEBUG(x);}
      |                                                                 ^
D:/dev_2025/a3sk_revA/sdcard_filesystem/software/nios_app/terasic_sdcard/sd_protocol.c:227:65: warning: left-hand operand of comma expression has no effect [-Wunused-value]
  227 |                 SDCARD_DEBUG(("CMD%d Response: Invalid crc7\r\n", Cmd));
      |                                                                 ^
D:/dev_2025/a3sk_revA/sdcard_filesystem/software/nios_app/terasic_sdcard/sd_protocol.c:40:65: note: in definition of macro 'SDCARD_DEBUG'
   40 |     #define SDCARD_DEBUG(x)    {DEBUG(("[SD_PROTOCAL]")); DEBUG(x);}
      |                                                                 ^
D:/dev_2025/a3sk_revA/sdcard_filesystem/software/nios_app/terasic_sdcard/sd_protocol.c:234:65: warning: left-hand operand of comma expression has no effect [-Wunused-value]
  234 |             SDCARD_DEBUG(("CMD%d Response: Invalid end-bits\r\n", Cmd));
      |                                                                 ^
D:/dev_2025/a3sk_revA/sdcard_filesystem/software/nios_app/terasic_sdcard/sd_protocol.c:40:65: note: in definition of macro 'SDCARD_DEBUG'
   40 |     #define SDCARD_DEBUG(x)    {DEBUG(("[SD_PROTOCAL]")); DEBUG(x);}
      |                                                                 ^
D:/dev_2025/a3sk_revA/sdcard_filesystem/software/nios_app/terasic_sdcard/sd_protocol.c: In function 'SD_CMD55':
D:/dev_2025/a3sk_revA/sdcard_filesystem/software/nios_app/terasic_sdcard/sd_protocol.c:271:91: warning: left-hand operand of comma expression has no effect [-Wunused-value]
  271 |             SDCARD_DEBUG(("CMD%d Response: Invalid command index. szResponse[0]=%08xh\r\n", Cmd, szResponse[0]));
      |                                                                                           ^
D:/dev_2025/a3sk_revA/sdcard_filesystem/software/nios_app/terasic_sdcard/sd_protocol.c:40:65: note: in definition of macro 'SDCARD_DEBUG'
   40 |     #define SDCARD_DEBUG(x)    {DEBUG(("[SD_PROTOCAL]")); DEBUG(x);}
      |                                                                 ^
D:/dev_2025/a3sk_revA/sdcard_filesystem/software/nios_app/terasic_sdcard/sd_protocol.c:271:96: warning: left-hand operand of comma expression has no effect [-Wunused-value]
  271 |             SDCARD_DEBUG(("CMD%d Response: Invalid command index. szResponse[0]=%08xh\r\n", Cmd, szResponse[0]));
      |                                                                                                ^
D:/dev_2025/a3sk_revA/sdcard_filesystem/software/nios_app/terasic_sdcard/sd_protocol.c:40:65: note: in definition of macro 'SDCARD_DEBUG'
   40 |     #define SDCARD_DEBUG(x)    {DEBUG(("[SD_PROTOCAL]")); DEBUG(x);}
      |                                                                 ^
D:/dev_2025/a3sk_revA/sdcard_filesystem/software/nios_app/terasic_sdcard/sd_protocol.c:279:99: warning: left-hand operand of comma expression has no effect [-Wunused-value]
  279 |             SDCARD_DEBUG(("CMD%d Response: unexpected stauts. response:%08xh, expected: %08xh\r\n", Cmd, CardStatus, ExpectedStatus));
      |                                                                                                   ^
D:/dev_2025/a3sk_revA/sdcard_filesystem/software/nios_app/terasic_sdcard/sd_protocol.c:40:65: note: in definition of macro 'SDCARD_DEBUG'
   40 |     #define SDCARD_DEBUG(x)    {DEBUG(("[SD_PROTOCAL]")); DEBUG(x);}
      |                                                                 ^
D:/dev_2025/a3sk_revA/sdcard_filesystem/software/nios_app/terasic_sdcard/sd_protocol.c:279:104: warning: left-hand operand of comma expression has no effect [-Wunused-value]
  279 |             SDCARD_DEBUG(("CMD%d Response: unexpected stauts. response:%08xh, expected: %08xh\r\n", Cmd, CardStatus, ExpectedStatus));
      |                                                                                                        ^
D:/dev_2025/a3sk_revA/sdcard_filesystem/software/nios_app/terasic_sdcard/sd_protocol.c:40:65: note: in definition of macro 'SDCARD_DEBUG'
   40 |     #define SDCARD_DEBUG(x)    {DEBUG(("[SD_PROTOCAL]")); DEBUG(x);}
      |                                                                 ^
D:/dev_2025/a3sk_revA/sdcard_filesystem/software/nios_app/terasic_sdcard/sd_protocol.c:279:116: warning: left-hand operand of comma expression has no effect [-Wunused-value]
  279 |             SDCARD_DEBUG(("CMD%d Response: unexpected stauts. response:%08xh, expected: %08xh\r\n", Cmd, CardStatus, ExpectedStatus));
      |                                                                                                                    ^
D:/dev_2025/a3sk_revA/sdcard_filesystem/software/nios_app/terasic_sdcard/sd_protocol.c:40:65: note: in definition of macro 'SDCARD_DEBUG'
   40 |     #define SDCARD_DEBUG(x)    {DEBUG(("[SD_PROTOCAL]")); DEBUG(x);}
      |                                                                 ^
D:/dev_2025/a3sk_revA/sdcard_filesystem/software/nios_app/terasic_sdcard/sd_protocol.c:288:65: warning: left-hand operand of comma expression has no effect [-Wunused-value]
  288 |                 SDCARD_DEBUG(("CMD%d Response: Invalid crc7\r\n", Cmd));
      |                                                                 ^
D:/dev_2025/a3sk_revA/sdcard_filesystem/software/nios_app/terasic_sdcard/sd_protocol.c:40:65: note: in definition of macro 'SDCARD_DEBUG'
   40 |     #define SDCARD_DEBUG(x)    {DEBUG(("[SD_PROTOCAL]")); DEBUG(x);}
      |                                                                 ^
D:/dev_2025/a3sk_revA/sdcard_filesystem/software/nios_app/terasic_sdcard/sd_protocol.c:295:65: warning: left-hand operand of comma expression has no effect [-Wunused-value]
  295 |             SDCARD_DEBUG(("CMD%d Response: Invalid end-bits\r\n", Cmd));
      |                                                                 ^
D:/dev_2025/a3sk_revA/sdcard_filesystem/software/nios_app/terasic_sdcard/sd_protocol.c:40:65: note: in definition of macro 'SDCARD_DEBUG'
   40 |     #define SDCARD_DEBUG(x)    {DEBUG(("[SD_PROTOCAL]")); DEBUG(x);}
      |                                                                 ^
D:/dev_2025/a3sk_revA/sdcard_filesystem/software/nios_app/terasic_sdcard/sd_protocol.c: In function 'SD_ACMD41':
D:/dev_2025/a3sk_revA/sdcard_filesystem/software/nios_app/terasic_sdcard/sd_protocol.c:341:71: warning: left-hand operand of comma expression has no effect [-Wunused-value]
  341 |             SDCARD_DEBUG(("ACMD%d Response: Invalid reserved bits\r\n", Cmd));
      |                                                                       ^
D:/dev_2025/a3sk_revA/sdcard_filesystem/software/nios_app/terasic_sdcard/sd_protocol.c:40:65: note: in definition of macro 'SDCARD_DEBUG'
   40 |     #define SDCARD_DEBUG(x)    {DEBUG(("[SD_PROTOCAL]")); DEBUG(x);}
      |                                                                 ^
D:/dev_2025/a3sk_revA/sdcard_filesystem/software/nios_app/terasic_sdcard/sd_protocol.c:355:62: warning: left-hand operand of comma expression has no effect [-Wunused-value]
  355 |             SDCARD_DEBUG(("ACMD%d Response: card is busy\r\n", Cmd));
      |                                                              ^
D:/dev_2025/a3sk_revA/sdcard_filesystem/software/nios_app/terasic_sdcard/sd_protocol.c:40:65: note: in definition of macro 'SDCARD_DEBUG'
   40 |     #define SDCARD_DEBUG(x)    {DEBUG(("[SD_PROTOCAL]")); DEBUG(x);}
      |                                                                 ^
D:/dev_2025/a3sk_revA/sdcard_filesystem/software/nios_app/terasic_sdcard/sd_protocol.c:361:77: warning: left-hand operand of comma expression has no effect [-Wunused-value]
  361 |             SDCARD_DEBUG(("ACMD%d Response: Invalid reserved & end-bits\r\n", Cmd));
      |                                                                             ^
D:/dev_2025/a3sk_revA/sdcard_filesystem/software/nios_app/terasic_sdcard/sd_protocol.c:40:65: note: in definition of macro 'SDCARD_DEBUG'
   40 |     #define SDCARD_DEBUG(x)    {DEBUG(("[SD_PROTOCAL]")); DEBUG(x);}
      |                                                                 ^
D:/dev_2025/a3sk_revA/sdcard_filesystem/software/nios_app/terasic_sdcard/sd_protocol.c: In function 'SD_CMD2':
D:/dev_2025/a3sk_revA/sdcard_filesystem/software/nios_app/terasic_sdcard/sd_protocol.c:399:78: warning: left-hand operand of comma expression has no effect [-Wunused-value]
  399 |             SDCARD_DEBUG(("CMD%d Response: Invalid strat+tx+reserved bit\r\n", Cmd));
      |                                                                              ^
D:/dev_2025/a3sk_revA/sdcard_filesystem/software/nios_app/terasic_sdcard/sd_protocol.c:40:65: note: in definition of macro 'SDCARD_DEBUG'
   40 |     #define SDCARD_DEBUG(x)    {DEBUG(("[SD_PROTOCAL]")); DEBUG(x);}
      |                                                                 ^
D:/dev_2025/a3sk_revA/sdcard_filesystem/software/nios_app/terasic_sdcard/sd_protocol.c:409:65: warning: left-hand operand of comma expression has no effect [-Wunused-value]
  409 |                 SDCARD_DEBUG(("CMD%d Response: Invalid crc7\r\n", Cmd));
      |                                                                 ^
D:/dev_2025/a3sk_revA/sdcard_filesystem/software/nios_app/terasic_sdcard/sd_protocol.c:40:65: note: in definition of macro 'SDCARD_DEBUG'
   40 |     #define SDCARD_DEBUG(x)    {DEBUG(("[SD_PROTOCAL]")); DEBUG(x);}
      |                                                                 ^
D:/dev_2025/a3sk_revA/sdcard_filesystem/software/nios_app/terasic_sdcard/sd_protocol.c:416:65: warning: left-hand operand of comma expression has no effect [-Wunused-value]
  416 |             SDCARD_DEBUG(("CMD%d Response: Invalid end-bits\r\n", Cmd));
      |                                                                 ^
D:/dev_2025/a3sk_revA/sdcard_filesystem/software/nios_app/terasic_sdcard/sd_protocol.c:40:65: note: in definition of macro 'SDCARD_DEBUG'
   40 |     #define SDCARD_DEBUG(x)    {DEBUG(("[SD_PROTOCAL]")); DEBUG(x);}
      |                                                                 ^
D:/dev_2025/a3sk_revA/sdcard_filesystem/software/nios_app/terasic_sdcard/sd_protocol.c: In function 'SD_CMD3':
D:/dev_2025/a3sk_revA/sdcard_filesystem/software/nios_app/terasic_sdcard/sd_protocol.c:461:78: warning: left-hand operand of comma expression has no effect [-Wunused-value]
  461 |             SDCARD_DEBUG(("CMD%d Response: Invalid strat+tx+reserved bit\r\n", Cmd));
      |                                                                              ^
D:/dev_2025/a3sk_revA/sdcard_filesystem/software/nios_app/terasic_sdcard/sd_protocol.c:40:65: note: in definition of macro 'SDCARD_DEBUG'
   40 |     #define SDCARD_DEBUG(x)    {DEBUG(("[SD_PROTOCAL]")); DEBUG(x);}
      |                                                                 ^
D:/dev_2025/a3sk_revA/sdcard_filesystem/software/nios_app/terasic_sdcard/sd_protocol.c:472:72: warning: left-hand operand of comma expression has no effect [-Wunused-value]
  472 |            SDCARD_DEBUG(("CMD%d Response: Unexpected CURRENT_STATE\r\n", Cmd));
      |                                                                        ^
D:/dev_2025/a3sk_revA/sdcard_filesystem/software/nios_app/terasic_sdcard/sd_protocol.c:40:65: note: in definition of macro 'SDCARD_DEBUG'
   40 |     #define SDCARD_DEBUG(x)    {DEBUG(("[SD_PROTOCAL]")); DEBUG(x);}
      |                                                                 ^
D:/dev_2025/a3sk_revA/sdcard_filesystem/software/nios_app/terasic_sdcard/sd_protocol.c:481:65: warning: left-hand operand of comma expression has no effect [-Wunused-value]
  481 |                 SDCARD_DEBUG(("CMD%d Response: Invalid crc7\r\n", Cmd));
      |                                                                 ^
D:/dev_2025/a3sk_revA/sdcard_filesystem/software/nios_app/terasic_sdcard/sd_protocol.c:40:65: note: in definition of macro 'SDCARD_DEBUG'
   40 |     #define SDCARD_DEBUG(x)    {DEBUG(("[SD_PROTOCAL]")); DEBUG(x);}
      |                                                                 ^
D:/dev_2025/a3sk_revA/sdcard_filesystem/software/nios_app/terasic_sdcard/sd_protocol.c:488:65: warning: left-hand operand of comma expression has no effect [-Wunused-value]
  488 |             SDCARD_DEBUG(("CMD%d Response: Invalid end-bits\r\n", Cmd));
      |                                                                 ^
D:/dev_2025/a3sk_revA/sdcard_filesystem/software/nios_app/terasic_sdcard/sd_protocol.c:40:65: note: in definition of macro 'SDCARD_DEBUG'
   40 |     #define SDCARD_DEBUG(x)    {DEBUG(("[SD_PROTOCAL]")); DEBUG(x);}
      |                                                                 ^
D:/dev_2025/a3sk_revA/sdcard_filesystem/software/nios_app/terasic_sdcard/sd_protocol.c: In function 'SD_CMD9':
D:/dev_2025/a3sk_revA/sdcard_filesystem/software/nios_app/terasic_sdcard/sd_protocol.c:523:78: warning: left-hand operand of comma expression has no effect [-Wunused-value]
  523 |             SDCARD_DEBUG(("CMD%d Response: Invalid strat+tx+reserved bit\r\n", Cmd));
      |                                                                              ^
D:/dev_2025/a3sk_revA/sdcard_filesystem/software/nios_app/terasic_sdcard/sd_protocol.c:40:65: note: in definition of macro 'SDCARD_DEBUG'
   40 |     #define SDCARD_DEBUG(x)    {DEBUG(("[SD_PROTOCAL]")); DEBUG(x);}
      |                                                                 ^
D:/dev_2025/a3sk_revA/sdcard_filesystem/software/nios_app/terasic_sdcard/sd_protocol.c:532:65: warning: left-hand operand of comma expression has no effect [-Wunused-value]
  532 |                 SDCARD_DEBUG(("CMD%d Response: Invalid crc7\r\n", Cmd));
      |                                                                 ^
D:/dev_2025/a3sk_revA/sdcard_filesystem/software/nios_app/terasic_sdcard/sd_protocol.c:40:65: note: in definition of macro 'SDCARD_DEBUG'
   40 |     #define SDCARD_DEBUG(x)    {DEBUG(("[SD_PROTOCAL]")); DEBUG(x);}
      |                                                                 ^
D:/dev_2025/a3sk_revA/sdcard_filesystem/software/nios_app/terasic_sdcard/sd_protocol.c:539:65: warning: left-hand operand of comma expression has no effect [-Wunused-value]
  539 |             SDCARD_DEBUG(("CMD%d Response: Invalid end-bits\r\n", Cmd));
      |                                                                 ^
D:/dev_2025/a3sk_revA/sdcard_filesystem/software/nios_app/terasic_sdcard/sd_protocol.c:40:65: note: in definition of macro 'SDCARD_DEBUG'
   40 |     #define SDCARD_DEBUG(x)    {DEBUG(("[SD_PROTOCAL]")); DEBUG(x);}
      |                                                                 ^
[ 93%] Building C object CMakeFiles/nios_app.elf.dir/terasic_sdcard/sd_lib.c.obj
D:/dev_2025/a3sk_revA/sdcard_filesystem/software/nios_app/terasic_sdcard/sd_protocol.c: In function 'SD_CMD10':
D:/dev_2025/a3sk_revA/sdcard_filesystem/software/nios_app/terasic_sdcard/sd_protocol.c:578:78: warning: left-hand operand of comma expression has no effect [-Wunused-value]
  578 |             SDCARD_DEBUG(("CMD%d Response: Invalid strat+tx+reserved bit\r\n", Cmd));
      |                                                                              ^
D:/dev_2025/a3sk_revA/sdcard_filesystem/software/nios_app/terasic_sdcard/sd_protocol.c:40:65: note: in definition of macro 'SDCARD_DEBUG'
   40 |     #define SDCARD_DEBUG(x)    {DEBUG(("[SD_PROTOCAL]")); DEBUG(x);}
      |                                                                 ^
D:/dev_2025/a3sk_revA/sdcard_filesystem/software/nios_app/terasic_sdcard/sd_protocol.c:587:65: warning: left-hand operand of comma expression has no effect [-Wunused-value]
  587 |                 SDCARD_DEBUG(("CMD%d Response: Invalid crc7\r\n", Cmd));
      |                                                                 ^
D:/dev_2025/a3sk_revA/sdcard_filesystem/software/nios_app/terasic_sdcard/sd_protocol.c:40:65: note: in definition of macro 'SDCARD_DEBUG'
   40 |     #define SDCARD_DEBUG(x)    {DEBUG(("[SD_PROTOCAL]")); DEBUG(x);}
      |                                                                 ^
D:/dev_2025/a3sk_revA/sdcard_filesystem/software/nios_app/terasic_sdcard/sd_protocol.c:594:65: warning: left-hand operand of comma expression has no effect [-Wunused-value]
  594 |             SDCARD_DEBUG(("CMD%d Response: Invalid end-bits\r\n", Cmd));
      |                                                                 ^
D:/dev_2025/a3sk_revA/sdcard_filesystem/software/nios_app/terasic_sdcard/sd_protocol.c:40:65: note: in definition of macro 'SDCARD_DEBUG'
   40 |     #define SDCARD_DEBUG(x)    {DEBUG(("[SD_PROTOCAL]")); DEBUG(x);}
      |                                                                 ^
D:/dev_2025/a3sk_revA/sdcard_filesystem/software/nios_app/terasic_sdcard/sd_protocol.c: In function 'SD_CMD7':
D:/dev_2025/a3sk_revA/sdcard_filesystem/software/nios_app/terasic_sdcard/sd_protocol.c:635:78: warning: left-hand operand of comma expression has no effect [-Wunused-value]
  635 |             SDCARD_DEBUG(("CMD%d Response: Invalid strat+tx+reserved bit\r\n", Cmd));
      |                                                                              ^
D:/dev_2025/a3sk_revA/sdcard_filesystem/software/nios_app/terasic_sdcard/sd_protocol.c:40:65: note: in definition of macro 'SDCARD_DEBUG'
   40 |     #define SDCARD_DEBUG(x)    {DEBUG(("[SD_PROTOCAL]")); DEBUG(x);}
      |                                                                 ^
D:/dev_2025/a3sk_revA/sdcard_filesystem/software/nios_app/terasic_sdcard/sd_protocol.c:643:66: warning: left-hand operand of comma expression has no effect [-Wunused-value]
  643 |             SDCARD_DEBUG(("CMD%d Response: unexpected stauts\r\n", Cmd));
      |                                                                  ^
D:/dev_2025/a3sk_revA/sdcard_filesystem/software/nios_app/terasic_sdcard/sd_protocol.c:40:65: note: in definition of macro 'SDCARD_DEBUG'
   40 |     #define SDCARD_DEBUG(x)    {DEBUG(("[SD_PROTOCAL]")); DEBUG(x);}
      |                                                                 ^
D:/dev_2025/a3sk_revA/sdcard_filesystem/software/nios_app/terasic_sdcard/sd_protocol.c:652:65: warning: left-hand operand of comma expression has no effect [-Wunused-value]
  652 |                 SDCARD_DEBUG(("CMD%d Response: Invalid crc7\r\n", Cmd));
      |                                                                 ^
D:/dev_2025/a3sk_revA/sdcard_filesystem/software/nios_app/terasic_sdcard/sd_protocol.c:40:65: note: in definition of macro 'SDCARD_DEBUG'
   40 |     #define SDCARD_DEBUG(x)    {DEBUG(("[SD_PROTOCAL]")); DEBUG(x);}
      |                                                                 ^
D:/dev_2025/a3sk_revA/sdcard_filesystem/software/nios_app/terasic_sdcard/sd_protocol.c:659:65: warning: left-hand operand of comma expression has no effect [-Wunused-value]
  659 |             SDCARD_DEBUG(("CMD%d Response: Invalid end-bits\r\n", Cmd));
      |                                                                 ^
D:/dev_2025/a3sk_revA/sdcard_filesystem/software/nios_app/terasic_sdcard/sd_protocol.c:40:65: note: in definition of macro 'SDCARD_DEBUG'
   40 |     #define SDCARD_DEBUG(x)    {DEBUG(("[SD_PROTOCAL]")); DEBUG(x);}
      |                                                                 ^
D:/dev_2025/a3sk_revA/sdcard_filesystem/software/nios_app/terasic_sdcard/sd_protocol.c: In function 'SD_CMD16':
D:/dev_2025/a3sk_revA/sdcard_filesystem/software/nios_app/terasic_sdcard/sd_protocol.c:695:78: warning: left-hand operand of comma expression has no effect [-Wunused-value]
  695 |             SDCARD_DEBUG(("CMD%d Response: Invalid strat+tx+reserved bit\r\n", Cmd));
      |                                                                              ^
D:/dev_2025/a3sk_revA/sdcard_filesystem/software/nios_app/terasic_sdcard/sd_protocol.c:40:65: note: in definition of macro 'SDCARD_DEBUG'
   40 |     #define SDCARD_DEBUG(x)    {DEBUG(("[SD_PROTOCAL]")); DEBUG(x);}
      |                                                                 ^
D:/dev_2025/a3sk_revA/sdcard_filesystem/software/nios_app/terasic_sdcard/sd_protocol.c:703:66: warning: left-hand operand of comma expression has no effect [-Wunused-value]
  703 |             SDCARD_DEBUG(("CMD%d Response: unexpected stauts\r\n", Cmd));
      |                                                                  ^
D:/dev_2025/a3sk_revA/sdcard_filesystem/software/nios_app/terasic_sdcard/sd_protocol.c:40:65: note: in definition of macro 'SDCARD_DEBUG'
   40 |     #define SDCARD_DEBUG(x)    {DEBUG(("[SD_PROTOCAL]")); DEBUG(x);}
      |                                                                 ^
D:/dev_2025/a3sk_revA/sdcard_filesystem/software/nios_app/terasic_sdcard/sd_protocol.c:712:65: warning: left-hand operand of comma expression has no effect [-Wunused-value]
  712 |                 SDCARD_DEBUG(("CMD%d Response: Invalid crc7\r\n", Cmd));
      |                                                                 ^
D:/dev_2025/a3sk_revA/sdcard_filesystem/software/nios_app/terasic_sdcard/sd_protocol.c:40:65: note: in definition of macro 'SDCARD_DEBUG'
   40 |     #define SDCARD_DEBUG(x)    {DEBUG(("[SD_PROTOCAL]")); DEBUG(x);}
      |                                                                 ^
D:/dev_2025/a3sk_revA/sdcard_filesystem/software/nios_app/terasic_sdcard/sd_protocol.c:719:65: warning: left-hand operand of comma expression has no effect [-Wunused-value]
  719 |             SDCARD_DEBUG(("CMD%d Response: Invalid end-bits\r\n", Cmd));
      |                                                                 ^
D:/dev_2025/a3sk_revA/sdcard_filesystem/software/nios_app/terasic_sdcard/sd_protocol.c:40:65: note: in definition of macro 'SDCARD_DEBUG'
   40 |     #define SDCARD_DEBUG(x)    {DEBUG(("[SD_PROTOCAL]")); DEBUG(x);}
      |                                                                 ^
D:/dev_2025/a3sk_revA/sdcard_filesystem/software/nios_app/terasic_sdcard/sd_protocol.c: In function 'SD_ACMD6':
D:/dev_2025/a3sk_revA/sdcard_filesystem/software/nios_app/terasic_sdcard/sd_protocol.c:755:70: warning: left-hand operand of comma expression has no effect [-Wunused-value]
  755 |             SDCARD_DEBUG(("CMD%d Response: Invalid reserved bits\r\n", Cmd));
      |                                                                      ^
D:/dev_2025/a3sk_revA/sdcard_filesystem/software/nios_app/terasic_sdcard/sd_protocol.c:40:65: note: in definition of macro 'SDCARD_DEBUG'
   40 |     #define SDCARD_DEBUG(x)    {DEBUG(("[SD_PROTOCAL]")); DEBUG(x);}
      |                                                                 ^
D:/dev_2025/a3sk_revA/sdcard_filesystem/software/nios_app/terasic_sdcard/sd_protocol.c:763:66: warning: left-hand operand of comma expression has no effect [-Wunused-value]
  763 |             SDCARD_DEBUG(("CMD%d Response: unexpected stauts\r\n", Cmd));
      |                                                                  ^
D:/dev_2025/a3sk_revA/sdcard_filesystem/software/nios_app/terasic_sdcard/sd_protocol.c:40:65: note: in definition of macro 'SDCARD_DEBUG'
   40 |     #define SDCARD_DEBUG(x)    {DEBUG(("[SD_PROTOCAL]")); DEBUG(x);}
      |                                                                 ^
D:/dev_2025/a3sk_revA/sdcard_filesystem/software/nios_app/terasic_sdcard/sd_protocol.c:772:65: warning: left-hand operand of comma expression has no effect [-Wunused-value]
  772 |                 SDCARD_DEBUG(("CMD%d Response: Invalid crc7\r\n", Cmd));
      |                                                                 ^
D:/dev_2025/a3sk_revA/sdcard_filesystem/software/nios_app/terasic_sdcard/sd_protocol.c:40:65: note: in definition of macro 'SDCARD_DEBUG'
   40 |     #define SDCARD_DEBUG(x)    {DEBUG(("[SD_PROTOCAL]")); DEBUG(x);}
      |                                                                 ^
D:/dev_2025/a3sk_revA/sdcard_filesystem/software/nios_app/terasic_sdcard/sd_protocol.c:779:65: warning: left-hand operand of comma expression has no effect [-Wunused-value]
  779 |             SDCARD_DEBUG(("CMD%d Response: Invalid end-bits\r\n", Cmd));
      |                                                                 ^
D:/dev_2025/a3sk_revA/sdcard_filesystem/software/nios_app/terasic_sdcard/sd_protocol.c:40:65: note: in definition of macro 'SDCARD_DEBUG'
   40 |     #define SDCARD_DEBUG(x)    {DEBUG(("[SD_PROTOCAL]")); DEBUG(x);}
      |                                                                 ^
D:/dev_2025/a3sk_revA/sdcard_filesystem/software/nios_app/terasic_sdcard/sd_protocol.c: In function 'SD_ACMD42':
D:/dev_2025/a3sk_revA/sdcard_filesystem/software/nios_app/terasic_sdcard/sd_protocol.c:814:70: warning: left-hand operand of comma expression has no effect [-Wunused-value]
  814 |             SDCARD_DEBUG(("CMD%d Response: Invalid reserved bits\r\n", Cmd));
      |                                                                      ^
D:/dev_2025/a3sk_revA/sdcard_filesystem/software/nios_app/terasic_sdcard/sd_protocol.c:40:65: note: in definition of macro 'SDCARD_DEBUG'
   40 |     #define SDCARD_DEBUG(x)    {DEBUG(("[SD_PROTOCAL]")); DEBUG(x);}
      |                                                                 ^
D:/dev_2025/a3sk_revA/sdcard_filesystem/software/nios_app/terasic_sdcard/sd_protocol.c:822:66: warning: left-hand operand of comma expression has no effect [-Wunused-value]
  822 |             SDCARD_DEBUG(("CMD%d Response: unexpected stauts\r\n", Cmd));
      |                                                                  ^
D:/dev_2025/a3sk_revA/sdcard_filesystem/software/nios_app/terasic_sdcard/sd_protocol.c:40:65: note: in definition of macro 'SDCARD_DEBUG'
   40 |     #define SDCARD_DEBUG(x)    {DEBUG(("[SD_PROTOCAL]")); DEBUG(x);}
      |                                                                 ^
D:/dev_2025/a3sk_revA/sdcard_filesystem/software/nios_app/terasic_sdcard/sd_protocol.c:831:65: warning: left-hand operand of comma expression has no effect [-Wunused-value]
  831 |                 SDCARD_DEBUG(("CMD%d Response: Invalid crc7\r\n", Cmd));
      |                                                                 ^
D:/dev_2025/a3sk_revA/sdcard_filesystem/software/nios_app/terasic_sdcard/sd_protocol.c:40:65: note: in definition of macro 'SDCARD_DEBUG'
   40 |     #define SDCARD_DEBUG(x)    {DEBUG(("[SD_PROTOCAL]")); DEBUG(x);}
      |                                                                 ^
D:/dev_2025/a3sk_revA/sdcard_filesystem/software/nios_app/terasic_sdcard/sd_protocol.c:838:65: warning: left-hand operand of comma expression has no effect [-Wunused-value]
  838 |             SDCARD_DEBUG(("CMD%d Response: Invalid end-bits\r\n", Cmd));
      |                                                                 ^
D:/dev_2025/a3sk_revA/sdcard_filesystem/software/nios_app/terasic_sdcard/sd_protocol.c:40:65: note: in definition of macro 'SDCARD_DEBUG'
   40 |     #define SDCARD_DEBUG(x)    {DEBUG(("[SD_PROTOCAL]")); DEBUG(x);}
      |                                                                 ^
D:/dev_2025/a3sk_revA/sdcard_filesystem/software/nios_app/terasic_sdcard/sd_protocol.c: In function 'SD_CMD17':
D:/dev_2025/a3sk_revA/sdcard_filesystem/software/nios_app/terasic_sdcard/sd_protocol.c:872:57: warning: left-hand operand of comma expression has no effect [-Wunused-value]
  872 |         SDCARD_DEBUG(("CMD%d failed to get Response\r\n", Cmd));
      |                                                         ^
D:/dev_2025/a3sk_revA/sdcard_filesystem/software/nios_app/terasic_sdcard/sd_protocol.c:40:65: note: in definition of macro 'SDCARD_DEBUG'
   40 |     #define SDCARD_DEBUG(x)    {DEBUG(("[SD_PROTOCAL]")); DEBUG(x);}
      |                                                                 ^
D:/dev_2025/a3sk_revA/sdcard_filesystem/software/nios_app/terasic_sdcard/sd_protocol.c:877:78: warning: left-hand operand of comma expression has no effect [-Wunused-value]
  877 |             SDCARD_DEBUG(("CMD%d Response: Invalid strat+tx+reserved bit\r\n", Cmd));
      |                                                                              ^
D:/dev_2025/a3sk_revA/sdcard_filesystem/software/nios_app/terasic_sdcard/sd_protocol.c:40:65: note: in definition of macro 'SDCARD_DEBUG'
   40 |     #define SDCARD_DEBUG(x)    {DEBUG(("[SD_PROTOCAL]")); DEBUG(x);}
      |                                                                 ^
D:/dev_2025/a3sk_revA/sdcard_filesystem/software/nios_app/terasic_sdcard/sd_protocol.c:885:66: warning: left-hand operand of comma expression has no effect [-Wunused-value]
  885 |             SDCARD_DEBUG(("CMD%d Response: unexpected stauts\r\n", Cmd));
      |                                                                  ^
D:/dev_2025/a3sk_revA/sdcard_filesystem/software/nios_app/terasic_sdcard/sd_protocol.c:40:65: note: in definition of macro 'SDCARD_DEBUG'
   40 |     #define SDCARD_DEBUG(x)    {DEBUG(("[SD_PROTOCAL]")); DEBUG(x);}
      |                                                                 ^
D:/dev_2025/a3sk_revA/sdcard_filesystem/software/nios_app/terasic_sdcard/sd_protocol.c:894:65: warning: left-hand operand of comma expression has no effect [-Wunused-value]
  894 |                 SDCARD_DEBUG(("CMD%d Response: Invalid crc7\r\n", Cmd));
      |                                                                 ^
D:/dev_2025/a3sk_revA/sdcard_filesystem/software/nios_app/terasic_sdcard/sd_protocol.c:40:65: note: in definition of macro 'SDCARD_DEBUG'
   40 |     #define SDCARD_DEBUG(x)    {DEBUG(("[SD_PROTOCAL]")); DEBUG(x);}
      |                                                                 ^
D:/dev_2025/a3sk_revA/sdcard_filesystem/software/nios_app/terasic_sdcard/sd_protocol.c:901:65: warning: left-hand operand of comma expression has no effect [-Wunused-value]
  901 |             SDCARD_DEBUG(("CMD%d Response: Invalid end-bits\r\n", Cmd));
      |                                                                 ^
D:/dev_2025/a3sk_revA/sdcard_filesystem/software/nios_app/terasic_sdcard/sd_protocol.c:40:65: note: in definition of macro 'SDCARD_DEBUG'
   40 |     #define SDCARD_DEBUG(x)    {DEBUG(("[SD_PROTOCAL]")); DEBUG(x);}
      |                                                                 ^
D:/dev_2025/a3sk_revA/sdcard_filesystem/software/nios_app/terasic_sdcard/sd_protocol.c: In function 'SD_CMD24':
D:/dev_2025/a3sk_revA/sdcard_filesystem/software/nios_app/terasic_sdcard/sd_protocol.c:938:78: warning: left-hand operand of comma expression has no effect [-Wunused-value]
  938 |             SDCARD_DEBUG(("CMD%d Response: Invalid strat+tx+reserved bit\r\n", Cmd));
      |                                                                              ^
D:/dev_2025/a3sk_revA/sdcard_filesystem/software/nios_app/terasic_sdcard/sd_protocol.c:40:65: note: in definition of macro 'SDCARD_DEBUG'
   40 |     #define SDCARD_DEBUG(x)    {DEBUG(("[SD_PROTOCAL]")); DEBUG(x);}
      |                                                                 ^
D:/dev_2025/a3sk_revA/sdcard_filesystem/software/nios_app/terasic_sdcard/sd_protocol.c:946:66: warning: left-hand operand of comma expression has no effect [-Wunused-value]
  946 |             SDCARD_DEBUG(("CMD%d Response: unexpected stauts\r\n", Cmd));
      |                                                                  ^
D:/dev_2025/a3sk_revA/sdcard_filesystem/software/nios_app/terasic_sdcard/sd_protocol.c:40:65: note: in definition of macro 'SDCARD_DEBUG'
   40 |     #define SDCARD_DEBUG(x)    {DEBUG(("[SD_PROTOCAL]")); DEBUG(x);}
      |                                                                 ^
D:/dev_2025/a3sk_revA/sdcard_filesystem/software/nios_app/terasic_sdcard/sd_protocol.c:955:65: warning: left-hand operand of comma expression has no effect [-Wunused-value]
  955 |                 SDCARD_DEBUG(("CMD%d Response: Invalid crc7\r\n", Cmd));
      |                                                                 ^
D:/dev_2025/a3sk_revA/sdcard_filesystem/software/nios_app/terasic_sdcard/sd_protocol.c:40:65: note: in definition of macro 'SDCARD_DEBUG'
   40 |     #define SDCARD_DEBUG(x)    {DEBUG(("[SD_PROTOCAL]")); DEBUG(x);}
      |                                                                 ^
D:/dev_2025/a3sk_revA/sdcard_filesystem/software/nios_app/terasic_sdcard/sd_protocol.c:962:65: warning: left-hand operand of comma expression has no effect [-Wunused-value]
  962 |             SDCARD_DEBUG(("CMD%d Response: Invalid end-bits\r\n", Cmd));
      |                                                                 ^
D:/dev_2025/a3sk_revA/sdcard_filesystem/software/nios_app/terasic_sdcard/sd_protocol.c:40:65: note: in definition of macro 'SDCARD_DEBUG'
   40 |     #define SDCARD_DEBUG(x)    {DEBUG(("[SD_PROTOCAL]")); DEBUG(x);}
      |                                                                 ^
D:/dev_2025/a3sk_revA/sdcard_filesystem/software/nios_app/terasic_sdcard/sd_protocol.c: In function 'SD_CMD9':
D:/dev_2025/a3sk_revA/sdcard_filesystem/software/nios_app/terasic_sdcard/sd_protocol.c:547:12: warning: 'nCopyLen' may be used uninitialized [-Wmaybe-uninitialized]
  547 |         if (nCopyLen > 16)
      |            ^
D:/dev_2025/a3sk_revA/sdcard_filesystem/software/nios_app/terasic_sdcard/sd_protocol.c:546:13: note: 'nCopyLen' was declared here
  546 |         int nCopyLen, x;
      |             ^~~~~~~~
D:/dev_2025/a3sk_revA/sdcard_filesystem/software/nios_app/terasic_sdcard/sd_protocol.c: In function 'SD_CMD10':
D:/dev_2025/a3sk_revA/sdcard_filesystem/software/nios_app/terasic_sdcard/sd_protocol.c:602:12: warning: 'nCopyLen' may be used uninitialized [-Wmaybe-uninitialized]
  602 |         if (nCopyLen > 16)
      |            ^
D:/dev_2025/a3sk_revA/sdcard_filesystem/software/nios_app/terasic_sdcard/sd_protocol.c:601:13: note: 'nCopyLen' was declared here
  601 |         int nCopyLen, x;
      |             ^~~~~~~~
D:/dev_2025/a3sk_revA/sdcard_filesystem/software/nios_app/terasic_sdcard/sd_lib.c: In function 'SDLIB_Init':
D:/dev_2025/a3sk_revA/sdcard_filesystem/software/nios_app/terasic_sdcard/sd_lib.c:51:33: warning: implicit declaration of function 'DEBUG' [-Wimplicit-function-declaration]
   51 |     #define SDCARD_DEBUG(x)    {DEBUG(("[SD_LIB]")); DEBUG(x);}
      |                                 ^~~~~
D:/dev_2025/a3sk_revA/sdcard_filesystem/software/nios_app/terasic_sdcard/sd_lib.c:97:5: note: in expansion of macro 'SDCARD_DEBUG'
   97 |     SDCARD_DEBUG(("--- Power On, Card Identification Mode, Idle State\r\n"));
      |     ^~~~~~~~~~~~
D:/dev_2025/a3sk_revA/sdcard_filesystem/software/nios_app/terasic_sdcard/sd_lib.c:98:39: warning: left-hand operand of comma expression has no effect [-Wunused-value]
   98 |     SDCARD_DEBUG(("sd %d-bit mode\r\n", gSdInfo.bSupport4Bits?4:1));
      |                                       ^
D:/dev_2025/a3sk_revA/sdcard_filesystem/software/nios_app/terasic_sdcard/sd_lib.c:51:60: note: in definition of macro 'SDCARD_DEBUG'
   51 |     #define SDCARD_DEBUG(x)    {DEBUG(("[SD_LIB]")); DEBUG(x);}
      |                                                            ^
D:/dev_2025/a3sk_revA/sdcard_filesystem/software/nios_app/terasic_sdcard/sd_lib.c: In function 'SDLIB_ReadBlock512':
D:/dev_2025/a3sk_revA/sdcard_filesystem/software/nios_app/terasic_sdcard/sd_lib.c:295:60: warning: left-hand operand of comma expression has no effect [-Wunused-value]
  295 |     SDCARD_DEBUG(("SDLIB_ReadBlock512, block %d (addr)\r\n", block_number, addr));
      |                                                            ^
D:/dev_2025/a3sk_revA/sdcard_filesystem/software/nios_app/terasic_sdcard/sd_lib.c:51:60: note: in definition of macro 'SDCARD_DEBUG'
   51 |     #define SDCARD_DEBUG(x)    {DEBUG(("[SD_LIB]")); DEBUG(x);}
      |                                                            ^
D:/dev_2025/a3sk_revA/sdcard_filesystem/software/nios_app/terasic_sdcard/sd_lib.c:295:74: warning: left-hand operand of comma expression has no effect [-Wunused-value]
  295 |     SDCARD_DEBUG(("SDLIB_ReadBlock512, block %d (addr)\r\n", block_number, addr));
      |                                                                          ^
D:/dev_2025/a3sk_revA/sdcard_filesystem/software/nios_app/terasic_sdcard/sd_lib.c:51:60: note: in definition of macro 'SDCARD_DEBUG'
   51 |     #define SDCARD_DEBUG(x)    {DEBUG(("[SD_LIB]")); DEBUG(x);}
      |                                                            ^
D:/dev_2025/a3sk_revA/sdcard_filesystem/software/nios_app/terasic_sdcard/sd_lib.c: In function 'SDLIB_WriteBlock512':
D:/dev_2025/a3sk_revA/sdcard_filesystem/software/nios_app/terasic_sdcard/sd_lib.c:315:54: warning: left-hand operand of comma expression has no effect [-Wunused-value]
  315 |     SDCARD_DEBUG(("SDLIB_WriteBlock512, block %d\r\n", block_number));
      |                                                      ^
D:/dev_2025/a3sk_revA/sdcard_filesystem/software/nios_app/terasic_sdcard/sd_lib.c:51:60: note: in definition of macro 'SDCARD_DEBUG'
   51 |     #define SDCARD_DEBUG(x)    {DEBUG(("[SD_LIB]")); DEBUG(x);}
      |                                                            ^
D:/dev_2025/a3sk_revA/sdcard_filesystem/software/nios_app/terasic_sdcard/sd_lib.c:329:32: warning: passing argument 1 of 'SD_WriteData512' discards 'const' qualifier from pointer target type [-Wdiscarded-qualifiers]
  329 |     bSuccess = SD_WriteData512(szDataWrite);  // Write 512 bytes
      |                                ^~~~~~~~~~~
In file included from D:/dev_2025/a3sk_revA/sdcard_filesystem/software/nios_app/terasic_sdcard/sd_lib.c:45:
D:/dev_2025/a3sk_revA/sdcard_filesystem/software/nios_app/terasic_sdcard/sd_protocol.h:60:29: note: expected 'alt_u8 *' {aka 'unsigned char *'} but argument is of type 'const alt_u8 *' {aka 'const unsigned char *'}
   60 | bool SD_WriteData512(alt_u8 szDataWrite[]);
      |                      ~~~~~~~^~~~~~~~~~~~~
[ 97%] Building C object CMakeFiles/nios_app.elf.dir/terasic_sdcard/crc7.c.obj
[ 94%] Building C object CMakeFiles/nios_app.elf.dir/diskio.c.obj
[ 95%] Building C object CMakeFiles/nios_app.elf.dir/ffunicode.c.obj
[ 96%] Building C object CMakeFiles/nios_app.elf.dir/ffsystem.c.obj
D:/dev_2025/a3sk_revA/sdcard_filesystem/software/nios_app/diskio.c: In function 'disk_ioctl':
D:/dev_2025/a3sk_revA/sdcard_filesystem/software/nios_app/diskio.c:216:13: warning: unused variable 'result' [-Wunused-variable]
  216 |         int result;
      |             ^~~~~~
D:/dev_2025/a3sk_revA/sdcard_filesystem/software/nios_app/diskio.c: In function 'disk_status':
D:/dev_2025/a3sk_revA/sdcard_filesystem/software/nios_app/diskio.c:43:24: warning: 'stat' may be used uninitialized [-Wmaybe-uninitialized]
   43 |                 return stat;
      |                        ^~~~
D:/dev_2025/a3sk_revA/sdcard_filesystem/software/nios_app/diskio.c:34:17: note: 'stat' was declared here
   34 |         DSTATUS stat;
      |                 ^~~~
D:/dev_2025/a3sk_revA/sdcard_filesystem/software/nios_app/diskio.c: In function 'disk_read':
D:/dev_2025/a3sk_revA/sdcard_filesystem/software/nios_app/diskio.c:126:24: warning: 'res' may be used uninitialized [-Wmaybe-uninitialized]
  126 |                 return res;
      |                        ^~~
D:/dev_2025/a3sk_revA/sdcard_filesystem/software/nios_app/diskio.c:115:17: note: 'res' was declared here
  115 |         DRESULT res;
      |                 ^~~
D:/dev_2025/a3sk_revA/sdcard_filesystem/software/nios_app/diskio.c: In function 'disk_write':
D:/dev_2025/a3sk_revA/sdcard_filesystem/software/nios_app/diskio.c:177:24: warning: 'res' may be used uninitialized [-Wmaybe-uninitialized]
  177 |                 return res;
      |                        ^~~
D:/dev_2025/a3sk_revA/sdcard_filesystem/software/nios_app/diskio.c:166:17: note: 'res' was declared here
  166 |         DRESULT res;
      |                 ^~~
D:/dev_2025/a3sk_revA/sdcard_filesystem/software/nios_app/diskio.c: In function 'disk_ioctl':
D:/dev_2025/a3sk_revA/sdcard_filesystem/software/nios_app/diskio.c:223:24: warning: 'res' may be used uninitialized [-Wmaybe-uninitialized]
  223 |                 return res;
      |                        ^~~
D:/dev_2025/a3sk_revA/sdcard_filesystem/software/nios_app/diskio.c:215:17: note: 'res' was declared here
  215 |         DRESULT res;
      |                 ^~~
[ 98%] Linking C executable nios_app.elf
C:/altera_pro/25.1/riscfree/toolchain/riscv32-unknown-elf/bin/../lib/gcc/riscv32-unknown-elf/13.2.0/../../../../riscv32-unknown-elf/bin/ld.exe: CMakeFiles/nios_app.elf.dir/terasic_sdcard/sd_lib.c.obj: in function `SDLIB_Init':
D:/dev_2025/a3sk_revA/sdcard_filesystem/software/nios_app/terasic_sdcard/sd_lib.c:97:(.text+0x70): undefined reference to `DEBUG'
C:/altera_pro/25.1/riscfree/toolchain/riscv32-unknown-elf/bin/../lib/gcc/riscv32-unknown-elf/13.2.0/../../../../riscv32-unknown-elf/bin/ld.exe: D:/dev_2025/a3sk_revA/sdcard_filesystem/software/nios_app/terasic_sdcard/sd_lib.c:97:(.text+0x80): undefined reference to `DEBUG'
C:/altera_pro/25.1/riscfree/toolchain/riscv32-unknown-elf/bin/../lib/gcc/riscv32-unknown-elf/13.2.0/../../../../riscv32-unknown-elf/bin/ld.exe: D:/dev_2025/a3sk_revA/sdcard_filesystem/software/nios_app/terasic_sdcard/sd_lib.c:98:(.text+0x90): undefined reference to `DEBUG'
C:/altera_pro/25.1/riscfree/toolchain/riscv32-unknown-elf/bin/../lib/gcc/riscv32-unknown-elf/13.2.0/../../../../riscv32-unknown-elf/bin/ld.exe: D:/dev_2025/a3sk_revA/sdcard_filesystem/software/nios_app/terasic_sdcard/sd_lib.c:98:(.text+0xb8): undefined reference to `DEBUG'
C:/altera_pro/25.1/riscfree/toolchain/riscv32-unknown-elf/bin/../lib/gcc/riscv32-unknown-elf/13.2.0/../../../../riscv32-unknown-elf/bin/ld.exe: D:/dev_2025/a3sk_revA/sdcard_filesystem/software/nios_app/terasic_sdcard/sd_lib.c:117:(.text+0x124): undefined reference to `DEBUG'
C:/altera_pro/25.1/riscfree/toolchain/riscv32-unknown-elf/bin/../lib/gcc/riscv32-unknown-elf/13.2.0/../../../../riscv32-unknown-elf/bin/ld.exe: CMakeFiles/nios_app.elf.dir/terasic_sdcard/sd_lib.c.obj:D:/dev_2025/a3sk_revA/sdcard_filesystem/software/nios_app/terasic_sdcard/sd_lib.c:118: more undefined references to `DEBUG' follow
collect2.exe: error: ld returned 1 exit status
make[2]: *** [CMakeFiles/nios_app.elf.dir/build.make:229: nios_app.elf] Error 1
make[1]: *** [CMakeFiles/Makefile2:118: CMakeFiles/nios_app.elf.dir/all] Error 2
make: *** [Makefile:91: all] Error 2
"C:/altera_pro/25.1/riscfree/build_tools/bin/make.exe -j all" terminated with exit code 2. Build might be incomplete.
13:34:49 **** Incremental Build of configuration Debug for project nios_app ****
"C:\\altera_pro\\25.1\\riscfree\\build_tools\\bin\\make.exe" -j all 
[ 88%] Built target hal2_bsp
[ 89%] Building C object CMakeFiles/nios_app.elf.dir/terasic_sdcard/sd_protocol.c.obj
D:/dev_2025/a3sk_revA/sdcard_filesystem/software/nios_app/terasic_sdcard/sd_protocol.c:39:10: error: invalid preprocessing directive #indlude; did you mean #include?
   39 |         #indlude "debug.h"
      |          ^~~~~~~
      |          include
D:/dev_2025/a3sk_revA/sdcard_filesystem/software/nios_app/terasic_sdcard/sd_protocol.c: In function 'RTL_SetupCmd':
D:/dev_2025/a3sk_revA/sdcard_filesystem/software/nios_app/terasic_sdcard/sd_protocol.c:40:33: warning: implicit declaration of function 'DEBUG' [-Wimplicit-function-declaration]
   40 |     #define SDCARD_TRACE(x)    {DEBUG(("[SD_PROTOCAL]")); DEBUG(x);}
      |                                 ^~~~~
D:/dev_2025/a3sk_revA/sdcard_filesystem/software/nios_app/terasic_sdcard/sd_protocol.c:93:9: note: in expansion of macro 'SDCARD_TRACE'
   93 |         SDCARD_TRACE(("RTL_SetupCmd\r\n"));
      |         ^~~~~~~~~~~~
D:/dev_2025/a3sk_revA/sdcard_filesystem/software/nios_app/terasic_sdcard/sd_protocol.c: In function 'RTL_Execute':
D:/dev_2025/a3sk_revA/sdcard_filesystem/software/nios_app/terasic_sdcard/sd_protocol.c:114:61: warning: left-hand operand of comma expression has no effect [-Wunused-value]
  114 |         SDCARD_TRACE(("RTL_Execute: start (txn_type=%d)\r\n", txn_type));
      |                                                             ^
D:/dev_2025/a3sk_revA/sdcard_filesystem/software/nios_app/terasic_sdcard/sd_protocol.c:40:65: note: in definition of macro 'SDCARD_TRACE'
   40 |     #define SDCARD_TRACE(x)    {DEBUG(("[SD_PROTOCAL]")); DEBUG(x);}
      |                                                                 ^
D:/dev_2025/a3sk_revA/sdcard_filesystem/software/nios_app/terasic_sdcard/sd_protocol.c:138:93: warning: left-hand operand of comma expression has no effect [-Wunused-value]
  138 |                                 SDCARD_TRACE(("........... done with error code %d (%s)\r\n", error_code, szInfo));
      |                                                                                             ^
D:/dev_2025/a3sk_revA/sdcard_filesystem/software/nios_app/terasic_sdcard/sd_protocol.c:40:65: note: in definition of macro 'SDCARD_TRACE'
   40 |     #define SDCARD_TRACE(x)    {DEBUG(("[SD_PROTOCAL]")); DEBUG(x);}
      |                                                                 ^
D:/dev_2025/a3sk_revA/sdcard_filesystem/software/nios_app/terasic_sdcard/sd_protocol.c:138:105: warning: left-hand operand of comma expression has no effect [-Wunused-value]
  138 |                                 SDCARD_TRACE(("........... done with error code %d (%s)\r\n", error_code, szInfo));
      |                                                                                                         ^
D:/dev_2025/a3sk_revA/sdcard_filesystem/software/nios_app/terasic_sdcard/sd_protocol.c:40:65: note: in definition of macro 'SDCARD_TRACE'
   40 |     #define SDCARD_TRACE(x)    {DEBUG(("[SD_PROTOCAL]")); DEBUG(x);}
      |                                                                 ^
D:/dev_2025/a3sk_revA/sdcard_filesystem/software/nios_app/terasic_sdcard/sd_protocol.c:155:49: warning: left-hand operand of comma expression has no effect [-Wunused-value]
  155 |         SDCARD_TRACE(("RTL_Execute: done %s\r\n",bSuccess?"bSuccess":"NG"));
      |                                                 ^
D:/dev_2025/a3sk_revA/sdcard_filesystem/software/nios_app/terasic_sdcard/sd_protocol.c:40:65: note: in definition of macro 'SDCARD_TRACE'
   40 |     #define SDCARD_TRACE(x)    {DEBUG(("[SD_PROTOCAL]")); DEBUG(x);}
      |                                                                 ^
D:/dev_2025/a3sk_revA/sdcard_filesystem/software/nios_app/terasic_sdcard/sd_protocol.c: In function 'SD_CMD0':
D:/dev_2025/a3sk_revA/sdcard_filesystem/software/nios_app/terasic_sdcard/sd_protocol.c:174:11: warning: implicit declaration of function 'crc7' [-Wimplicit-function-declaration]
  174 |     crc = crc7(0, szCmd, 5);
      |           ^~~~
D:/dev_2025/a3sk_revA/sdcard_filesystem/software/nios_app/terasic_sdcard/sd_protocol.c: In function 'SD_CMD8':
D:/dev_2025/a3sk_revA/sdcard_filesystem/software/nios_app/terasic_sdcard/sd_protocol.c:207:91: warning: left-hand operand of comma expression has no effect [-Wunused-value]
  207 |             SDCARD_DEBUG(("CMD%d Response: Invalid command index. szResponse[0]=%08xh\r\n", Cmd, szResponse[0]));
      |                                                                                           ^
D:/dev_2025/a3sk_revA/sdcard_filesystem/software/nios_app/terasic_sdcard/sd_protocol.c:41:65: note: in definition of macro 'SDCARD_DEBUG'
   41 |     #define SDCARD_DEBUG(x)    {DEBUG(("[SD_PROTOCAL]")); DEBUG(x);}
      |                                                                 ^
D:/dev_2025/a3sk_revA/sdcard_filesystem/software/nios_app/terasic_sdcard/sd_protocol.c:207:96: warning: left-hand operand of comma expression has no effect [-Wunused-value]
  207 |             SDCARD_DEBUG(("CMD%d Response: Invalid command index. szResponse[0]=%08xh\r\n", Cmd, szResponse[0]));
      |                                                                                                ^
D:/dev_2025/a3sk_revA/sdcard_filesystem/software/nios_app/terasic_sdcard/sd_protocol.c:41:65: note: in definition of macro 'SDCARD_DEBUG'
   41 |     #define SDCARD_DEBUG(x)    {DEBUG(("[SD_PROTOCAL]")); DEBUG(x);}
      |                                                                 ^
D:/dev_2025/a3sk_revA/sdcard_filesystem/software/nios_app/terasic_sdcard/sd_protocol.c:213:85: warning: left-hand operand of comma expression has no effect [-Wunused-value]
  213 |             SDCARD_DEBUG(("CMD%d Response: Invalid Void Id, szResponse[3]=%08xh\r\n", Cmd, szResponse[3]));
      |                                                                                     ^
D:/dev_2025/a3sk_revA/sdcard_filesystem/software/nios_app/terasic_sdcard/sd_protocol.c:41:65: note: in definition of macro 'SDCARD_DEBUG'
   41 |     #define SDCARD_DEBUG(x)    {DEBUG(("[SD_PROTOCAL]")); DEBUG(x);}
      |                                                                 ^
D:/dev_2025/a3sk_revA/sdcard_filesystem/software/nios_app/terasic_sdcard/sd_protocol.c:213:90: warning: left-hand operand of comma expression has no effect [-Wunused-value]
  213 |             SDCARD_DEBUG(("CMD%d Response: Invalid Void Id, szResponse[3]=%08xh\r\n", Cmd, szResponse[3]));
      |                                                                                          ^
D:/dev_2025/a3sk_revA/sdcard_filesystem/software/nios_app/terasic_sdcard/sd_protocol.c:41:65: note: in definition of macro 'SDCARD_DEBUG'
   41 |     #define SDCARD_DEBUG(x)    {DEBUG(("[SD_PROTOCAL]")); DEBUG(x);}
      |                                                                 ^
D:/dev_2025/a3sk_revA/sdcard_filesystem/software/nios_app/terasic_sdcard/sd_protocol.c:219:90: warning: left-hand operand of comma expression has no effect [-Wunused-value]
  219 |             SDCARD_DEBUG(("CMD%d Response: Invalid Test pattern, szResponse[4]=%08xh\r\n", Cmd, szResponse[4]));
      |                                                                                          ^
D:/dev_2025/a3sk_revA/sdcard_filesystem/software/nios_app/terasic_sdcard/sd_protocol.c:41:65: note: in definition of macro 'SDCARD_DEBUG'
   41 |     #define SDCARD_DEBUG(x)    {DEBUG(("[SD_PROTOCAL]")); DEBUG(x);}
      |                                                                 ^
D:/dev_2025/a3sk_revA/sdcard_filesystem/software/nios_app/terasic_sdcard/sd_protocol.c:219:95: warning: left-hand operand of comma expression has no effect [-Wunused-value]
  219 |             SDCARD_DEBUG(("CMD%d Response: Invalid Test pattern, szResponse[4]=%08xh\r\n", Cmd, szResponse[4]));
      |                                                                                               ^
D:/dev_2025/a3sk_revA/sdcard_filesystem/software/nios_app/terasic_sdcard/sd_protocol.c:41:65: note: in definition of macro 'SDCARD_DEBUG'
   41 |     #define SDCARD_DEBUG(x)    {DEBUG(("[SD_PROTOCAL]")); DEBUG(x);}
      |                                                                 ^
D:/dev_2025/a3sk_revA/sdcard_filesystem/software/nios_app/terasic_sdcard/sd_protocol.c:228:65: warning: left-hand operand of comma expression has no effect [-Wunused-value]
  228 |                 SDCARD_DEBUG(("CMD%d Response: Invalid crc7\r\n", Cmd));
      |                                                                 ^
D:/dev_2025/a3sk_revA/sdcard_filesystem/software/nios_app/terasic_sdcard/sd_protocol.c:41:65: note: in definition of macro 'SDCARD_DEBUG'
   41 |     #define SDCARD_DEBUG(x)    {DEBUG(("[SD_PROTOCAL]")); DEBUG(x);}
      |                                                                 ^
D:/dev_2025/a3sk_revA/sdcard_filesystem/software/nios_app/terasic_sdcard/sd_protocol.c:235:65: warning: left-hand operand of comma expression has no effect [-Wunused-value]
  235 |             SDCARD_DEBUG(("CMD%d Response: Invalid end-bits\r\n", Cmd));
      |                                                                 ^
D:/dev_2025/a3sk_revA/sdcard_filesystem/software/nios_app/terasic_sdcard/sd_protocol.c:41:65: note: in definition of macro 'SDCARD_DEBUG'
   41 |     #define SDCARD_DEBUG(x)    {DEBUG(("[SD_PROTOCAL]")); DEBUG(x);}
      |                                                                 ^
D:/dev_2025/a3sk_revA/sdcard_filesystem/software/nios_app/terasic_sdcard/sd_protocol.c: In function 'SD_CMD55':
D:/dev_2025/a3sk_revA/sdcard_filesystem/software/nios_app/terasic_sdcard/sd_protocol.c:272:91: warning: left-hand operand of comma expression has no effect [-Wunused-value]
  272 |             SDCARD_DEBUG(("CMD%d Response: Invalid command index. szResponse[0]=%08xh\r\n", Cmd, szResponse[0]));
      |                                                                                           ^
D:/dev_2025/a3sk_revA/sdcard_filesystem/software/nios_app/terasic_sdcard/sd_protocol.c:41:65: note: in definition of macro 'SDCARD_DEBUG'
   41 |     #define SDCARD_DEBUG(x)    {DEBUG(("[SD_PROTOCAL]")); DEBUG(x);}
      |                                                                 ^
D:/dev_2025/a3sk_revA/sdcard_filesystem/software/nios_app/terasic_sdcard/sd_protocol.c:272:96: warning: left-hand operand of comma expression has no effect [-Wunused-value]
  272 |             SDCARD_DEBUG(("CMD%d Response: Invalid command index. szResponse[0]=%08xh\r\n", Cmd, szResponse[0]));
      |                                                                                                ^
D:/dev_2025/a3sk_revA/sdcard_filesystem/software/nios_app/terasic_sdcard/sd_protocol.c:41:65: note: in definition of macro 'SDCARD_DEBUG'
   41 |     #define SDCARD_DEBUG(x)    {DEBUG(("[SD_PROTOCAL]")); DEBUG(x);}
      |                                                                 ^
D:/dev_2025/a3sk_revA/sdcard_filesystem/software/nios_app/terasic_sdcard/sd_protocol.c:280:99: warning: left-hand operand of comma expression has no effect [-Wunused-value]
  280 |             SDCARD_DEBUG(("CMD%d Response: unexpected stauts. response:%08xh, expected: %08xh\r\n", Cmd, CardStatus, ExpectedStatus));
      |                                                                                                   ^
D:/dev_2025/a3sk_revA/sdcard_filesystem/software/nios_app/terasic_sdcard/sd_protocol.c:41:65: note: in definition of macro 'SDCARD_DEBUG'
   41 |     #define SDCARD_DEBUG(x)    {DEBUG(("[SD_PROTOCAL]")); DEBUG(x);}
      |                                                                 ^
D:/dev_2025/a3sk_revA/sdcard_filesystem/software/nios_app/terasic_sdcard/sd_protocol.c:280:104: warning: left-hand operand of comma expression has no effect [-Wunused-value]
  280 |             SDCARD_DEBUG(("CMD%d Response: unexpected stauts. response:%08xh, expected: %08xh\r\n", Cmd, CardStatus, ExpectedStatus));
      |                                                                                                        ^
D:/dev_2025/a3sk_revA/sdcard_filesystem/software/nios_app/terasic_sdcard/sd_protocol.c:41:65: note: in definition of macro 'SDCARD_DEBUG'
   41 |     #define SDCARD_DEBUG(x)    {DEBUG(("[SD_PROTOCAL]")); DEBUG(x);}
      |                                                                 ^
D:/dev_2025/a3sk_revA/sdcard_filesystem/software/nios_app/terasic_sdcard/sd_protocol.c:280:116: warning: left-hand operand of comma expression has no effect [-Wunused-value]
  280 |             SDCARD_DEBUG(("CMD%d Response: unexpected stauts. response:%08xh, expected: %08xh\r\n", Cmd, CardStatus, ExpectedStatus));
      |                                                                                                                    ^
D:/dev_2025/a3sk_revA/sdcard_filesystem/software/nios_app/terasic_sdcard/sd_protocol.c:41:65: note: in definition of macro 'SDCARD_DEBUG'
   41 |     #define SDCARD_DEBUG(x)    {DEBUG(("[SD_PROTOCAL]")); DEBUG(x);}
      |                                                                 ^
D:/dev_2025/a3sk_revA/sdcard_filesystem/software/nios_app/terasic_sdcard/sd_protocol.c:289:65: warning: left-hand operand of comma expression has no effect [-Wunused-value]
  289 |                 SDCARD_DEBUG(("CMD%d Response: Invalid crc7\r\n", Cmd));
      |                                                                 ^
D:/dev_2025/a3sk_revA/sdcard_filesystem/software/nios_app/terasic_sdcard/sd_protocol.c:41:65: note: in definition of macro 'SDCARD_DEBUG'
   41 |     #define SDCARD_DEBUG(x)    {DEBUG(("[SD_PROTOCAL]")); DEBUG(x);}
      |                                                                 ^
D:/dev_2025/a3sk_revA/sdcard_filesystem/software/nios_app/terasic_sdcard/sd_protocol.c:296:65: warning: left-hand operand of comma expression has no effect [-Wunused-value]
  296 |             SDCARD_DEBUG(("CMD%d Response: Invalid end-bits\r\n", Cmd));
      |                                                                 ^
D:/dev_2025/a3sk_revA/sdcard_filesystem/software/nios_app/terasic_sdcard/sd_protocol.c:41:65: note: in definition of macro 'SDCARD_DEBUG'
   41 |     #define SDCARD_DEBUG(x)    {DEBUG(("[SD_PROTOCAL]")); DEBUG(x);}
      |                                                                 ^
D:/dev_2025/a3sk_revA/sdcard_filesystem/software/nios_app/terasic_sdcard/sd_protocol.c: In function 'SD_ACMD41':
D:/dev_2025/a3sk_revA/sdcard_filesystem/software/nios_app/terasic_sdcard/sd_protocol.c:342:71: warning: left-hand operand of comma expression has no effect [-Wunused-value]
  342 |             SDCARD_DEBUG(("ACMD%d Response: Invalid reserved bits\r\n", Cmd));
      |                                                                       ^
D:/dev_2025/a3sk_revA/sdcard_filesystem/software/nios_app/terasic_sdcard/sd_protocol.c:41:65: note: in definition of macro 'SDCARD_DEBUG'
   41 |     #define SDCARD_DEBUG(x)    {DEBUG(("[SD_PROTOCAL]")); DEBUG(x);}
      |                                                                 ^
D:/dev_2025/a3sk_revA/sdcard_filesystem/software/nios_app/terasic_sdcard/sd_protocol.c:356:62: warning: left-hand operand of comma expression has no effect [-Wunused-value]
  356 |             SDCARD_DEBUG(("ACMD%d Response: card is busy\r\n", Cmd));
      |                                                              ^
D:/dev_2025/a3sk_revA/sdcard_filesystem/software/nios_app/terasic_sdcard/sd_protocol.c:41:65: note: in definition of macro 'SDCARD_DEBUG'
   41 |     #define SDCARD_DEBUG(x)    {DEBUG(("[SD_PROTOCAL]")); DEBUG(x);}
      |                                                                 ^
D:/dev_2025/a3sk_revA/sdcard_filesystem/software/nios_app/terasic_sdcard/sd_protocol.c:362:77: warning: left-hand operand of comma expression has no effect [-Wunused-value]
  362 |             SDCARD_DEBUG(("ACMD%d Response: Invalid reserved & end-bits\r\n", Cmd));
      |                                                                             ^
D:/dev_2025/a3sk_revA/sdcard_filesystem/software/nios_app/terasic_sdcard/sd_protocol.c:41:65: note: in definition of macro 'SDCARD_DEBUG'
   41 |     #define SDCARD_DEBUG(x)    {DEBUG(("[SD_PROTOCAL]")); DEBUG(x);}
      |                                                                 ^
D:/dev_2025/a3sk_revA/sdcard_filesystem/software/nios_app/terasic_sdcard/sd_protocol.c: In function 'SD_CMD2':
D:/dev_2025/a3sk_revA/sdcard_filesystem/software/nios_app/terasic_sdcard/sd_protocol.c:400:78: warning: left-hand operand of comma expression has no effect [-Wunused-value]
  400 |             SDCARD_DEBUG(("CMD%d Response: Invalid strat+tx+reserved bit\r\n", Cmd));
      |                                                                              ^
D:/dev_2025/a3sk_revA/sdcard_filesystem/software/nios_app/terasic_sdcard/sd_protocol.c:41:65: note: in definition of macro 'SDCARD_DEBUG'
   41 |     #define SDCARD_DEBUG(x)    {DEBUG(("[SD_PROTOCAL]")); DEBUG(x);}
      |                                                                 ^
D:/dev_2025/a3sk_revA/sdcard_filesystem/software/nios_app/terasic_sdcard/sd_protocol.c:410:65: warning: left-hand operand of comma expression has no effect [-Wunused-value]
  410 |                 SDCARD_DEBUG(("CMD%d Response: Invalid crc7\r\n", Cmd));
      |                                                                 ^
D:/dev_2025/a3sk_revA/sdcard_filesystem/software/nios_app/terasic_sdcard/sd_protocol.c:41:65: note: in definition of macro 'SDCARD_DEBUG'
   41 |     #define SDCARD_DEBUG(x)    {DEBUG(("[SD_PROTOCAL]")); DEBUG(x);}
      |                                                                 ^
D:/dev_2025/a3sk_revA/sdcard_filesystem/software/nios_app/terasic_sdcard/sd_protocol.c:417:65: warning: left-hand operand of comma expression has no effect [-Wunused-value]
  417 |             SDCARD_DEBUG(("CMD%d Response: Invalid end-bits\r\n", Cmd));
      |                                                                 ^
D:/dev_2025/a3sk_revA/sdcard_filesystem/software/nios_app/terasic_sdcard/sd_protocol.c:41:65: note: in definition of macro 'SDCARD_DEBUG'
   41 |     #define SDCARD_DEBUG(x)    {DEBUG(("[SD_PROTOCAL]")); DEBUG(x);}
      |                                                                 ^
D:/dev_2025/a3sk_revA/sdcard_filesystem/software/nios_app/terasic_sdcard/sd_protocol.c: In function 'SD_CMD3':
D:/dev_2025/a3sk_revA/sdcard_filesystem/software/nios_app/terasic_sdcard/sd_protocol.c:462:78: warning: left-hand operand of comma expression has no effect [-Wunused-value]
  462 |             SDCARD_DEBUG(("CMD%d Response: Invalid strat+tx+reserved bit\r\n", Cmd));
      |                                                                              ^
D:/dev_2025/a3sk_revA/sdcard_filesystem/software/nios_app/terasic_sdcard/sd_protocol.c:41:65: note: in definition of macro 'SDCARD_DEBUG'
   41 |     #define SDCARD_DEBUG(x)    {DEBUG(("[SD_PROTOCAL]")); DEBUG(x);}
      |                                                                 ^
D:/dev_2025/a3sk_revA/sdcard_filesystem/software/nios_app/terasic_sdcard/sd_protocol.c:473:72: warning: left-hand operand of comma expression has no effect [-Wunused-value]
  473 |            SDCARD_DEBUG(("CMD%d Response: Unexpected CURRENT_STATE\r\n", Cmd));
      |                                                                        ^
D:/dev_2025/a3sk_revA/sdcard_filesystem/software/nios_app/terasic_sdcard/sd_protocol.c:41:65: note: in definition of macro 'SDCARD_DEBUG'
   41 |     #define SDCARD_DEBUG(x)    {DEBUG(("[SD_PROTOCAL]")); DEBUG(x);}
      |                                                                 ^
D:/dev_2025/a3sk_revA/sdcard_filesystem/software/nios_app/terasic_sdcard/sd_protocol.c:482:65: warning: left-hand operand of comma expression has no effect [-Wunused-value]
  482 |                 SDCARD_DEBUG(("CMD%d Response: Invalid crc7\r\n", Cmd));
      |                                                                 ^
D:/dev_2025/a3sk_revA/sdcard_filesystem/software/nios_app/terasic_sdcard/sd_protocol.c:41:65: note: in definition of macro 'SDCARD_DEBUG'
   41 |     #define SDCARD_DEBUG(x)    {DEBUG(("[SD_PROTOCAL]")); DEBUG(x);}
      |                                                                 ^
D:/dev_2025/a3sk_revA/sdcard_filesystem/software/nios_app/terasic_sdcard/sd_protocol.c:489:65: warning: left-hand operand of comma expression has no effect [-Wunused-value]
  489 |             SDCARD_DEBUG(("CMD%d Response: Invalid end-bits\r\n", Cmd));
      |                                                                 ^
D:/dev_2025/a3sk_revA/sdcard_filesystem/software/nios_app/terasic_sdcard/sd_protocol.c:41:65: note: in definition of macro 'SDCARD_DEBUG'
   41 |     #define SDCARD_DEBUG(x)    {DEBUG(("[SD_PROTOCAL]")); DEBUG(x);}
      |                                                                 ^
D:/dev_2025/a3sk_revA/sdcard_filesystem/software/nios_app/terasic_sdcard/sd_protocol.c: In function 'SD_CMD9':
D:/dev_2025/a3sk_revA/sdcard_filesystem/software/nios_app/terasic_sdcard/sd_protocol.c:524:78: warning: left-hand operand of comma expression has no effect [-Wunused-value]
  524 |             SDCARD_DEBUG(("CMD%d Response: Invalid strat+tx+reserved bit\r\n", Cmd));
      |                                                                              ^
D:/dev_2025/a3sk_revA/sdcard_filesystem/software/nios_app/terasic_sdcard/sd_protocol.c:41:65: note: in definition of macro 'SDCARD_DEBUG'
   41 |     #define SDCARD_DEBUG(x)    {DEBUG(("[SD_PROTOCAL]")); DEBUG(x);}
      |                                                                 ^
D:/dev_2025/a3sk_revA/sdcard_filesystem/software/nios_app/terasic_sdcard/sd_protocol.c:533:65: warning: left-hand operand of comma expression has no effect [-Wunused-value]
  533 |                 SDCARD_DEBUG(("CMD%d Response: Invalid crc7\r\n", Cmd));
      |                                                                 ^
D:/dev_2025/a3sk_revA/sdcard_filesystem/software/nios_app/terasic_sdcard/sd_protocol.c:41:65: note: in definition of macro 'SDCARD_DEBUG'
   41 |     #define SDCARD_DEBUG(x)    {DEBUG(("[SD_PROTOCAL]")); DEBUG(x);}
      |                                                                 ^
D:/dev_2025/a3sk_revA/sdcard_filesystem/software/nios_app/terasic_sdcard/sd_protocol.c:540:65: warning: left-hand operand of comma expression has no effect [-Wunused-value]
  540 |             SDCARD_DEBUG(("CMD%d Response: Invalid end-bits\r\n", Cmd));
      |                                                                 ^
D:/dev_2025/a3sk_revA/sdcard_filesystem/software/nios_app/terasic_sdcard/sd_protocol.c:41:65: note: in definition of macro 'SDCARD_DEBUG'
   41 |     #define SDCARD_DEBUG(x)    {DEBUG(("[SD_PROTOCAL]")); DEBUG(x);}
      |                                                                 ^
D:/dev_2025/a3sk_revA/sdcard_filesystem/software/nios_app/terasic_sdcard/sd_protocol.c: In function 'SD_CMD10':
D:/dev_2025/a3sk_revA/sdcard_filesystem/software/nios_app/terasic_sdcard/sd_protocol.c:579:78: warning: left-hand operand of comma expression has no effect [-Wunused-value]
  579 |             SDCARD_DEBUG(("CMD%d Response: Invalid strat+tx+reserved bit\r\n", Cmd));
      |                                                                              ^
D:/dev_2025/a3sk_revA/sdcard_filesystem/software/nios_app/terasic_sdcard/sd_protocol.c:41:65: note: in definition of macro 'SDCARD_DEBUG'
   41 |     #define SDCARD_DEBUG(x)    {DEBUG(("[SD_PROTOCAL]")); DEBUG(x);}
      |                                                                 ^
D:/dev_2025/a3sk_revA/sdcard_filesystem/software/nios_app/terasic_sdcard/sd_protocol.c:588:65: warning: left-hand operand of comma expression has no effect [-Wunused-value]
  588 |                 SDCARD_DEBUG(("CMD%d Response: Invalid crc7\r\n", Cmd));
      |                                                                 ^
D:/dev_2025/a3sk_revA/sdcard_filesystem/software/nios_app/terasic_sdcard/sd_protocol.c:41:65: note: in definition of macro 'SDCARD_DEBUG'
   41 |     #define SDCARD_DEBUG(x)    {DEBUG(("[SD_PROTOCAL]")); DEBUG(x);}
      |                                                                 ^
D:/dev_2025/a3sk_revA/sdcard_filesystem/software/nios_app/terasic_sdcard/sd_protocol.c:595:65: warning: left-hand operand of comma expression has no effect [-Wunused-value]
  595 |             SDCARD_DEBUG(("CMD%d Response: Invalid end-bits\r\n", Cmd));
      |                                                                 ^
D:/dev_2025/a3sk_revA/sdcard_filesystem/software/nios_app/terasic_sdcard/sd_protocol.c:41:65: note: in definition of macro 'SDCARD_DEBUG'
   41 |     #define SDCARD_DEBUG(x)    {DEBUG(("[SD_PROTOCAL]")); DEBUG(x);}
      |                                                                 ^
D:/dev_2025/a3sk_revA/sdcard_filesystem/software/nios_app/terasic_sdcard/sd_protocol.c: In function 'SD_CMD7':
D:/dev_2025/a3sk_revA/sdcard_filesystem/software/nios_app/terasic_sdcard/sd_protocol.c:636:78: warning: left-hand operand of comma expression has no effect [-Wunused-value]
  636 |             SDCARD_DEBUG(("CMD%d Response: Invalid strat+tx+reserved bit\r\n", Cmd));
      |                                                                              ^
D:/dev_2025/a3sk_revA/sdcard_filesystem/software/nios_app/terasic_sdcard/sd_protocol.c:41:65: note: in definition of macro 'SDCARD_DEBUG'
   41 |     #define SDCARD_DEBUG(x)    {DEBUG(("[SD_PROTOCAL]")); DEBUG(x);}
      |                                                                 ^
D:/dev_2025/a3sk_revA/sdcard_filesystem/software/nios_app/terasic_sdcard/sd_protocol.c:644:66: warning: left-hand operand of comma expression has no effect [-Wunused-value]
  644 |             SDCARD_DEBUG(("CMD%d Response: unexpected stauts\r\n", Cmd));
      |                                                                  ^
D:/dev_2025/a3sk_revA/sdcard_filesystem/software/nios_app/terasic_sdcard/sd_protocol.c:41:65: note: in definition of macro 'SDCARD_DEBUG'
   41 |     #define SDCARD_DEBUG(x)    {DEBUG(("[SD_PROTOCAL]")); DEBUG(x);}
      |                                                                 ^
D:/dev_2025/a3sk_revA/sdcard_filesystem/software/nios_app/terasic_sdcard/sd_protocol.c:653:65: warning: left-hand operand of comma expression has no effect [-Wunused-value]
  653 |                 SDCARD_DEBUG(("CMD%d Response: Invalid crc7\r\n", Cmd));
      |                                                                 ^
D:/dev_2025/a3sk_revA/sdcard_filesystem/software/nios_app/terasic_sdcard/sd_protocol.c:41:65: note: in definition of macro 'SDCARD_DEBUG'
   41 |     #define SDCARD_DEBUG(x)    {DEBUG(("[SD_PROTOCAL]")); DEBUG(x);}
      |                                                                 ^
D:/dev_2025/a3sk_revA/sdcard_filesystem/software/nios_app/terasic_sdcard/sd_protocol.c:660:65: warning: left-hand operand of comma expression has no effect [-Wunused-value]
  660 |             SDCARD_DEBUG(("CMD%d Response: Invalid end-bits\r\n", Cmd));
      |                                                                 ^
D:/dev_2025/a3sk_revA/sdcard_filesystem/software/nios_app/terasic_sdcard/sd_protocol.c:41:65: note: in definition of macro 'SDCARD_DEBUG'
   41 |     #define SDCARD_DEBUG(x)    {DEBUG(("[SD_PROTOCAL]")); DEBUG(x);}
      |                                                                 ^
D:/dev_2025/a3sk_revA/sdcard_filesystem/software/nios_app/terasic_sdcard/sd_protocol.c: In function 'SD_CMD16':
D:/dev_2025/a3sk_revA/sdcard_filesystem/software/nios_app/terasic_sdcard/sd_protocol.c:696:78: warning: left-hand operand of comma expression has no effect [-Wunused-value]
  696 |             SDCARD_DEBUG(("CMD%d Response: Invalid strat+tx+reserved bit\r\n", Cmd));
      |                                                                              ^
D:/dev_2025/a3sk_revA/sdcard_filesystem/software/nios_app/terasic_sdcard/sd_protocol.c:41:65: note: in definition of macro 'SDCARD_DEBUG'
   41 |     #define SDCARD_DEBUG(x)    {DEBUG(("[SD_PROTOCAL]")); DEBUG(x);}
      |                                                                 ^
D:/dev_2025/a3sk_revA/sdcard_filesystem/software/nios_app/terasic_sdcard/sd_protocol.c:704:66: warning: left-hand operand of comma expression has no effect [-Wunused-value]
  704 |             SDCARD_DEBUG(("CMD%d Response: unexpected stauts\r\n", Cmd));
      |                                                                  ^
D:/dev_2025/a3sk_revA/sdcard_filesystem/software/nios_app/terasic_sdcard/sd_protocol.c:41:65: note: in definition of macro 'SDCARD_DEBUG'
   41 |     #define SDCARD_DEBUG(x)    {DEBUG(("[SD_PROTOCAL]")); DEBUG(x);}
      |                                                                 ^
D:/dev_2025/a3sk_revA/sdcard_filesystem/software/nios_app/terasic_sdcard/sd_protocol.c:713:65: warning: left-hand operand of comma expression has no effect [-Wunused-value]
  713 |                 SDCARD_DEBUG(("CMD%d Response: Invalid crc7\r\n", Cmd));
      |                                                                 ^
D:/dev_2025/a3sk_revA/sdcard_filesystem/software/nios_app/terasic_sdcard/sd_protocol.c:41:65: note: in definition of macro 'SDCARD_DEBUG'
   41 |     #define SDCARD_DEBUG(x)    {DEBUG(("[SD_PROTOCAL]")); DEBUG(x);}
      |                                                                 ^
D:/dev_2025/a3sk_revA/sdcard_filesystem/software/nios_app/terasic_sdcard/sd_protocol.c:720:65: warning: left-hand operand of comma expression has no effect [-Wunused-value]
  720 |             SDCARD_DEBUG(("CMD%d Response: Invalid end-bits\r\n", Cmd));
      |                                                                 ^
D:/dev_2025/a3sk_revA/sdcard_filesystem/software/nios_app/terasic_sdcard/sd_protocol.c:41:65: note: in definition of macro 'SDCARD_DEBUG'
   41 |     #define SDCARD_DEBUG(x)    {DEBUG(("[SD_PROTOCAL]")); DEBUG(x);}
      |                                                                 ^
D:/dev_2025/a3sk_revA/sdcard_filesystem/software/nios_app/terasic_sdcard/sd_protocol.c: In function 'SD_ACMD6':
D:/dev_2025/a3sk_revA/sdcard_filesystem/software/nios_app/terasic_sdcard/sd_protocol.c:756:70: warning: left-hand operand of comma expression has no effect [-Wunused-value]
  756 |             SDCARD_DEBUG(("CMD%d Response: Invalid reserved bits\r\n", Cmd));
      |                                                                      ^
D:/dev_2025/a3sk_revA/sdcard_filesystem/software/nios_app/terasic_sdcard/sd_protocol.c:41:65: note: in definition of macro 'SDCARD_DEBUG'
   41 |     #define SDCARD_DEBUG(x)    {DEBUG(("[SD_PROTOCAL]")); DEBUG(x);}
      |                                                                 ^
D:/dev_2025/a3sk_revA/sdcard_filesystem/software/nios_app/terasic_sdcard/sd_protocol.c:764:66: warning: left-hand operand of comma expression has no effect [-Wunused-value]
  764 |             SDCARD_DEBUG(("CMD%d Response: unexpected stauts\r\n", Cmd));
      |                                                                  ^
D:/dev_2025/a3sk_revA/sdcard_filesystem/software/nios_app/terasic_sdcard/sd_protocol.c:41:65: note: in definition of macro 'SDCARD_DEBUG'
   41 |     #define SDCARD_DEBUG(x)    {DEBUG(("[SD_PROTOCAL]")); DEBUG(x);}
      |                                                                 ^
D:/dev_2025/a3sk_revA/sdcard_filesystem/software/nios_app/terasic_sdcard/sd_protocol.c:773:65: warning: left-hand operand of comma expression has no effect [-Wunused-value]
  773 |                 SDCARD_DEBUG(("CMD%d Response: Invalid crc7\r\n", Cmd));
      |                                                                 ^
D:/dev_2025/a3sk_revA/sdcard_filesystem/software/nios_app/terasic_sdcard/sd_protocol.c:41:65: note: in definition of macro 'SDCARD_DEBUG'
   41 |     #define SDCARD_DEBUG(x)    {DEBUG(("[SD_PROTOCAL]")); DEBUG(x);}
      |                                                                 ^
D:/dev_2025/a3sk_revA/sdcard_filesystem/software/nios_app/terasic_sdcard/sd_protocol.c:780:65: warning: left-hand operand of comma expression has no effect [-Wunused-value]
  780 |             SDCARD_DEBUG(("CMD%d Response: Invalid end-bits\r\n", Cmd));
      |                                                                 ^
D:/dev_2025/a3sk_revA/sdcard_filesystem/software/nios_app/terasic_sdcard/sd_protocol.c:41:65: note: in definition of macro 'SDCARD_DEBUG'
   41 |     #define SDCARD_DEBUG(x)    {DEBUG(("[SD_PROTOCAL]")); DEBUG(x);}
      |                                                                 ^
D:/dev_2025/a3sk_revA/sdcard_filesystem/software/nios_app/terasic_sdcard/sd_protocol.c: In function 'SD_ACMD42':
D:/dev_2025/a3sk_revA/sdcard_filesystem/software/nios_app/terasic_sdcard/sd_protocol.c:815:70: warning: left-hand operand of comma expression has no effect [-Wunused-value]
  815 |             SDCARD_DEBUG(("CMD%d Response: Invalid reserved bits\r\n", Cmd));
      |                                                                      ^
D:/dev_2025/a3sk_revA/sdcard_filesystem/software/nios_app/terasic_sdcard/sd_protocol.c:41:65: note: in definition of macro 'SDCARD_DEBUG'
   41 |     #define SDCARD_DEBUG(x)    {DEBUG(("[SD_PROTOCAL]")); DEBUG(x);}
      |                                                                 ^
D:/dev_2025/a3sk_revA/sdcard_filesystem/software/nios_app/terasic_sdcard/sd_protocol.c:823:66: warning: left-hand operand of comma expression has no effect [-Wunused-value]
  823 |             SDCARD_DEBUG(("CMD%d Response: unexpected stauts\r\n", Cmd));
      |                                                                  ^
D:/dev_2025/a3sk_revA/sdcard_filesystem/software/nios_app/terasic_sdcard/sd_protocol.c:41:65: note: in definition of macro 'SDCARD_DEBUG'
   41 |     #define SDCARD_DEBUG(x)    {DEBUG(("[SD_PROTOCAL]")); DEBUG(x);}
      |                                                                 ^
D:/dev_2025/a3sk_revA/sdcard_filesystem/software/nios_app/terasic_sdcard/sd_protocol.c:832:65: warning: left-hand operand of comma expression has no effect [-Wunused-value]
  832 |                 SDCARD_DEBUG(("CMD%d Response: Invalid crc7\r\n", Cmd));
      |                                                                 ^
D:/dev_2025/a3sk_revA/sdcard_filesystem/software/nios_app/terasic_sdcard/sd_protocol.c:41:65: note: in definition of macro 'SDCARD_DEBUG'
   41 |     #define SDCARD_DEBUG(x)    {DEBUG(("[SD_PROTOCAL]")); DEBUG(x);}
      |                                                                 ^
D:/dev_2025/a3sk_revA/sdcard_filesystem/software/nios_app/terasic_sdcard/sd_protocol.c:839:65: warning: left-hand operand of comma expression has no effect [-Wunused-value]
  839 |             SDCARD_DEBUG(("CMD%d Response: Invalid end-bits\r\n", Cmd));
      |                                                                 ^
D:/dev_2025/a3sk_revA/sdcard_filesystem/software/nios_app/terasic_sdcard/sd_protocol.c:41:65: note: in definition of macro 'SDCARD_DEBUG'
   41 |     #define SDCARD_DEBUG(x)    {DEBUG(("[SD_PROTOCAL]")); DEBUG(x);}
      |                                                                 ^
D:/dev_2025/a3sk_revA/sdcard_filesystem/software/nios_app/terasic_sdcard/sd_protocol.c: In function 'SD_CMD17':
D:/dev_2025/a3sk_revA/sdcard_filesystem/software/nios_app/terasic_sdcard/sd_protocol.c:873:57: warning: left-hand operand of comma expression has no effect [-Wunused-value]
  873 |         SDCARD_DEBUG(("CMD%d failed to get Response\r\n", Cmd));
      |                                                         ^
D:/dev_2025/a3sk_revA/sdcard_filesystem/software/nios_app/terasic_sdcard/sd_protocol.c:41:65: note: in definition of macro 'SDCARD_DEBUG'
   41 |     #define SDCARD_DEBUG(x)    {DEBUG(("[SD_PROTOCAL]")); DEBUG(x);}
      |                                                                 ^
D:/dev_2025/a3sk_revA/sdcard_filesystem/software/nios_app/terasic_sdcard/sd_protocol.c:878:78: warning: left-hand operand of comma expression has no effect [-Wunused-value]
  878 |             SDCARD_DEBUG(("CMD%d Response: Invalid strat+tx+reserved bit\r\n", Cmd));
      |                                                                              ^
D:/dev_2025/a3sk_revA/sdcard_filesystem/software/nios_app/terasic_sdcard/sd_protocol.c:41:65: note: in definition of macro 'SDCARD_DEBUG'
   41 |     #define SDCARD_DEBUG(x)    {DEBUG(("[SD_PROTOCAL]")); DEBUG(x);}
      |                                                                 ^
D:/dev_2025/a3sk_revA/sdcard_filesystem/software/nios_app/terasic_sdcard/sd_protocol.c:886:66: warning: left-hand operand of comma expression has no effect [-Wunused-value]
  886 |             SDCARD_DEBUG(("CMD%d Response: unexpected stauts\r\n", Cmd));
      |                                                                  ^
D:/dev_2025/a3sk_revA/sdcard_filesystem/software/nios_app/terasic_sdcard/sd_protocol.c:41:65: note: in definition of macro 'SDCARD_DEBUG'
   41 |     #define SDCARD_DEBUG(x)    {DEBUG(("[SD_PROTOCAL]")); DEBUG(x);}
      |                                                                 ^
D:/dev_2025/a3sk_revA/sdcard_filesystem/software/nios_app/terasic_sdcard/sd_protocol.c:895:65: warning: left-hand operand of comma expression has no effect [-Wunused-value]
  895 |                 SDCARD_DEBUG(("CMD%d Response: Invalid crc7\r\n", Cmd));
      |                                                                 ^
D:/dev_2025/a3sk_revA/sdcard_filesystem/software/nios_app/terasic_sdcard/sd_protocol.c:41:65: note: in definition of macro 'SDCARD_DEBUG'
   41 |     #define SDCARD_DEBUG(x)    {DEBUG(("[SD_PROTOCAL]")); DEBUG(x);}
      |                                                                 ^
D:/dev_2025/a3sk_revA/sdcard_filesystem/software/nios_app/terasic_sdcard/sd_protocol.c:902:65: warning: left-hand operand of comma expression has no effect [-Wunused-value]
  902 |             SDCARD_DEBUG(("CMD%d Response: Invalid end-bits\r\n", Cmd));
      |                                                                 ^
D:/dev_2025/a3sk_revA/sdcard_filesystem/software/nios_app/terasic_sdcard/sd_protocol.c:41:65: note: in definition of macro 'SDCARD_DEBUG'
   41 |     #define SDCARD_DEBUG(x)    {DEBUG(("[SD_PROTOCAL]")); DEBUG(x);}
      |                                                                 ^
D:/dev_2025/a3sk_revA/sdcard_filesystem/software/nios_app/terasic_sdcard/sd_protocol.c: In function 'SD_CMD24':
D:/dev_2025/a3sk_revA/sdcard_filesystem/software/nios_app/terasic_sdcard/sd_protocol.c:939:78: warning: left-hand operand of comma expression has no effect [-Wunused-value]
  939 |             SDCARD_DEBUG(("CMD%d Response: Invalid strat+tx+reserved bit\r\n", Cmd));
      |                                                                              ^
D:/dev_2025/a3sk_revA/sdcard_filesystem/software/nios_app/terasic_sdcard/sd_protocol.c:41:65: note: in definition of macro 'SDCARD_DEBUG'
   41 |     #define SDCARD_DEBUG(x)    {DEBUG(("[SD_PROTOCAL]")); DEBUG(x);}
      |                                                                 ^
D:/dev_2025/a3sk_revA/sdcard_filesystem/software/nios_app/terasic_sdcard/sd_protocol.c:947:66: warning: left-hand operand of comma expression has no effect [-Wunused-value]
  947 |             SDCARD_DEBUG(("CMD%d Response: unexpected stauts\r\n", Cmd));
      |                                                                  ^
D:/dev_2025/a3sk_revA/sdcard_filesystem/software/nios_app/terasic_sdcard/sd_protocol.c:41:65: note: in definition of macro 'SDCARD_DEBUG'
   41 |     #define SDCARD_DEBUG(x)    {DEBUG(("[SD_PROTOCAL]")); DEBUG(x);}
      |                                                                 ^
D:/dev_2025/a3sk_revA/sdcard_filesystem/software/nios_app/terasic_sdcard/sd_protocol.c:956:65: warning: left-hand operand of comma expression has no effect [-Wunused-value]
  956 |                 SDCARD_DEBUG(("CMD%d Response: Invalid crc7\r\n", Cmd));
      |                                                                 ^
D:/dev_2025/a3sk_revA/sdcard_filesystem/software/nios_app/terasic_sdcard/sd_protocol.c:41:65: note: in definition of macro 'SDCARD_DEBUG'
   41 |     #define SDCARD_DEBUG(x)    {DEBUG(("[SD_PROTOCAL]")); DEBUG(x);}
      |                                                                 ^
D:/dev_2025/a3sk_revA/sdcard_filesystem/software/nios_app/terasic_sdcard/sd_protocol.c:963:65: warning: left-hand operand of comma expression has no effect [-Wunused-value]
  963 |             SDCARD_DEBUG(("CMD%d Response: Invalid end-bits\r\n", Cmd));
      |                                                                 ^
D:/dev_2025/a3sk_revA/sdcard_filesystem/software/nios_app/terasic_sdcard/sd_protocol.c:41:65: note: in definition of macro 'SDCARD_DEBUG'
   41 |     #define SDCARD_DEBUG(x)    {DEBUG(("[SD_PROTOCAL]")); DEBUG(x);}
      |                                                                 ^
make[2]: *** [CMakeFiles/nios_app.elf.dir/build.make:191: CMakeFiles/nios_app.elf.dir/terasic_sdcard/sd_protocol.c.obj] Error 1
make[1]: *** [CMakeFiles/Makefile2:118: CMakeFiles/nios_app.elf.dir/all] Error 2
make: *** [Makefile:91: all] Error 2
"C:/altera_pro/25.1/riscfree/build_tools/bin/make.exe -j all" terminated with exit code 2. Build might be incomplete.
13:35:02 Buildscript generation: nios_app::Debug in D:\dev_2025\a3sk_revA\sdcard_filesystem\software\nios_app\build\Debug
cmake -DCMAKE_BUILD_TYPE:STRING=Debug -DCMAKE_EXPORT_COMPILE_COMMANDS:BOOL=ON -G "Unix Makefiles" "D:\\dev_2025\\a3sk_revA\\sdcard_filesystem\\software\\nios_app" 
-- Configuring done (0.0s)
-- Generating done (0.0s)
-- Build files have been written to: D:/dev_2025/a3sk_revA/sdcard_filesystem/software/nios_app/build/Debug
13:35:04 Buildscript generation finished (took 1593 ms)
13:35:04 **** Incremental Build of configuration Debug for project nios_app ****
"C:\\altera_pro\\25.1\\riscfree\\build_tools\\bin\\make.exe" -j all 
[ 88%] Built target hal2_bsp
[ 90%] Building C object CMakeFiles/nios_app.elf.dir/terasic_sdcard/sd_protocol.c.obj
[ 90%] Building C object CMakeFiles/nios_app.elf.dir/terasic_sdcard/debug.c.obj
D:/dev_2025/a3sk_revA/sdcard_filesystem/software/nios_app/terasic_sdcard/debug.c: In function 'debug_output':
D:/dev_2025/a3sk_revA/sdcard_filesystem/software/nios_app/terasic_sdcard/debug.c:55:5: warning: format not a string literal and no format arguments [-Wformat-security]
   55 |     printf(pMessage);
      |     ^~~~~~
D:/dev_2025/a3sk_revA/sdcard_filesystem/software/nios_app/terasic_sdcard/sd_protocol.c:39:10: error: invalid preprocessing directive #indlude; did you mean #include?
   39 |         #indlude "debug.h"
      |          ^~~~~~~
      |          include
D:/dev_2025/a3sk_revA/sdcard_filesystem/software/nios_app/terasic_sdcard/debug.c: In function 'myprintf_hexarray':
D:/dev_2025/a3sk_revA/sdcard_filesystem/software/nios_app/terasic_sdcard/debug.c:83:17: warning: pointer targets in passing argument 1 of 'sprintf' differ in signedness [-Wpointer-sign]
   83 |         sprintf(szText, "[%02X]", *(pHex+i));
      |                 ^~~~~~
      |                 |
      |                 unsigned char *
In file included from D:/dev_2025/a3sk_revA/sdcard_filesystem/software/nios_app/terasic_sdcard/debug.c:33:
C:/altera_pro/25.1/riscfree/toolchain/riscv32-unknown-elf/riscv32-unknown-elf/include/stdio.h:250:18: note: expected 'char * restrict' but argument is of type 'unsigned char *'
  250 | int     sprintf (char *__restrict, const char *__restrict, ...)
      |                  ^
D:/dev_2025/a3sk_revA/sdcard_filesystem/software/nios_app/terasic_sdcard/sd_protocol.c: In function 'RTL_SetupCmd':
D:/dev_2025/a3sk_revA/sdcard_filesystem/software/nios_app/terasic_sdcard/sd_protocol.c:40:33: warning: implicit declaration of function 'DEBUG' [-Wimplicit-function-declaration]
   40 |     #define SDCARD_TRACE(x)    {DEBUG(("[SD_PROTOCAL]")); DEBUG(x);}
      |                                 ^~~~~
D:/dev_2025/a3sk_revA/sdcard_filesystem/software/nios_app/terasic_sdcard/sd_protocol.c:93:9: note: in expansion of macro 'SDCARD_TRACE'
   93 |         SDCARD_TRACE(("RTL_SetupCmd\r\n"));
      |         ^~~~~~~~~~~~
In file included from D:/dev_2025/a3sk_revA/sdcard_filesystem/software/nios_app/terasic_sdcard/debug.c:36:
D:/dev_2025/a3sk_revA/sdcard_filesystem/software/nios_app/terasic_sdcard/debug.c:84:16: warning: pointer targets in passing argument 1 of 'myprintf' differ in signedness [-Wpointer-sign]
   84 |         DEBUG((szText));
      |                ^~~~~~
      |                |
      |                unsigned char *
D:/dev_2025/a3sk_revA/sdcard_filesystem/software/nios_app/terasic_sdcard/debug.h:72:46: note: in definition of macro 'DEBUG'
   72 |     #define DEBUG(x)               {myprintf x;}  // standard in/out, specifed in project (it could be uart, jtag, or lcd)
      |                                              ^
D:/dev_2025/a3sk_revA/sdcard_filesystem/software/nios_app/terasic_sdcard/sd_protocol.c: In function 'RTL_Execute':
D:/dev_2025/a3sk_revA/sdcard_filesystem/software/nios_app/terasic_sdcard/debug.c:64:20: note: expected 'char *' but argument is of type 'unsigned char *'
   64 | int myprintf(char *format, ...){
      |              ~~~~~~^~~~~~
D:/dev_2025/a3sk_revA/sdcard_filesystem/software/nios_app/terasic_sdcard/sd_protocol.c:114:61: warning: left-hand operand of comma expression has no effect [-Wunused-value]
  114 |         SDCARD_TRACE(("RTL_Execute: start (txn_type=%d)\r\n", txn_type));
      |                                                             ^
D:/dev_2025/a3sk_revA/sdcard_filesystem/software/nios_app/terasic_sdcard/sd_protocol.c:40:65: note: in definition of macro 'SDCARD_TRACE'
   40 |     #define SDCARD_TRACE(x)    {DEBUG(("[SD_PROTOCAL]")); DEBUG(x);}
      |                                                                 ^
D:/dev_2025/a3sk_revA/sdcard_filesystem/software/nios_app/terasic_sdcard/sd_protocol.c:138:93: warning: left-hand operand of comma expression has no effect [-Wunused-value]
  138 |                                 SDCARD_TRACE(("........... done with error code %d (%s)\r\n", error_code, szInfo));
      |                                                                                             ^
D:/dev_2025/a3sk_revA/sdcard_filesystem/software/nios_app/terasic_sdcard/sd_protocol.c:40:65: note: in definition of macro 'SDCARD_TRACE'
   40 |     #define SDCARD_TRACE(x)    {DEBUG(("[SD_PROTOCAL]")); DEBUG(x);}
      |                                                                 ^
D:/dev_2025/a3sk_revA/sdcard_filesystem/software/nios_app/terasic_sdcard/sd_protocol.c:138:105: warning: left-hand operand of comma expression has no effect [-Wunused-value]
  138 |                                 SDCARD_TRACE(("........... done with error code %d (%s)\r\n", error_code, szInfo));
      |                                                                                                         ^
D:/dev_2025/a3sk_revA/sdcard_filesystem/software/nios_app/terasic_sdcard/sd_protocol.c:40:65: note: in definition of macro 'SDCARD_TRACE'
   40 |     #define SDCARD_TRACE(x)    {DEBUG(("[SD_PROTOCAL]")); DEBUG(x);}
      |                                                                 ^
D:/dev_2025/a3sk_revA/sdcard_filesystem/software/nios_app/terasic_sdcard/sd_protocol.c:155:49: warning: left-hand operand of comma expression has no effect [-Wunused-value]
  155 |         SDCARD_TRACE(("RTL_Execute: done %s\r\n",bSuccess?"bSuccess":"NG"));
      |                                                 ^
D:/dev_2025/a3sk_revA/sdcard_filesystem/software/nios_app/terasic_sdcard/sd_protocol.c:40:65: note: in definition of macro 'SDCARD_TRACE'
   40 |     #define SDCARD_TRACE(x)    {DEBUG(("[SD_PROTOCAL]")); DEBUG(x);}
      |                                                                 ^
D:/dev_2025/a3sk_revA/sdcard_filesystem/software/nios_app/terasic_sdcard/sd_protocol.c: In function 'SD_CMD0':
D:/dev_2025/a3sk_revA/sdcard_filesystem/software/nios_app/terasic_sdcard/sd_protocol.c:174:11: warning: implicit declaration of function 'crc7' [-Wimplicit-function-declaration]
  174 |     crc = crc7(0, szCmd, 5);
      |           ^~~~
D:/dev_2025/a3sk_revA/sdcard_filesystem/software/nios_app/terasic_sdcard/sd_protocol.c: In function 'SD_CMD8':
D:/dev_2025/a3sk_revA/sdcard_filesystem/software/nios_app/terasic_sdcard/sd_protocol.c:207:91: warning: left-hand operand of comma expression has no effect [-Wunused-value]
  207 |             SDCARD_DEBUG(("CMD%d Response: Invalid command index. szResponse[0]=%08xh\r\n", Cmd, szResponse[0]));
      |                                                                                           ^
D:/dev_2025/a3sk_revA/sdcard_filesystem/software/nios_app/terasic_sdcard/sd_protocol.c:41:65: note: in definition of macro 'SDCARD_DEBUG'
   41 |     #define SDCARD_DEBUG(x)    {DEBUG(("[SD_PROTOCAL]")); DEBUG(x);}
      |                                                                 ^
D:/dev_2025/a3sk_revA/sdcard_filesystem/software/nios_app/terasic_sdcard/sd_protocol.c:207:96: warning: left-hand operand of comma expression has no effect [-Wunused-value]
  207 |             SDCARD_DEBUG(("CMD%d Response: Invalid command index. szResponse[0]=%08xh\r\n", Cmd, szResponse[0]));
      |                                                                                                ^
D:/dev_2025/a3sk_revA/sdcard_filesystem/software/nios_app/terasic_sdcard/sd_protocol.c:41:65: note: in definition of macro 'SDCARD_DEBUG'
   41 |     #define SDCARD_DEBUG(x)    {DEBUG(("[SD_PROTOCAL]")); DEBUG(x);}
      |                                                                 ^
D:/dev_2025/a3sk_revA/sdcard_filesystem/software/nios_app/terasic_sdcard/sd_protocol.c:213:85: warning: left-hand operand of comma expression has no effect [-Wunused-value]
  213 |             SDCARD_DEBUG(("CMD%d Response: Invalid Void Id, szResponse[3]=%08xh\r\n", Cmd, szResponse[3]));
      |                                                                                     ^
D:/dev_2025/a3sk_revA/sdcard_filesystem/software/nios_app/terasic_sdcard/sd_protocol.c:41:65: note: in definition of macro 'SDCARD_DEBUG'
   41 |     #define SDCARD_DEBUG(x)    {DEBUG(("[SD_PROTOCAL]")); DEBUG(x);}
      |                                                                 ^
D:/dev_2025/a3sk_revA/sdcard_filesystem/software/nios_app/terasic_sdcard/sd_protocol.c:213:90: warning: left-hand operand of comma expression has no effect [-Wunused-value]
  213 |             SDCARD_DEBUG(("CMD%d Response: Invalid Void Id, szResponse[3]=%08xh\r\n", Cmd, szResponse[3]));
      |                                                                                          ^
D:/dev_2025/a3sk_revA/sdcard_filesystem/software/nios_app/terasic_sdcard/sd_protocol.c:41:65: note: in definition of macro 'SDCARD_DEBUG'
   41 |     #define SDCARD_DEBUG(x)    {DEBUG(("[SD_PROTOCAL]")); DEBUG(x);}
      |                                                                 ^
D:/dev_2025/a3sk_revA/sdcard_filesystem/software/nios_app/terasic_sdcard/sd_protocol.c:219:90: warning: left-hand operand of comma expression has no effect [-Wunused-value]
  219 |             SDCARD_DEBUG(("CMD%d Response: Invalid Test pattern, szResponse[4]=%08xh\r\n", Cmd, szResponse[4]));
      |                                                                                          ^
D:/dev_2025/a3sk_revA/sdcard_filesystem/software/nios_app/terasic_sdcard/sd_protocol.c:41:65: note: in definition of macro 'SDCARD_DEBUG'
   41 |     #define SDCARD_DEBUG(x)    {DEBUG(("[SD_PROTOCAL]")); DEBUG(x);}
      |                                                                 ^
D:/dev_2025/a3sk_revA/sdcard_filesystem/software/nios_app/terasic_sdcard/sd_protocol.c:219:95: warning: left-hand operand of comma expression has no effect [-Wunused-value]
  219 |             SDCARD_DEBUG(("CMD%d Response: Invalid Test pattern, szResponse[4]=%08xh\r\n", Cmd, szResponse[4]));
      |                                                                                               ^
D:/dev_2025/a3sk_revA/sdcard_filesystem/software/nios_app/terasic_sdcard/sd_protocol.c:41:65: note: in definition of macro 'SDCARD_DEBUG'
   41 |     #define SDCARD_DEBUG(x)    {DEBUG(("[SD_PROTOCAL]")); DEBUG(x);}
      |                                                                 ^
D:/dev_2025/a3sk_revA/sdcard_filesystem/software/nios_app/terasic_sdcard/sd_protocol.c:228:65: warning: left-hand operand of comma expression has no effect [-Wunused-value]
  228 |                 SDCARD_DEBUG(("CMD%d Response: Invalid crc7\r\n", Cmd));
      |                                                                 ^
D:/dev_2025/a3sk_revA/sdcard_filesystem/software/nios_app/terasic_sdcard/sd_protocol.c:41:65: note: in definition of macro 'SDCARD_DEBUG'
   41 |     #define SDCARD_DEBUG(x)    {DEBUG(("[SD_PROTOCAL]")); DEBUG(x);}
      |                                                                 ^
D:/dev_2025/a3sk_revA/sdcard_filesystem/software/nios_app/terasic_sdcard/sd_protocol.c:235:65: warning: left-hand operand of comma expression has no effect [-Wunused-value]
  235 |             SDCARD_DEBUG(("CMD%d Response: Invalid end-bits\r\n", Cmd));
      |                                                                 ^
D:/dev_2025/a3sk_revA/sdcard_filesystem/software/nios_app/terasic_sdcard/sd_protocol.c:41:65: note: in definition of macro 'SDCARD_DEBUG'
   41 |     #define SDCARD_DEBUG(x)    {DEBUG(("[SD_PROTOCAL]")); DEBUG(x);}
      |                                                                 ^
D:/dev_2025/a3sk_revA/sdcard_filesystem/software/nios_app/terasic_sdcard/sd_protocol.c: In function 'SD_CMD55':
D:/dev_2025/a3sk_revA/sdcard_filesystem/software/nios_app/terasic_sdcard/sd_protocol.c:272:91: warning: left-hand operand of comma expression has no effect [-Wunused-value]
  272 |             SDCARD_DEBUG(("CMD%d Response: Invalid command index. szResponse[0]=%08xh\r\n", Cmd, szResponse[0]));
      |                                                                                           ^
D:/dev_2025/a3sk_revA/sdcard_filesystem/software/nios_app/terasic_sdcard/sd_protocol.c:41:65: note: in definition of macro 'SDCARD_DEBUG'
   41 |     #define SDCARD_DEBUG(x)    {DEBUG(("[SD_PROTOCAL]")); DEBUG(x);}
      |                                                                 ^
D:/dev_2025/a3sk_revA/sdcard_filesystem/software/nios_app/terasic_sdcard/sd_protocol.c:272:96: warning: left-hand operand of comma expression has no effect [-Wunused-value]
  272 |             SDCARD_DEBUG(("CMD%d Response: Invalid command index. szResponse[0]=%08xh\r\n", Cmd, szResponse[0]));
      |                                                                                                ^
D:/dev_2025/a3sk_revA/sdcard_filesystem/software/nios_app/terasic_sdcard/sd_protocol.c:41:65: note: in definition of macro 'SDCARD_DEBUG'
   41 |     #define SDCARD_DEBUG(x)    {DEBUG(("[SD_PROTOCAL]")); DEBUG(x);}
      |                                                                 ^
D:/dev_2025/a3sk_revA/sdcard_filesystem/software/nios_app/terasic_sdcard/sd_protocol.c:280:99: warning: left-hand operand of comma expression has no effect [-Wunused-value]
  280 |             SDCARD_DEBUG(("CMD%d Response: unexpected stauts. response:%08xh, expected: %08xh\r\n", Cmd, CardStatus, ExpectedStatus));
      |                                                                                                   ^
D:/dev_2025/a3sk_revA/sdcard_filesystem/software/nios_app/terasic_sdcard/sd_protocol.c:41:65: note: in definition of macro 'SDCARD_DEBUG'
   41 |     #define SDCARD_DEBUG(x)    {DEBUG(("[SD_PROTOCAL]")); DEBUG(x);}
      |                                                                 ^
D:/dev_2025/a3sk_revA/sdcard_filesystem/software/nios_app/terasic_sdcard/sd_protocol.c:280:104: warning: left-hand operand of comma expression has no effect [-Wunused-value]
  280 |             SDCARD_DEBUG(("CMD%d Response: unexpected stauts. response:%08xh, expected: %08xh\r\n", Cmd, CardStatus, ExpectedStatus));
      |                                                                                                        ^
D:/dev_2025/a3sk_revA/sdcard_filesystem/software/nios_app/terasic_sdcard/sd_protocol.c:41:65: note: in definition of macro 'SDCARD_DEBUG'
   41 |     #define SDCARD_DEBUG(x)    {DEBUG(("[SD_PROTOCAL]")); DEBUG(x);}
      |                                                                 ^
D:/dev_2025/a3sk_revA/sdcard_filesystem/software/nios_app/terasic_sdcard/sd_protocol.c:280:116: warning: left-hand operand of comma expression has no effect [-Wunused-value]
  280 |             SDCARD_DEBUG(("CMD%d Response: unexpected stauts. response:%08xh, expected: %08xh\r\n", Cmd, CardStatus, ExpectedStatus));
      |                                                                                                                    ^
D:/dev_2025/a3sk_revA/sdcard_filesystem/software/nios_app/terasic_sdcard/sd_protocol.c:41:65: note: in definition of macro 'SDCARD_DEBUG'
   41 |     #define SDCARD_DEBUG(x)    {DEBUG(("[SD_PROTOCAL]")); DEBUG(x);}
      |                                                                 ^
D:/dev_2025/a3sk_revA/sdcard_filesystem/software/nios_app/terasic_sdcard/sd_protocol.c:289:65: warning: left-hand operand of comma expression has no effect [-Wunused-value]
  289 |                 SDCARD_DEBUG(("CMD%d Response: Invalid crc7\r\n", Cmd));
      |                                                                 ^
D:/dev_2025/a3sk_revA/sdcard_filesystem/software/nios_app/terasic_sdcard/sd_protocol.c:41:65: note: in definition of macro 'SDCARD_DEBUG'
   41 |     #define SDCARD_DEBUG(x)    {DEBUG(("[SD_PROTOCAL]")); DEBUG(x);}
      |                                                                 ^
D:/dev_2025/a3sk_revA/sdcard_filesystem/software/nios_app/terasic_sdcard/sd_protocol.c:296:65: warning: left-hand operand of comma expression has no effect [-Wunused-value]
  296 |             SDCARD_DEBUG(("CMD%d Response: Invalid end-bits\r\n", Cmd));
      |                                                                 ^
D:/dev_2025/a3sk_revA/sdcard_filesystem/software/nios_app/terasic_sdcard/sd_protocol.c:41:65: note: in definition of macro 'SDCARD_DEBUG'
   41 |     #define SDCARD_DEBUG(x)    {DEBUG(("[SD_PROTOCAL]")); DEBUG(x);}
      |                                                                 ^
D:/dev_2025/a3sk_revA/sdcard_filesystem/software/nios_app/terasic_sdcard/sd_protocol.c: In function 'SD_ACMD41':
D:/dev_2025/a3sk_revA/sdcard_filesystem/software/nios_app/terasic_sdcard/sd_protocol.c:342:71: warning: left-hand operand of comma expression has no effect [-Wunused-value]
  342 |             SDCARD_DEBUG(("ACMD%d Response: Invalid reserved bits\r\n", Cmd));
      |                                                                       ^
D:/dev_2025/a3sk_revA/sdcard_filesystem/software/nios_app/terasic_sdcard/sd_protocol.c:41:65: note: in definition of macro 'SDCARD_DEBUG'
   41 |     #define SDCARD_DEBUG(x)    {DEBUG(("[SD_PROTOCAL]")); DEBUG(x);}
      |                                                                 ^
D:/dev_2025/a3sk_revA/sdcard_filesystem/software/nios_app/terasic_sdcard/sd_protocol.c:356:62: warning: left-hand operand of comma expression has no effect [-Wunused-value]
  356 |             SDCARD_DEBUG(("ACMD%d Response: card is busy\r\n", Cmd));
      |                                                              ^
D:/dev_2025/a3sk_revA/sdcard_filesystem/software/nios_app/terasic_sdcard/sd_protocol.c:41:65: note: in definition of macro 'SDCARD_DEBUG'
   41 |     #define SDCARD_DEBUG(x)    {DEBUG(("[SD_PROTOCAL]")); DEBUG(x);}
      |                                                                 ^
D:/dev_2025/a3sk_revA/sdcard_filesystem/software/nios_app/terasic_sdcard/sd_protocol.c:362:77: warning: left-hand operand of comma expression has no effect [-Wunused-value]
  362 |             SDCARD_DEBUG(("ACMD%d Response: Invalid reserved & end-bits\r\n", Cmd));
      |                                                                             ^
D:/dev_2025/a3sk_revA/sdcard_filesystem/software/nios_app/terasic_sdcard/sd_protocol.c:41:65: note: in definition of macro 'SDCARD_DEBUG'
   41 |     #define SDCARD_DEBUG(x)    {DEBUG(("[SD_PROTOCAL]")); DEBUG(x);}
      |                                                                 ^
D:/dev_2025/a3sk_revA/sdcard_filesystem/software/nios_app/terasic_sdcard/sd_protocol.c: In function 'SD_CMD2':
D:/dev_2025/a3sk_revA/sdcard_filesystem/software/nios_app/terasic_sdcard/sd_protocol.c:400:78: warning: left-hand operand of comma expression has no effect [-Wunused-value]
  400 |             SDCARD_DEBUG(("CMD%d Response: Invalid strat+tx+reserved bit\r\n", Cmd));
      |                                                                              ^
D:/dev_2025/a3sk_revA/sdcard_filesystem/software/nios_app/terasic_sdcard/sd_protocol.c:41:65: note: in definition of macro 'SDCARD_DEBUG'
   41 |     #define SDCARD_DEBUG(x)    {DEBUG(("[SD_PROTOCAL]")); DEBUG(x);}
      |                                                                 ^
D:/dev_2025/a3sk_revA/sdcard_filesystem/software/nios_app/terasic_sdcard/sd_protocol.c:410:65: warning: left-hand operand of comma expression has no effect [-Wunused-value]
  410 |                 SDCARD_DEBUG(("CMD%d Response: Invalid crc7\r\n", Cmd));
      |                                                                 ^
D:/dev_2025/a3sk_revA/sdcard_filesystem/software/nios_app/terasic_sdcard/sd_protocol.c:41:65: note: in definition of macro 'SDCARD_DEBUG'
   41 |     #define SDCARD_DEBUG(x)    {DEBUG(("[SD_PROTOCAL]")); DEBUG(x);}
      |                                                                 ^
D:/dev_2025/a3sk_revA/sdcard_filesystem/software/nios_app/terasic_sdcard/sd_protocol.c:417:65: warning: left-hand operand of comma expression has no effect [-Wunused-value]
  417 |             SDCARD_DEBUG(("CMD%d Response: Invalid end-bits\r\n", Cmd));
      |                                                                 ^
D:/dev_2025/a3sk_revA/sdcard_filesystem/software/nios_app/terasic_sdcard/sd_protocol.c:41:65: note: in definition of macro 'SDCARD_DEBUG'
   41 |     #define SDCARD_DEBUG(x)    {DEBUG(("[SD_PROTOCAL]")); DEBUG(x);}
      |                                                                 ^
D:/dev_2025/a3sk_revA/sdcard_filesystem/software/nios_app/terasic_sdcard/sd_protocol.c: In function 'SD_CMD3':
D:/dev_2025/a3sk_revA/sdcard_filesystem/software/nios_app/terasic_sdcard/sd_protocol.c:462:78: warning: left-hand operand of comma expression has no effect [-Wunused-value]
  462 |             SDCARD_DEBUG(("CMD%d Response: Invalid strat+tx+reserved bit\r\n", Cmd));
      |                                                                              ^
D:/dev_2025/a3sk_revA/sdcard_filesystem/software/nios_app/terasic_sdcard/sd_protocol.c:41:65: note: in definition of macro 'SDCARD_DEBUG'
   41 |     #define SDCARD_DEBUG(x)    {DEBUG(("[SD_PROTOCAL]")); DEBUG(x);}
      |                                                                 ^
D:/dev_2025/a3sk_revA/sdcard_filesystem/software/nios_app/terasic_sdcard/sd_protocol.c:473:72: warning: left-hand operand of comma expression has no effect [-Wunused-value]
  473 |            SDCARD_DEBUG(("CMD%d Response: Unexpected CURRENT_STATE\r\n", Cmd));
      |                                                                        ^
D:/dev_2025/a3sk_revA/sdcard_filesystem/software/nios_app/terasic_sdcard/sd_protocol.c:41:65: note: in definition of macro 'SDCARD_DEBUG'
   41 |     #define SDCARD_DEBUG(x)    {DEBUG(("[SD_PROTOCAL]")); DEBUG(x);}
      |                                                                 ^
D:/dev_2025/a3sk_revA/sdcard_filesystem/software/nios_app/terasic_sdcard/sd_protocol.c:482:65: warning: left-hand operand of comma expression has no effect [-Wunused-value]
  482 |                 SDCARD_DEBUG(("CMD%d Response: Invalid crc7\r\n", Cmd));
      |                                                                 ^
D:/dev_2025/a3sk_revA/sdcard_filesystem/software/nios_app/terasic_sdcard/sd_protocol.c:41:65: note: in definition of macro 'SDCARD_DEBUG'
   41 |     #define SDCARD_DEBUG(x)    {DEBUG(("[SD_PROTOCAL]")); DEBUG(x);}
      |                                                                 ^
D:/dev_2025/a3sk_revA/sdcard_filesystem/software/nios_app/terasic_sdcard/sd_protocol.c:489:65: warning: left-hand operand of comma expression has no effect [-Wunused-value]
  489 |             SDCARD_DEBUG(("CMD%d Response: Invalid end-bits\r\n", Cmd));
      |                                                                 ^
D:/dev_2025/a3sk_revA/sdcard_filesystem/software/nios_app/terasic_sdcard/sd_protocol.c:41:65: note: in definition of macro 'SDCARD_DEBUG'
   41 |     #define SDCARD_DEBUG(x)    {DEBUG(("[SD_PROTOCAL]")); DEBUG(x);}
      |                                                                 ^
D:/dev_2025/a3sk_revA/sdcard_filesystem/software/nios_app/terasic_sdcard/sd_protocol.c: In function 'SD_CMD9':
D:/dev_2025/a3sk_revA/sdcard_filesystem/software/nios_app/terasic_sdcard/sd_protocol.c:524:78: warning: left-hand operand of comma expression has no effect [-Wunused-value]
  524 |             SDCARD_DEBUG(("CMD%d Response: Invalid strat+tx+reserved bit\r\n", Cmd));
      |                                                                              ^
D:/dev_2025/a3sk_revA/sdcard_filesystem/software/nios_app/terasic_sdcard/sd_protocol.c:41:65: note: in definition of macro 'SDCARD_DEBUG'
   41 |     #define SDCARD_DEBUG(x)    {DEBUG(("[SD_PROTOCAL]")); DEBUG(x);}
      |                                                                 ^
D:/dev_2025/a3sk_revA/sdcard_filesystem/software/nios_app/terasic_sdcard/sd_protocol.c:533:65: warning: left-hand operand of comma expression has no effect [-Wunused-value]
  533 |                 SDCARD_DEBUG(("CMD%d Response: Invalid crc7\r\n", Cmd));
      |                                                                 ^
D:/dev_2025/a3sk_revA/sdcard_filesystem/software/nios_app/terasic_sdcard/sd_protocol.c:41:65: note: in definition of macro 'SDCARD_DEBUG'
   41 |     #define SDCARD_DEBUG(x)    {DEBUG(("[SD_PROTOCAL]")); DEBUG(x);}
      |                                                                 ^
D:/dev_2025/a3sk_revA/sdcard_filesystem/software/nios_app/terasic_sdcard/sd_protocol.c:540:65: warning: left-hand operand of comma expression has no effect [-Wunused-value]
  540 |             SDCARD_DEBUG(("CMD%d Response: Invalid end-bits\r\n", Cmd));
      |                                                                 ^
D:/dev_2025/a3sk_revA/sdcard_filesystem/software/nios_app/terasic_sdcard/sd_protocol.c:41:65: note: in definition of macro 'SDCARD_DEBUG'
   41 |     #define SDCARD_DEBUG(x)    {DEBUG(("[SD_PROTOCAL]")); DEBUG(x);}
      |                                                                 ^
D:/dev_2025/a3sk_revA/sdcard_filesystem/software/nios_app/terasic_sdcard/sd_protocol.c: In function 'SD_CMD10':
D:/dev_2025/a3sk_revA/sdcard_filesystem/software/nios_app/terasic_sdcard/sd_protocol.c:579:78: warning: left-hand operand of comma expression has no effect [-Wunused-value]
  579 |             SDCARD_DEBUG(("CMD%d Response: Invalid strat+tx+reserved bit\r\n", Cmd));
      |                                                                              ^
D:/dev_2025/a3sk_revA/sdcard_filesystem/software/nios_app/terasic_sdcard/sd_protocol.c:41:65: note: in definition of macro 'SDCARD_DEBUG'
   41 |     #define SDCARD_DEBUG(x)    {DEBUG(("[SD_PROTOCAL]")); DEBUG(x);}
      |                                                                 ^
D:/dev_2025/a3sk_revA/sdcard_filesystem/software/nios_app/terasic_sdcard/sd_protocol.c:588:65: warning: left-hand operand of comma expression has no effect [-Wunused-value]
  588 |                 SDCARD_DEBUG(("CMD%d Response: Invalid crc7\r\n", Cmd));
      |                                                                 ^
D:/dev_2025/a3sk_revA/sdcard_filesystem/software/nios_app/terasic_sdcard/sd_protocol.c:41:65: note: in definition of macro 'SDCARD_DEBUG'
   41 |     #define SDCARD_DEBUG(x)    {DEBUG(("[SD_PROTOCAL]")); DEBUG(x);}
      |                                                                 ^
D:/dev_2025/a3sk_revA/sdcard_filesystem/software/nios_app/terasic_sdcard/sd_protocol.c:595:65: warning: left-hand operand of comma expression has no effect [-Wunused-value]
  595 |             SDCARD_DEBUG(("CMD%d Response: Invalid end-bits\r\n", Cmd));
      |                                                                 ^
D:/dev_2025/a3sk_revA/sdcard_filesystem/software/nios_app/terasic_sdcard/sd_protocol.c:41:65: note: in definition of macro 'SDCARD_DEBUG'
   41 |     #define SDCARD_DEBUG(x)    {DEBUG(("[SD_PROTOCAL]")); DEBUG(x);}
      |                                                                 ^
D:/dev_2025/a3sk_revA/sdcard_filesystem/software/nios_app/terasic_sdcard/sd_protocol.c: In function 'SD_CMD7':
D:/dev_2025/a3sk_revA/sdcard_filesystem/software/nios_app/terasic_sdcard/sd_protocol.c:636:78: warning: left-hand operand of comma expression has no effect [-Wunused-value]
  636 |             SDCARD_DEBUG(("CMD%d Response: Invalid strat+tx+reserved bit\r\n", Cmd));
      |                                                                              ^
D:/dev_2025/a3sk_revA/sdcard_filesystem/software/nios_app/terasic_sdcard/sd_protocol.c:41:65: note: in definition of macro 'SDCARD_DEBUG'
   41 |     #define SDCARD_DEBUG(x)    {DEBUG(("[SD_PROTOCAL]")); DEBUG(x);}
      |                                                                 ^
D:/dev_2025/a3sk_revA/sdcard_filesystem/software/nios_app/terasic_sdcard/sd_protocol.c:644:66: warning: left-hand operand of comma expression has no effect [-Wunused-value]
  644 |             SDCARD_DEBUG(("CMD%d Response: unexpected stauts\r\n", Cmd));
      |                                                                  ^
D:/dev_2025/a3sk_revA/sdcard_filesystem/software/nios_app/terasic_sdcard/sd_protocol.c:41:65: note: in definition of macro 'SDCARD_DEBUG'
   41 |     #define SDCARD_DEBUG(x)    {DEBUG(("[SD_PROTOCAL]")); DEBUG(x);}
      |                                                                 ^
D:/dev_2025/a3sk_revA/sdcard_filesystem/software/nios_app/terasic_sdcard/sd_protocol.c:653:65: warning: left-hand operand of comma expression has no effect [-Wunused-value]
  653 |                 SDCARD_DEBUG(("CMD%d Response: Invalid crc7\r\n", Cmd));
      |                                                                 ^
D:/dev_2025/a3sk_revA/sdcard_filesystem/software/nios_app/terasic_sdcard/sd_protocol.c:41:65: note: in definition of macro 'SDCARD_DEBUG'
   41 |     #define SDCARD_DEBUG(x)    {DEBUG(("[SD_PROTOCAL]")); DEBUG(x);}
      |                                                                 ^
D:/dev_2025/a3sk_revA/sdcard_filesystem/software/nios_app/terasic_sdcard/sd_protocol.c:660:65: warning: left-hand operand of comma expression has no effect [-Wunused-value]
  660 |             SDCARD_DEBUG(("CMD%d Response: Invalid end-bits\r\n", Cmd));
      |                                                                 ^
D:/dev_2025/a3sk_revA/sdcard_filesystem/software/nios_app/terasic_sdcard/sd_protocol.c:41:65: note: in definition of macro 'SDCARD_DEBUG'
   41 |     #define SDCARD_DEBUG(x)    {DEBUG(("[SD_PROTOCAL]")); DEBUG(x);}
      |                                                                 ^
D:/dev_2025/a3sk_revA/sdcard_filesystem/software/nios_app/terasic_sdcard/sd_protocol.c: In function 'SD_CMD16':
D:/dev_2025/a3sk_revA/sdcard_filesystem/software/nios_app/terasic_sdcard/sd_protocol.c:696:78: warning: left-hand operand of comma expression has no effect [-Wunused-value]
  696 |             SDCARD_DEBUG(("CMD%d Response: Invalid strat+tx+reserved bit\r\n", Cmd));
      |                                                                              ^
D:/dev_2025/a3sk_revA/sdcard_filesystem/software/nios_app/terasic_sdcard/sd_protocol.c:41:65: note: in definition of macro 'SDCARD_DEBUG'
   41 |     #define SDCARD_DEBUG(x)    {DEBUG(("[SD_PROTOCAL]")); DEBUG(x);}
      |                                                                 ^
D:/dev_2025/a3sk_revA/sdcard_filesystem/software/nios_app/terasic_sdcard/sd_protocol.c:704:66: warning: left-hand operand of comma expression has no effect [-Wunused-value]
  704 |             SDCARD_DEBUG(("CMD%d Response: unexpected stauts\r\n", Cmd));
      |                                                                  ^
D:/dev_2025/a3sk_revA/sdcard_filesystem/software/nios_app/terasic_sdcard/sd_protocol.c:41:65: note: in definition of macro 'SDCARD_DEBUG'
   41 |     #define SDCARD_DEBUG(x)    {DEBUG(("[SD_PROTOCAL]")); DEBUG(x);}
      |                                                                 ^
D:/dev_2025/a3sk_revA/sdcard_filesystem/software/nios_app/terasic_sdcard/sd_protocol.c:713:65: warning: left-hand operand of comma expression has no effect [-Wunused-value]
  713 |                 SDCARD_DEBUG(("CMD%d Response: Invalid crc7\r\n", Cmd));
      |                                                                 ^
D:/dev_2025/a3sk_revA/sdcard_filesystem/software/nios_app/terasic_sdcard/sd_protocol.c:41:65: note: in definition of macro 'SDCARD_DEBUG'
   41 |     #define SDCARD_DEBUG(x)    {DEBUG(("[SD_PROTOCAL]")); DEBUG(x);}
      |                                                                 ^
D:/dev_2025/a3sk_revA/sdcard_filesystem/software/nios_app/terasic_sdcard/sd_protocol.c:720:65: warning: left-hand operand of comma expression has no effect [-Wunused-value]
  720 |             SDCARD_DEBUG(("CMD%d Response: Invalid end-bits\r\n", Cmd));
      |                                                                 ^
D:/dev_2025/a3sk_revA/sdcard_filesystem/software/nios_app/terasic_sdcard/sd_protocol.c:41:65: note: in definition of macro 'SDCARD_DEBUG'
   41 |     #define SDCARD_DEBUG(x)    {DEBUG(("[SD_PROTOCAL]")); DEBUG(x);}
      |                                                                 ^
D:/dev_2025/a3sk_revA/sdcard_filesystem/software/nios_app/terasic_sdcard/sd_protocol.c: In function 'SD_ACMD6':
D:/dev_2025/a3sk_revA/sdcard_filesystem/software/nios_app/terasic_sdcard/sd_protocol.c:756:70: warning: left-hand operand of comma expression has no effect [-Wunused-value]
  756 |             SDCARD_DEBUG(("CMD%d Response: Invalid reserved bits\r\n", Cmd));
      |                                                                      ^
D:/dev_2025/a3sk_revA/sdcard_filesystem/software/nios_app/terasic_sdcard/sd_protocol.c:41:65: note: in definition of macro 'SDCARD_DEBUG'
   41 |     #define SDCARD_DEBUG(x)    {DEBUG(("[SD_PROTOCAL]")); DEBUG(x);}
      |                                                                 ^
D:/dev_2025/a3sk_revA/sdcard_filesystem/software/nios_app/terasic_sdcard/sd_protocol.c:764:66: warning: left-hand operand of comma expression has no effect [-Wunused-value]
  764 |             SDCARD_DEBUG(("CMD%d Response: unexpected stauts\r\n", Cmd));
      |                                                                  ^
D:/dev_2025/a3sk_revA/sdcard_filesystem/software/nios_app/terasic_sdcard/sd_protocol.c:41:65: note: in definition of macro 'SDCARD_DEBUG'
   41 |     #define SDCARD_DEBUG(x)    {DEBUG(("[SD_PROTOCAL]")); DEBUG(x);}
      |                                                                 ^
D:/dev_2025/a3sk_revA/sdcard_filesystem/software/nios_app/terasic_sdcard/sd_protocol.c:773:65: warning: left-hand operand of comma expression has no effect [-Wunused-value]
  773 |                 SDCARD_DEBUG(("CMD%d Response: Invalid crc7\r\n", Cmd));
      |                                                                 ^
D:/dev_2025/a3sk_revA/sdcard_filesystem/software/nios_app/terasic_sdcard/sd_protocol.c:41:65: note: in definition of macro 'SDCARD_DEBUG'
   41 |     #define SDCARD_DEBUG(x)    {DEBUG(("[SD_PROTOCAL]")); DEBUG(x);}
      |                                                                 ^
D:/dev_2025/a3sk_revA/sdcard_filesystem/software/nios_app/terasic_sdcard/sd_protocol.c:780:65: warning: left-hand operand of comma expression has no effect [-Wunused-value]
  780 |             SDCARD_DEBUG(("CMD%d Response: Invalid end-bits\r\n", Cmd));
      |                                                                 ^
D:/dev_2025/a3sk_revA/sdcard_filesystem/software/nios_app/terasic_sdcard/sd_protocol.c:41:65: note: in definition of macro 'SDCARD_DEBUG'
   41 |     #define SDCARD_DEBUG(x)    {DEBUG(("[SD_PROTOCAL]")); DEBUG(x);}
      |                                                                 ^
D:/dev_2025/a3sk_revA/sdcard_filesystem/software/nios_app/terasic_sdcard/sd_protocol.c: In function 'SD_ACMD42':
D:/dev_2025/a3sk_revA/sdcard_filesystem/software/nios_app/terasic_sdcard/sd_protocol.c:815:70: warning: left-hand operand of comma expression has no effect [-Wunused-value]
  815 |             SDCARD_DEBUG(("CMD%d Response: Invalid reserved bits\r\n", Cmd));
      |                                                                      ^
D:/dev_2025/a3sk_revA/sdcard_filesystem/software/nios_app/terasic_sdcard/sd_protocol.c:41:65: note: in definition of macro 'SDCARD_DEBUG'
   41 |     #define SDCARD_DEBUG(x)    {DEBUG(("[SD_PROTOCAL]")); DEBUG(x);}
      |                                                                 ^
D:/dev_2025/a3sk_revA/sdcard_filesystem/software/nios_app/terasic_sdcard/sd_protocol.c:823:66: warning: left-hand operand of comma expression has no effect [-Wunused-value]
  823 |             SDCARD_DEBUG(("CMD%d Response: unexpected stauts\r\n", Cmd));
      |                                                                  ^
D:/dev_2025/a3sk_revA/sdcard_filesystem/software/nios_app/terasic_sdcard/sd_protocol.c:41:65: note: in definition of macro 'SDCARD_DEBUG'
   41 |     #define SDCARD_DEBUG(x)    {DEBUG(("[SD_PROTOCAL]")); DEBUG(x);}
      |                                                                 ^
D:/dev_2025/a3sk_revA/sdcard_filesystem/software/nios_app/terasic_sdcard/sd_protocol.c:832:65: warning: left-hand operand of comma expression has no effect [-Wunused-value]
  832 |                 SDCARD_DEBUG(("CMD%d Response: Invalid crc7\r\n", Cmd));
      |                                                                 ^
D:/dev_2025/a3sk_revA/sdcard_filesystem/software/nios_app/terasic_sdcard/sd_protocol.c:41:65: note: in definition of macro 'SDCARD_DEBUG'
   41 |     #define SDCARD_DEBUG(x)    {DEBUG(("[SD_PROTOCAL]")); DEBUG(x);}
      |                                                                 ^
D:/dev_2025/a3sk_revA/sdcard_filesystem/software/nios_app/terasic_sdcard/sd_protocol.c:839:65: warning: left-hand operand of comma expression has no effect [-Wunused-value]
  839 |             SDCARD_DEBUG(("CMD%d Response: Invalid end-bits\r\n", Cmd));
      |                                                                 ^
D:/dev_2025/a3sk_revA/sdcard_filesystem/software/nios_app/terasic_sdcard/sd_protocol.c:41:65: note: in definition of macro 'SDCARD_DEBUG'
   41 |     #define SDCARD_DEBUG(x)    {DEBUG(("[SD_PROTOCAL]")); DEBUG(x);}
      |                                                                 ^
D:/dev_2025/a3sk_revA/sdcard_filesystem/software/nios_app/terasic_sdcard/sd_protocol.c: In function 'SD_CMD17':
D:/dev_2025/a3sk_revA/sdcard_filesystem/software/nios_app/terasic_sdcard/sd_protocol.c:873:57: warning: left-hand operand of comma expression has no effect [-Wunused-value]
  873 |         SDCARD_DEBUG(("CMD%d failed to get Response\r\n", Cmd));
      |                                                         ^
D:/dev_2025/a3sk_revA/sdcard_filesystem/software/nios_app/terasic_sdcard/sd_protocol.c:41:65: note: in definition of macro 'SDCARD_DEBUG'
   41 |     #define SDCARD_DEBUG(x)    {DEBUG(("[SD_PROTOCAL]")); DEBUG(x);}
      |                                                                 ^
D:/dev_2025/a3sk_revA/sdcard_filesystem/software/nios_app/terasic_sdcard/sd_protocol.c:878:78: warning: left-hand operand of comma expression has no effect [-Wunused-value]
  878 |             SDCARD_DEBUG(("CMD%d Response: Invalid strat+tx+reserved bit\r\n", Cmd));
      |                                                                              ^
D:/dev_2025/a3sk_revA/sdcard_filesystem/software/nios_app/terasic_sdcard/sd_protocol.c:41:65: note: in definition of macro 'SDCARD_DEBUG'
   41 |     #define SDCARD_DEBUG(x)    {DEBUG(("[SD_PROTOCAL]")); DEBUG(x);}
      |                                                                 ^
D:/dev_2025/a3sk_revA/sdcard_filesystem/software/nios_app/terasic_sdcard/sd_protocol.c:886:66: warning: left-hand operand of comma expression has no effect [-Wunused-value]
  886 |             SDCARD_DEBUG(("CMD%d Response: unexpected stauts\r\n", Cmd));
      |                                                                  ^
D:/dev_2025/a3sk_revA/sdcard_filesystem/software/nios_app/terasic_sdcard/sd_protocol.c:41:65: note: in definition of macro 'SDCARD_DEBUG'
   41 |     #define SDCARD_DEBUG(x)    {DEBUG(("[SD_PROTOCAL]")); DEBUG(x);}
      |                                                                 ^
D:/dev_2025/a3sk_revA/sdcard_filesystem/software/nios_app/terasic_sdcard/sd_protocol.c:895:65: warning: left-hand operand of comma expression has no effect [-Wunused-value]
  895 |                 SDCARD_DEBUG(("CMD%d Response: Invalid crc7\r\n", Cmd));
      |                                                                 ^
D:/dev_2025/a3sk_revA/sdcard_filesystem/software/nios_app/terasic_sdcard/sd_protocol.c:41:65: note: in definition of macro 'SDCARD_DEBUG'
   41 |     #define SDCARD_DEBUG(x)    {DEBUG(("[SD_PROTOCAL]")); DEBUG(x);}
      |                                                                 ^
D:/dev_2025/a3sk_revA/sdcard_filesystem/software/nios_app/terasic_sdcard/sd_protocol.c:902:65: warning: left-hand operand of comma expression has no effect [-Wunused-value]
  902 |             SDCARD_DEBUG(("CMD%d Response: Invalid end-bits\r\n", Cmd));
      |                                                                 ^
D:/dev_2025/a3sk_revA/sdcard_filesystem/software/nios_app/terasic_sdcard/sd_protocol.c:41:65: note: in definition of macro 'SDCARD_DEBUG'
   41 |     #define SDCARD_DEBUG(x)    {DEBUG(("[SD_PROTOCAL]")); DEBUG(x);}
      |                                                                 ^
D:/dev_2025/a3sk_revA/sdcard_filesystem/software/nios_app/terasic_sdcard/sd_protocol.c: In function 'SD_CMD24':
D:/dev_2025/a3sk_revA/sdcard_filesystem/software/nios_app/terasic_sdcard/sd_protocol.c:939:78: warning: left-hand operand of comma expression has no effect [-Wunused-value]
  939 |             SDCARD_DEBUG(("CMD%d Response: Invalid strat+tx+reserved bit\r\n", Cmd));
      |                                                                              ^
D:/dev_2025/a3sk_revA/sdcard_filesystem/software/nios_app/terasic_sdcard/sd_protocol.c:41:65: note: in definition of macro 'SDCARD_DEBUG'
   41 |     #define SDCARD_DEBUG(x)    {DEBUG(("[SD_PROTOCAL]")); DEBUG(x);}
      |                                                                 ^
D:/dev_2025/a3sk_revA/sdcard_filesystem/software/nios_app/terasic_sdcard/sd_protocol.c:947:66: warning: left-hand operand of comma expression has no effect [-Wunused-value]
  947 |             SDCARD_DEBUG(("CMD%d Response: unexpected stauts\r\n", Cmd));
      |                                                                  ^
D:/dev_2025/a3sk_revA/sdcard_filesystem/software/nios_app/terasic_sdcard/sd_protocol.c:41:65: note: in definition of macro 'SDCARD_DEBUG'
   41 |     #define SDCARD_DEBUG(x)    {DEBUG(("[SD_PROTOCAL]")); DEBUG(x);}
      |                                                                 ^
D:/dev_2025/a3sk_revA/sdcard_filesystem/software/nios_app/terasic_sdcard/sd_protocol.c:956:65: warning: left-hand operand of comma expression has no effect [-Wunused-value]
  956 |                 SDCARD_DEBUG(("CMD%d Response: Invalid crc7\r\n", Cmd));
      |                                                                 ^
D:/dev_2025/a3sk_revA/sdcard_filesystem/software/nios_app/terasic_sdcard/sd_protocol.c:41:65: note: in definition of macro 'SDCARD_DEBUG'
   41 |     #define SDCARD_DEBUG(x)    {DEBUG(("[SD_PROTOCAL]")); DEBUG(x);}
      |                                                                 ^
D:/dev_2025/a3sk_revA/sdcard_filesystem/software/nios_app/terasic_sdcard/sd_protocol.c:963:65: warning: left-hand operand of comma expression has no effect [-Wunused-value]
  963 |             SDCARD_DEBUG(("CMD%d Response: Invalid end-bits\r\n", Cmd));
      |                                                                 ^
D:/dev_2025/a3sk_revA/sdcard_filesystem/software/nios_app/terasic_sdcard/sd_protocol.c:41:65: note: in definition of macro 'SDCARD_DEBUG'
   41 |     #define SDCARD_DEBUG(x)    {DEBUG(("[SD_PROTOCAL]")); DEBUG(x);}
      |                                                                 ^
make[2]: *** [CMakeFiles/nios_app.elf.dir/build.make:191: CMakeFiles/nios_app.elf.dir/terasic_sdcard/sd_protocol.c.obj] Error 1
make[2]: *** Waiting for unfinished jobs....
make[1]: *** [CMakeFiles/Makefile2:118: CMakeFiles/nios_app.elf.dir/all] Error 2
make: *** [Makefile:91: all] Error 2
"C:/altera_pro/25.1/riscfree/build_tools/bin/make.exe -j all" terminated with exit code 2. Build might be incomplete.
13:35:45 **** Incremental Build of configuration Debug for project nios_app ****
"C:\\altera_pro\\25.1\\riscfree\\build_tools\\bin\\make.exe" -j all 
[ 88%] Built target hal2_bsp
[ 89%] Building C object CMakeFiles/nios_app.elf.dir/terasic_sdcard/sd_protocol.c.obj
D:/dev_2025/a3sk_revA/sdcard_filesystem/software/nios_app/terasic_sdcard/sd_protocol.c: In function 'SD_CMD0':
D:/dev_2025/a3sk_revA/sdcard_filesystem/software/nios_app/terasic_sdcard/sd_protocol.c:174:11: warning: implicit declaration of function 'crc7' [-Wimplicit-function-declaration]
  174 |     crc = crc7(0, szCmd, 5);
      |           ^~~~
D:/dev_2025/a3sk_revA/sdcard_filesystem/software/nios_app/terasic_sdcard/sd_protocol.c: In function 'SD_CMD9':
D:/dev_2025/a3sk_revA/sdcard_filesystem/software/nios_app/terasic_sdcard/sd_protocol.c:548:12: warning: 'nCopyLen' may be used uninitialized [-Wmaybe-uninitialized]
  548 |         if (nCopyLen > 16)
      |            ^
D:/dev_2025/a3sk_revA/sdcard_filesystem/software/nios_app/terasic_sdcard/sd_protocol.c:547:13: note: 'nCopyLen' was declared here
  547 |         int nCopyLen, x;
      |             ^~~~~~~~
D:/dev_2025/a3sk_revA/sdcard_filesystem/software/nios_app/terasic_sdcard/sd_protocol.c: In function 'SD_CMD10':
D:/dev_2025/a3sk_revA/sdcard_filesystem/software/nios_app/terasic_sdcard/sd_protocol.c:603:12: warning: 'nCopyLen' may be used uninitialized [-Wmaybe-uninitialized]
  603 |         if (nCopyLen > 16)
      |            ^
D:/dev_2025/a3sk_revA/sdcard_filesystem/software/nios_app/terasic_sdcard/sd_protocol.c:602:13: note: 'nCopyLen' was declared here
  602 |         int nCopyLen, x;
      |             ^~~~~~~~
[ 90%] Linking C executable nios_app.elf
C:/altera_pro/25.1/riscfree/toolchain/riscv32-unknown-elf/bin/../lib/gcc/riscv32-unknown-elf/13.2.0/../../../../riscv32-unknown-elf/bin/ld.exe: CMakeFiles/nios_app.elf.dir/terasic_sdcard/sd_lib.c.obj: in function `SDLIB_Init':
D:/dev_2025/a3sk_revA/sdcard_filesystem/software/nios_app/terasic_sdcard/sd_lib.c:97:(.text+0x70): undefined reference to `DEBUG'
C:/altera_pro/25.1/riscfree/toolchain/riscv32-unknown-elf/bin/../lib/gcc/riscv32-unknown-elf/13.2.0/../../../../riscv32-unknown-elf/bin/ld.exe: D:/dev_2025/a3sk_revA/sdcard_filesystem/software/nios_app/terasic_sdcard/sd_lib.c:97:(.text+0x80): undefined reference to `DEBUG'
C:/altera_pro/25.1/riscfree/toolchain/riscv32-unknown-elf/bin/../lib/gcc/riscv32-unknown-elf/13.2.0/../../../../riscv32-unknown-elf/bin/ld.exe: D:/dev_2025/a3sk_revA/sdcard_filesystem/software/nios_app/terasic_sdcard/sd_lib.c:98:(.text+0x90): undefined reference to `DEBUG'
C:/altera_pro/25.1/riscfree/toolchain/riscv32-unknown-elf/bin/../lib/gcc/riscv32-unknown-elf/13.2.0/../../../../riscv32-unknown-elf/bin/ld.exe: D:/dev_2025/a3sk_revA/sdcard_filesystem/software/nios_app/terasic_sdcard/sd_lib.c:98:(.text+0xb8): undefined reference to `DEBUG'
C:/altera_pro/25.1/riscfree/toolchain/riscv32-unknown-elf/bin/../lib/gcc/riscv32-unknown-elf/13.2.0/../../../../riscv32-unknown-elf/bin/ld.exe: D:/dev_2025/a3sk_revA/sdcard_filesystem/software/nios_app/terasic_sdcard/sd_lib.c:117:(.text+0x124): undefined reference to `DEBUG'
C:/altera_pro/25.1/riscfree/toolchain/riscv32-unknown-elf/bin/../lib/gcc/riscv32-unknown-elf/13.2.0/../../../../riscv32-unknown-elf/bin/ld.exe: CMakeFiles/nios_app.elf.dir/terasic_sdcard/sd_lib.c.obj:D:/dev_2025/a3sk_revA/sdcard_filesystem/software/nios_app/terasic_sdcard/sd_lib.c:118: more undefined references to `DEBUG' follow
collect2.exe: error: ld returned 1 exit status
make[2]: *** [CMakeFiles/nios_app.elf.dir/build.make:245: nios_app.elf] Error 1
make[1]: *** [CMakeFiles/Makefile2:118: CMakeFiles/nios_app.elf.dir/all] Error 2
make: *** [Makefile:91: all] Error 2
"C:/altera_pro/25.1/riscfree/build_tools/bin/make.exe -j all" terminated with exit code 2. Build might be incomplete.
13:36:33 **** Clean-only build of configuration Debug for project nios_app ****
"C:\\altera_pro\\25.1\\riscfree\\build_tools\\bin\\make.exe" -j clean 
13:36:37 **** Build of configuration Debug for project nios_app ****
"C:\\altera_pro\\25.1\\riscfree\\build_tools\\bin\\make.exe" -j all 
[  2%] Building ASM object nios_bsp/CMakeFiles/hal2_bsp.dir/HAL/src/alt_ecc_exception_entry.S.obj
[  3%] Building C object nios_bsp/CMakeFiles/hal2_bsp.dir/HAL/src/alt_alarm_start.c.obj
[  1%] Building C object nios_bsp/CMakeFiles/hal2_bsp.dir/HAL/src/alt_env_lock.c.obj
[  6%] Building C object nios_bsp/CMakeFiles/hal2_bsp.dir/HAL/src/alt_errno.c.obj
[  7%] Building C object nios_bsp/CMakeFiles/hal2_bsp.dir/HAL/src/alt_dev.c.obj
[  4%] Building C object nios_bsp/CMakeFiles/hal2_bsp.dir/HAL/src/alt_find_file.c.obj
[  8%] Building C object nios_bsp/CMakeFiles/hal2_bsp.dir/HAL/src/alt_busy_sleep.c.obj
[  1%] Building C object nios_bsp/CMakeFiles/hal2_bsp.dir/HAL/src/alt_environ.c.obj
[ 10%] Building ASM object nios_bsp/CMakeFiles/hal2_bsp.dir/HAL/src/crt0.S.obj
[  9%] Building ASM object nios_bsp/CMakeFiles/hal2_bsp.dir/HAL/src/alt_log_macro.S.obj
[ 11%] Building C object nios_bsp/CMakeFiles/hal2_bsp.dir/HAL/src/alt_execve.c.obj
[ 12%] Building ASM object nios_bsp/CMakeFiles/hal2_bsp.dir/HAL/src/alt_vic_vector_table.S.obj
[  6%] Building C object nios_bsp/CMakeFiles/hal2_bsp.dir/HAL/src/alt_fs_reg.c.obj
[ 17%] Building C object nios_bsp/CMakeFiles/hal2_bsp.dir/HAL/src/alt_icache_flush.c.obj
[ 12%] Building C object nios_bsp/CMakeFiles/hal2_bsp.dir/HAL/src/alt_fork.c.obj
[ 19%] Building C object nios_bsp/CMakeFiles/hal2_bsp.dir/HAL/src/alt_getpid.c.obj
[ 15%] Building C object nios_bsp/CMakeFiles/hal2_bsp.dir/HAL/src/alt_fcntl.c.obj
[ 16%] Building ASM object nios_bsp/CMakeFiles/hal2_bsp.dir/HAL/src/machine_trap.S.obj
[ 13%] Building ASM object nios_bsp/CMakeFiles/hal2_bsp.dir/HAL/src/alt_mcount.S.obj
[ 25%] Building C object nios_bsp/CMakeFiles/hal2_bsp.dir/HAL/src/alt_iic.c.obj
[ 23%] Building C object nios_bsp/CMakeFiles/hal2_bsp.dir/HAL/src/alt_instruction_exception_register.c.obj
[ 27%] Building C object nios_bsp/CMakeFiles/hal2_bsp.dir/HAL/src/alt_io_redirect.c.obj
[ 20%] Building C object nios_bsp/CMakeFiles/hal2_bsp.dir/HAL/src/alt_dev_llist_insert.c.obj
[ 15%] Building C object nios_bsp/CMakeFiles/hal2_bsp.dir/HAL/src/alt_find_dev.c.obj
[ 22%] Building C object nios_bsp/CMakeFiles/hal2_bsp.dir/HAL/src/alt_fstat.c.obj
[ 22%] Building C object nios_bsp/CMakeFiles/hal2_bsp.dir/HAL/src/alt_main.c.obj
[ 29%] Building C object nios_bsp/CMakeFiles/hal2_bsp.dir/HAL/src/alt_kill.c.obj
[ 32%] Building C object nios_bsp/CMakeFiles/hal2_bsp.dir/HAL/src/alt_isatty.c.obj
[ 30%] Building C object nios_bsp/CMakeFiles/hal2_bsp.dir/HAL/src/alt_close.c.obj
[ 24%] Building C object nios_bsp/CMakeFiles/hal2_bsp.dir/HAL/src/alt_icache_flush_all.c.obj
[ 21%] Building C object nios_bsp/CMakeFiles/hal2_bsp.dir/HAL/src/alt_do_ctors.c.obj
[ 31%] Building C object nios_bsp/CMakeFiles/hal2_bsp.dir/HAL/src/alt_dcache_flush_no_writeback.c.obj
[ 34%] Building C object nios_bsp/CMakeFiles/hal2_bsp.dir/HAL/src/alt_dma_txchan_open.c.obj
[ 26%] Building C object nios_bsp/CMakeFiles/hal2_bsp.dir/HAL/src/alt_gmon.c.obj
[ 36%] Building C object nios_bsp/CMakeFiles/hal2_bsp.dir/HAL/src/alt_printf.c.obj
[ 38%] Building C object nios_bsp/CMakeFiles/hal2_bsp.dir/HAL/src/alt_remap_cached.c.obj
[ 37%] Building C object nios_bsp/CMakeFiles/hal2_bsp.dir/HAL/src/alt_uncached_malloc.c.obj
[ 40%] Building C object nios_bsp/CMakeFiles/hal2_bsp.dir/HAL/src/alt_dma_rxchan_open.c.obj
[ 47%] Building C object nios_bsp/CMakeFiles/hal2_bsp.dir/HAL/src/alt_stat.c.obj
[ 48%] Building C object nios_bsp/CMakeFiles/hal2_bsp.dir/HAL/src/alt_open.c.obj
[ 46%] Building C object nios_bsp/CMakeFiles/hal2_bsp.dir/HAL/src/alt_dcache_flush.c.obj
[ 46%] Building C object nios_bsp/CMakeFiles/hal2_bsp.dir/HAL/src/alt_log_printf.c.obj
[ 44%] Building C object nios_bsp/CMakeFiles/hal2_bsp.dir/HAL/src/alt_wait.c.obj
[ 28%] Building C object nios_bsp/CMakeFiles/hal2_bsp.dir/HAL/src/alt_fd_lock.c.obj
[ 51%] Building C object nios_bsp/CMakeFiles/hal2_bsp.dir/HAL/src/alt_sbrk.c.obj
[ 41%] Building C object nios_bsp/CMakeFiles/hal2_bsp.dir/HAL/src/alt_gettod.c.obj
[ 39%] Building C object nios_bsp/CMakeFiles/hal2_bsp.dir/HAL/src/alt_usleep.c.obj
[ 33%] Building C object nios_bsp/CMakeFiles/hal2_bsp.dir/HAL/src/alt_exit.c.obj
[ 43%] Building C object nios_bsp/CMakeFiles/hal2_bsp.dir/HAL/src/alt_fd_unlock.c.obj
[ 42%] Building C object nios_bsp/CMakeFiles/hal2_bsp.dir/HAL/src/alt_tls.c.obj
[ 35%] Building C object nios_bsp/CMakeFiles/hal2_bsp.dir/HAL/src/alt_putchar.c.obj
[ 53%] Building C object nios_bsp/CMakeFiles/hal2_bsp.dir/HAL/src/alt_putstr.c.obj
[ 58%] Building C object nios_bsp/CMakeFiles/hal2_bsp.dir/HAL/src/intel_fpga_platform_api_niosv.c.obj
[ 59%] Building C object nios_bsp/CMakeFiles/hal2_bsp.dir/HAL/src/alt_irq_handler.c.obj
[ 50%] Building C object nios_bsp/CMakeFiles/hal2_bsp.dir/HAL/src/alt_dcache_flush_all.c.obj
[ 57%] Building C object nios_bsp/CMakeFiles/hal2_bsp.dir/HAL/src/intel_fpga_api_cmn_msg.c.obj
[ 49%] Building C object nios_bsp/CMakeFiles/hal2_bsp.dir/HAL/src/alt_ecc_exception.c.obj
[ 45%] Building C object nios_bsp/CMakeFiles/hal2_bsp.dir/drivers/src/altera_avalon_timer_sc.c.obj
[ 54%] Building C object nios_bsp/CMakeFiles/hal2_bsp.dir/HAL/src/alt_putcharbuf.c.obj
[ 56%] Building C object nios_bsp/CMakeFiles/hal2_bsp.dir/HAL/src/alt_iic_isr_register.c.obj
[ 52%] Building C object nios_bsp/CMakeFiles/hal2_bsp.dir/HAL/src/intel_fpga_api_cmn_dfl.c.obj
[ 65%] Building C object nios_bsp/CMakeFiles/hal2_bsp.dir/HAL/src/alt_load.c.obj
[ 55%] Building C object nios_bsp/CMakeFiles/hal2_bsp.dir/HAL/src/alt_malloc_lock.c.obj
[ 60%] Building C object nios_bsp/CMakeFiles/hal2_bsp.dir/HAL/src/alt_vic_isr_wrapper.c.obj
[ 18%] Building C object nios_bsp/CMakeFiles/hal2_bsp.dir/HAL/src/alt_get_fd.c.obj
[ 60%] Building C object nios_bsp/CMakeFiles/hal2_bsp.dir/drivers/src/altera_avalon_timer_vars.c.obj
[ 68%] Building C object nios_bsp/CMakeFiles/hal2_bsp.dir/HAL/src/alt_tick.c.obj
[ 66%] Building C object nios_bsp/CMakeFiles/hal2_bsp.dir/HAL/src/alt_ioctl.c.obj
[ 64%] Building C object nios_bsp/CMakeFiles/hal2_bsp.dir/HAL/src/alt_write.c.obj
[ 56%] Building C object nios_bsp/CMakeFiles/hal2_bsp.dir/HAL/src/alt_do_dtors.c.obj
[ 61%] Building C object nios_bsp/CMakeFiles/hal2_bsp.dir/HAL/src/alt_read.c.obj
[ 74%] Building C object nios_bsp/CMakeFiles/hal2_bsp.dir/drivers/src/altera_avalon_jtag_uart_init.c.obj
[ 62%] Building C object nios_bsp/CMakeFiles/hal2_bsp.dir/drivers/src/altera_avalon_timer_ts.c.obj
[ 69%] Building C object nios_bsp/CMakeFiles/hal2_bsp.dir/HAL/src/intel_niosv_irq.c.obj
[ 80%] Building C object nios_bsp/CMakeFiles/hal2_bsp.dir/HAL/src/alt_getchar.c.obj
[ 79%] Building C object nios_bsp/CMakeFiles/hal2_bsp.dir/drivers/src/altera_avalon_sysid_qsys.c.obj
[ 82%] Building C object nios_bsp/CMakeFiles/hal2_bsp.dir/HAL/src/intel_fpga_api_niosv.c.obj
[ 67%] Building C object nios_bsp/CMakeFiles/hal2_bsp.dir/HAL/src/alt_remap_uncached.c.obj
[ 72%] Building C object nios_bsp/CMakeFiles/hal2_bsp.dir/HAL/src/alt_flash_dev.c.obj
[ 79%] Building C object nios_bsp/CMakeFiles/hal2_bsp.dir/alt_sys_init.c.obj
[ 81%] Building C object nios_bsp/CMakeFiles/hal2_bsp.dir/HAL/src/alt_lseek.c.obj
[ 73%] Building C object nios_bsp/CMakeFiles/hal2_bsp.dir/HAL/src/alt_uncached_free.c.obj
[ 77%] Building C object nios_bsp/CMakeFiles/hal2_bsp.dir/HAL/src/alt_settod.c.obj
[ 63%] Building C object nios_bsp/CMakeFiles/hal2_bsp.dir/HAL/src/alt_ecc_error_inject.c.obj
[ 70%] Building C object nios_bsp/CMakeFiles/hal2_bsp.dir/HAL/src/alt_release_fd.c.obj
[ 82%] Building C object nios_bsp/CMakeFiles/hal2_bsp.dir/HAL/src/alt_rename.c.obj
[ 83%] Building C object nios_bsp/CMakeFiles/hal2_bsp.dir/HAL/src/mtimer.c.obj
[ 71%] Building C object nios_bsp/CMakeFiles/hal2_bsp.dir/drivers/src/altera_avalon_jtag_uart_read.c.obj
[ 84%] Building C object nios_bsp/CMakeFiles/hal2_bsp.dir/HAL/src/alt_unlink.c.obj
[ 75%] Building C object nios_bsp/CMakeFiles/hal2_bsp.dir/HAL/src/alt_times.c.obj
[ 86%] Building C object nios_bsp/CMakeFiles/hal2_bsp.dir/drivers/src/altera_avalon_jtag_uart_write.c.obj
[ 76%] Building C object nios_bsp/CMakeFiles/hal2_bsp.dir/HAL/src/alt_link.c.obj
[ 86%] Building C object nios_bsp/CMakeFiles/hal2_bsp.dir/drivers/src/altera_avalon_jtag_uart_fd.c.obj
[ 87%] Building C object nios_bsp/CMakeFiles/hal2_bsp.dir/drivers/src/altera_avalon_jtag_uart_ioctl.c.obj
[ 85%] Building C object nios_bsp/CMakeFiles/hal2_bsp.dir/HAL/src/intel_fpga_api_cmn_inf.c.obj
[ 88%] Linking C static library libhal2_bsp.a
[ 88%] Built target hal2_bsp
[ 89%] Building C object CMakeFiles/nios_app.elf.dir/main.c.obj
[ 90%] Building C object CMakeFiles/nios_app.elf.dir/ffsystem.c.obj
[ 91%] Building C object CMakeFiles/nios_app.elf.dir/terasic_sdcard/crc7.c.obj
[ 92%] Building C object CMakeFiles/nios_app.elf.dir/glue.c.obj
D:/dev_2025/a3sk_revA/sdcard_filesystem/software/nios_app/glue.c: In function 'RAM_disk_status':
D:/dev_2025/a3sk_revA/sdcard_filesystem/software/nios_app/glue.c:123:1: warning: control reaches end of non-void function [-Wreturn-type]
  123 | }
      | ^
D:/dev_2025/a3sk_revA/sdcard_filesystem/software/nios_app/glue.c: In function 'RAM_disk_initialize':
D:/dev_2025/a3sk_revA/sdcard_filesystem/software/nios_app/glue.c:127:1: warning: control reaches end of non-void function [-Wreturn-type]
  127 | }
      | ^
D:/dev_2025/a3sk_revA/sdcard_filesystem/software/nios_app/glue.c: In function 'RAM_disk_read':
D:/dev_2025/a3sk_revA/sdcard_filesystem/software/nios_app/glue.c:135:1: warning: control reaches end of non-void function [-Wreturn-type]
  135 | }
      | ^
D:/dev_2025/a3sk_revA/sdcard_filesystem/software/nios_app/glue.c: In function 'RAM_disk_write':
D:/dev_2025/a3sk_revA/sdcard_filesystem/software/nios_app/glue.c:143:1: warning: control reaches end of non-void function [-Wreturn-type]
  143 | }
      | ^
D:/dev_2025/a3sk_revA/sdcard_filesystem/software/nios_app/glue.c: In function 'USB_disk_status':
D:/dev_2025/a3sk_revA/sdcard_filesystem/software/nios_app/glue.c:148:1: warning: control reaches end of non-void function [-Wreturn-type]
  148 | }
      | ^
D:/dev_2025/a3sk_revA/sdcard_filesystem/software/nios_app/glue.c: In function 'USB_disk_initialize':
D:/dev_2025/a3sk_revA/sdcard_filesystem/software/nios_app/glue.c:152:1: warning: control reaches end of non-void function [-Wreturn-type]
  152 | }
      | ^
D:/dev_2025/a3sk_revA/sdcard_filesystem/software/nios_app/glue.c: In function 'USB_disk_read':
D:/dev_2025/a3sk_revA/sdcard_filesystem/software/nios_app/glue.c:160:1: warning: control reaches end of non-void function [-Wreturn-type]
  160 | }
      | ^
D:/dev_2025/a3sk_revA/sdcard_filesystem/software/nios_app/glue.c: In function 'USB_disk_write':
D:/dev_2025/a3sk_revA/sdcard_filesystem/software/nios_app/glue.c:168:1: warning: control reaches end of non-void function [-Wreturn-type]
  168 | }
      | ^
[ 95%] Building C object CMakeFiles/nios_app.elf.dir/ff.c.obj
[ 94%] Building C object CMakeFiles/nios_app.elf.dir/terasic_sdcard/debug.c.obj
[ 94%] Building C object CMakeFiles/nios_app.elf.dir/terasic_sdcard/sd_lib.c.obj
[ 96%] Building C object CMakeFiles/nios_app.elf.dir/ffunicode.c.obj
D:/dev_2025/a3sk_revA/sdcard_filesystem/software/nios_app/terasic_sdcard/debug.c: In function 'debug_output':
D:/dev_2025/a3sk_revA/sdcard_filesystem/software/nios_app/terasic_sdcard/debug.c:55:5: warning: format not a string literal and no format arguments [-Wformat-security]
   55 |     printf(pMessage);
      |     ^~~~~~
D:/dev_2025/a3sk_revA/sdcard_filesystem/software/nios_app/terasic_sdcard/debug.c: In function 'myprintf_hexarray':
D:/dev_2025/a3sk_revA/sdcard_filesystem/software/nios_app/terasic_sdcard/debug.c:83:17: warning: pointer targets in passing argument 1 of 'sprintf' differ in signedness [-Wpointer-sign]
   83 |         sprintf(szText, "[%02X]", *(pHex+i));
      |                 ^~~~~~
      |                 |
      |                 unsigned char *
In file included from D:/dev_2025/a3sk_revA/sdcard_filesystem/software/nios_app/terasic_sdcard/debug.c:33:
C:/altera_pro/25.1/riscfree/toolchain/riscv32-unknown-elf/riscv32-unknown-elf/include/stdio.h:250:18: note: expected 'char * restrict' but argument is of type 'unsigned char *'
  250 | int     sprintf (char *__restrict, const char *__restrict, ...)
      |                  ^
In file included from D:/dev_2025/a3sk_revA/sdcard_filesystem/software/nios_app/terasic_sdcard/debug.c:36:
D:/dev_2025/a3sk_revA/sdcard_filesystem/software/nios_app/terasic_sdcard/debug.c:84:16: warning: pointer targets in passing argument 1 of 'myprintf' differ in signedness [-Wpointer-sign]
   84 |         DEBUG((szText));
      |                ^~~~~~
      |                |
      |                unsigned char *
D:/dev_2025/a3sk_revA/sdcard_filesystem/software/nios_app/terasic_sdcard/debug.h:72:46: note: in definition of macro 'DEBUG'
   72 |     #define DEBUG(x)               {myprintf x;}  // standard in/out, specifed in project (it could be uart, jtag, or lcd)
      |                                              ^
D:/dev_2025/a3sk_revA/sdcard_filesystem/software/nios_app/terasic_sdcard/debug.c:64:20: note: expected 'char *' but argument is of type 'unsigned char *'
   64 | int myprintf(char *format, ...){
      |              ~~~~~~^~~~~~
D:/dev_2025/a3sk_revA/sdcard_filesystem/software/nios_app/terasic_sdcard/sd_lib.c: In function 'SDLIB_Init':
D:/dev_2025/a3sk_revA/sdcard_filesystem/software/nios_app/terasic_sdcard/sd_lib.c:51:33: warning: implicit declaration of function 'DEBUG' [-Wimplicit-function-declaration]
   51 |     #define SDCARD_DEBUG(x)    {DEBUG(("[SD_LIB]")); DEBUG(x);}
      |                                 ^~~~~
D:/dev_2025/a3sk_revA/sdcard_filesystem/software/nios_app/terasic_sdcard/sd_lib.c:97:5: note: in expansion of macro 'SDCARD_DEBUG'
   97 |     SDCARD_DEBUG(("--- Power On, Card Identification Mode, Idle State\r\n"));
      |     ^~~~~~~~~~~~
D:/dev_2025/a3sk_revA/sdcard_filesystem/software/nios_app/terasic_sdcard/sd_lib.c:98:39: warning: left-hand operand of comma expression has no effect [-Wunused-value]
   98 |     SDCARD_DEBUG(("sd %d-bit mode\r\n", gSdInfo.bSupport4Bits?4:1));
      |                                       ^
D:/dev_2025/a3sk_revA/sdcard_filesystem/software/nios_app/terasic_sdcard/sd_lib.c:51:60: note: in definition of macro 'SDCARD_DEBUG'
   51 |     #define SDCARD_DEBUG(x)    {DEBUG(("[SD_LIB]")); DEBUG(x);}
      |                                                            ^
D:/dev_2025/a3sk_revA/sdcard_filesystem/software/nios_app/terasic_sdcard/sd_lib.c: In function 'SDLIB_ReadBlock512':
D:/dev_2025/a3sk_revA/sdcard_filesystem/software/nios_app/terasic_sdcard/sd_lib.c:295:60: warning: left-hand operand of comma expression has no effect [-Wunused-value]
  295 |     SDCARD_DEBUG(("SDLIB_ReadBlock512, block %d (addr)\r\n", block_number, addr));
      |                                                            ^
D:/dev_2025/a3sk_revA/sdcard_filesystem/software/nios_app/terasic_sdcard/sd_lib.c:51:60: note: in definition of macro 'SDCARD_DEBUG'
   51 |     #define SDCARD_DEBUG(x)    {DEBUG(("[SD_LIB]")); DEBUG(x);}
      |                                                            ^
D:/dev_2025/a3sk_revA/sdcard_filesystem/software/nios_app/terasic_sdcard/sd_lib.c:295:74: warning: left-hand operand of comma expression has no effect [-Wunused-value]
  295 |     SDCARD_DEBUG(("SDLIB_ReadBlock512, block %d (addr)\r\n", block_number, addr));
      |                                                                          ^
D:/dev_2025/a3sk_revA/sdcard_filesystem/software/nios_app/terasic_sdcard/sd_lib.c:51:60: note: in definition of macro 'SDCARD_DEBUG'
   51 |     #define SDCARD_DEBUG(x)    {DEBUG(("[SD_LIB]")); DEBUG(x);}
      |                                                            ^
D:/dev_2025/a3sk_revA/sdcard_filesystem/software/nios_app/terasic_sdcard/sd_lib.c: In function 'SDLIB_WriteBlock512':
D:/dev_2025/a3sk_revA/sdcard_filesystem/software/nios_app/terasic_sdcard/sd_lib.c:315:54: warning: left-hand operand of comma expression has no effect [-Wunused-value]
  315 |     SDCARD_DEBUG(("SDLIB_WriteBlock512, block %d\r\n", block_number));
      |                                                      ^
D:/dev_2025/a3sk_revA/sdcard_filesystem/software/nios_app/terasic_sdcard/sd_lib.c:51:60: note: in definition of macro 'SDCARD_DEBUG'
   51 |     #define SDCARD_DEBUG(x)    {DEBUG(("[SD_LIB]")); DEBUG(x);}
      |                                                            ^
D:/dev_2025/a3sk_revA/sdcard_filesystem/software/nios_app/terasic_sdcard/sd_lib.c:329:32: warning: passing argument 1 of 'SD_WriteData512' discards 'const' qualifier from pointer target type [-Wdiscarded-qualifiers]
  329 |     bSuccess = SD_WriteData512(szDataWrite);  // Write 512 bytes
      |                                ^~~~~~~~~~~
In file included from D:/dev_2025/a3sk_revA/sdcard_filesystem/software/nios_app/terasic_sdcard/sd_lib.c:45:
D:/dev_2025/a3sk_revA/sdcard_filesystem/software/nios_app/terasic_sdcard/sd_protocol.h:60:29: note: expected 'alt_u8 *' {aka 'unsigned char *'} but argument is of type 'const alt_u8 *' {aka 'const unsigned char *'}
   60 | bool SD_WriteData512(alt_u8 szDataWrite[]);
      |                      ~~~~~~~^~~~~~~~~~~~~
[ 97%] Building C object CMakeFiles/nios_app.elf.dir/terasic_sdcard/sd_protocol.c.obj
D:/dev_2025/a3sk_revA/sdcard_filesystem/software/nios_app/terasic_sdcard/sd_protocol.c: In function 'SD_CMD0':
D:/dev_2025/a3sk_revA/sdcard_filesystem/software/nios_app/terasic_sdcard/sd_protocol.c:174:11: warning: implicit declaration of function 'crc7' [-Wimplicit-function-declaration]
  174 |     crc = crc7(0, szCmd, 5);
      |           ^~~~
D:/dev_2025/a3sk_revA/sdcard_filesystem/software/nios_app/terasic_sdcard/sd_protocol.c: In function 'SD_CMD9':
D:/dev_2025/a3sk_revA/sdcard_filesystem/software/nios_app/terasic_sdcard/sd_protocol.c:548:12: warning: 'nCopyLen' may be used uninitialized [-Wmaybe-uninitialized]
  548 |         if (nCopyLen > 16)
      |            ^
D:/dev_2025/a3sk_revA/sdcard_filesystem/software/nios_app/terasic_sdcard/sd_protocol.c:547:13: note: 'nCopyLen' was declared here
  547 |         int nCopyLen, x;
      |             ^~~~~~~~
D:/dev_2025/a3sk_revA/sdcard_filesystem/software/nios_app/terasic_sdcard/sd_protocol.c: In function 'SD_CMD10':
D:/dev_2025/a3sk_revA/sdcard_filesystem/software/nios_app/terasic_sdcard/sd_protocol.c:603:12: warning: 'nCopyLen' may be used uninitialized [-Wmaybe-uninitialized]
  603 |         if (nCopyLen > 16)
      |            ^
D:/dev_2025/a3sk_revA/sdcard_filesystem/software/nios_app/terasic_sdcard/sd_protocol.c:602:13: note: 'nCopyLen' was declared here
  602 |         int nCopyLen, x;
      |             ^~~~~~~~
[ 97%] Building C object CMakeFiles/nios_app.elf.dir/diskio.c.obj
D:/dev_2025/a3sk_revA/sdcard_filesystem/software/nios_app/diskio.c: In function 'disk_ioctl':
D:/dev_2025/a3sk_revA/sdcard_filesystem/software/nios_app/diskio.c:216:13: warning: unused variable 'result' [-Wunused-variable]
  216 |         int result;
      |             ^~~~~~
D:/dev_2025/a3sk_revA/sdcard_filesystem/software/nios_app/diskio.c: In function 'disk_status':
D:/dev_2025/a3sk_revA/sdcard_filesystem/software/nios_app/diskio.c:43:24: warning: 'stat' may be used uninitialized [-Wmaybe-uninitialized]
   43 |                 return stat;
      |                        ^~~~
D:/dev_2025/a3sk_revA/sdcard_filesystem/software/nios_app/diskio.c:34:17: note: 'stat' was declared here
   34 |         DSTATUS stat;
      |                 ^~~~
D:/dev_2025/a3sk_revA/sdcard_filesystem/software/nios_app/diskio.c: In function 'disk_read':
D:/dev_2025/a3sk_revA/sdcard_filesystem/software/nios_app/diskio.c:126:24: warning: 'res' may be used uninitialized [-Wmaybe-uninitialized]
  126 |                 return res;
      |                        ^~~
D:/dev_2025/a3sk_revA/sdcard_filesystem/software/nios_app/diskio.c:115:17: note: 'res' was declared here
  115 |         DRESULT res;
      |                 ^~~
D:/dev_2025/a3sk_revA/sdcard_filesystem/software/nios_app/diskio.c: In function 'disk_write':
D:/dev_2025/a3sk_revA/sdcard_filesystem/software/nios_app/diskio.c:177:24: warning: 'res' may be used uninitialized [-Wmaybe-uninitialized]
  177 |                 return res;
      |                        ^~~
D:/dev_2025/a3sk_revA/sdcard_filesystem/software/nios_app/diskio.c:166:17: note: 'res' was declared here
  166 |         DRESULT res;
      |                 ^~~
D:/dev_2025/a3sk_revA/sdcard_filesystem/software/nios_app/diskio.c: In function 'disk_ioctl':
D:/dev_2025/a3sk_revA/sdcard_filesystem/software/nios_app/diskio.c:223:24: warning: 'res' may be used uninitialized [-Wmaybe-uninitialized]
  223 |                 return res;
      |                        ^~~
D:/dev_2025/a3sk_revA/sdcard_filesystem/software/nios_app/diskio.c:215:17: note: 'res' was declared here
  215 |         DRESULT res;
      |                 ^~~
[ 98%] Linking C executable nios_app.elf
C:/altera_pro/25.1/riscfree/toolchain/riscv32-unknown-elf/bin/../lib/gcc/riscv32-unknown-elf/13.2.0/../../../../riscv32-unknown-elf/bin/ld.exe: CMakeFiles/nios_app.elf.dir/terasic_sdcard/sd_lib.c.obj: in function `SDLIB_Init':
D:/dev_2025/a3sk_revA/sdcard_filesystem/software/nios_app/terasic_sdcard/sd_lib.c:97:(.text+0x70): undefined reference to `DEBUG'
C:/altera_pro/25.1/riscfree/toolchain/riscv32-unknown-elf/bin/../lib/gcc/riscv32-unknown-elf/13.2.0/../../../../riscv32-unknown-elf/bin/ld.exe: D:/dev_2025/a3sk_revA/sdcard_filesystem/software/nios_app/terasic_sdcard/sd_lib.c:97:(.text+0x80): undefined reference to `DEBUG'
C:/altera_pro/25.1/riscfree/toolchain/riscv32-unknown-elf/bin/../lib/gcc/riscv32-unknown-elf/13.2.0/../../../../riscv32-unknown-elf/bin/ld.exe: D:/dev_2025/a3sk_revA/sdcard_filesystem/software/nios_app/terasic_sdcard/sd_lib.c:98:(.text+0x90): undefined reference to `DEBUG'
C:/altera_pro/25.1/riscfree/toolchain/riscv32-unknown-elf/bin/../lib/gcc/riscv32-unknown-elf/13.2.0/../../../../riscv32-unknown-elf/bin/ld.exe: D:/dev_2025/a3sk_revA/sdcard_filesystem/software/nios_app/terasic_sdcard/sd_lib.c:98:(.text+0xb8): undefined reference to `DEBUG'
C:/altera_pro/25.1/riscfree/toolchain/riscv32-unknown-elf/bin/../lib/gcc/riscv32-unknown-elf/13.2.0/../../../../riscv32-unknown-elf/bin/ld.exe: D:/dev_2025/a3sk_revA/sdcard_filesystem/software/nios_app/terasic_sdcard/sd_lib.c:117:(.text+0x124): undefined reference to `DEBUG'
C:/altera_pro/25.1/riscfree/toolchain/riscv32-unknown-elf/bin/../lib/gcc/riscv32-unknown-elf/13.2.0/../../../../riscv32-unknown-elf/bin/ld.exe: CMakeFiles/nios_app.elf.dir/terasic_sdcard/sd_lib.c.obj:D:/dev_2025/a3sk_revA/sdcard_filesystem/software/nios_app/terasic_sdcard/sd_lib.c:118: more undefined references to `DEBUG' follow
collect2.exe: error: ld returned 1 exit status
make[2]: *** [CMakeFiles/nios_app.elf.dir/build.make:245: nios_app.elf] Error 1
make[1]: *** [CMakeFiles/Makefile2:118: CMakeFiles/nios_app.elf.dir/all] Error 2
make: *** [Makefile:91: all] Error 2
"C:/altera_pro/25.1/riscfree/build_tools/bin/make.exe -j all" terminated with exit code 2. Build might be incomplete.
13:45:05 **** Incremental Build of configuration Debug for project nios_app ****
"C:\\altera_pro\\25.1\\riscfree\\build_tools\\bin\\make.exe" -j all 
-- Configuring done (0.0s)
-- Generating done (0.0s)
-- Build files have been written to: D:/dev_2025/a3sk_revA/sdcard_filesystem/software/nios_app/build/Debug
[  1%] Building C object nios_bsp/CMakeFiles/hal2_bsp.dir/HAL/src/alt_find_file.c.obj
[  4%] Building C object nios_bsp/CMakeFiles/hal2_bsp.dir/HAL/src/alt_dcache_flush_all.c.obj
[  3%] Building C object nios_bsp/CMakeFiles/hal2_bsp.dir/HAL/src/alt_ioctl.c.obj
[  2%] Building C object nios_bsp/CMakeFiles/hal2_bsp.dir/HAL/src/alt_gmon.c.obj
[  6%] Building C object nios_bsp/CMakeFiles/hal2_bsp.dir/HAL/src/alt_dma_rxchan_open.c.obj
[  8%] Building ASM object nios_bsp/CMakeFiles/hal2_bsp.dir/HAL/src/alt_vic_vector_table.S.obj
[ 10%] Building ASM object nios_bsp/CMakeFiles/hal2_bsp.dir/HAL/src/crt0.S.obj
[  7%] Building ASM object nios_bsp/CMakeFiles/hal2_bsp.dir/HAL/src/alt_log_macro.S.obj
[ 13%] Building C object nios_bsp/CMakeFiles/hal2_bsp.dir/HAL/src/alt_exit.c.obj
[ 11%] Building ASM object nios_bsp/CMakeFiles/hal2_bsp.dir/HAL/src/alt_mcount.S.obj
[ 12%] Building C object nios_bsp/CMakeFiles/hal2_bsp.dir/HAL/src/alt_dev.c.obj
[ 14%] Building C object nios_bsp/CMakeFiles/hal2_bsp.dir/HAL/src/alt_close.c.obj
[ 15%] Building C object nios_bsp/CMakeFiles/hal2_bsp.dir/HAL/src/alt_busy_sleep.c.obj
[ 28%] Building C object nios_bsp/CMakeFiles/hal2_bsp.dir/HAL/src/alt_isatty.c.obj
[ 27%] Building C object nios_bsp/CMakeFiles/hal2_bsp.dir/HAL/src/intel_fpga_api_cmn_dfl.c.obj
[ 24%] Building C object nios_bsp/CMakeFiles/hal2_bsp.dir/HAL/src/alt_icache_flush.c.obj
[ 20%] Building C object nios_bsp/CMakeFiles/hal2_bsp.dir/HAL/src/alt_fcntl.c.obj
[ 17%] Building C object nios_bsp/CMakeFiles/hal2_bsp.dir/HAL/src/alt_fs_reg.c.obj
[ 24%] Building C object nios_bsp/CMakeFiles/hal2_bsp.dir/HAL/src/alt_main.c.obj
[ 16%] Building C object nios_bsp/CMakeFiles/hal2_bsp.dir/HAL/src/alt_alarm_start.c.obj
[ 22%] Building C object nios_bsp/CMakeFiles/hal2_bsp.dir/HAL/src/alt_instruction_exception_register.c.obj
[ 26%] Building C object nios_bsp/CMakeFiles/hal2_bsp.dir/HAL/src/alt_iic.c.obj
[ 15%] Building C object nios_bsp/CMakeFiles/hal2_bsp.dir/HAL/src/alt_iic_isr_register.c.obj
[ 29%] Building C object nios_bsp/CMakeFiles/hal2_bsp.dir/HAL/src/alt_io_redirect.c.obj
[ 30%] Building C object nios_bsp/CMakeFiles/hal2_bsp.dir/HAL/src/alt_ecc_exception.c.obj
[ 35%] Building C object nios_bsp/CMakeFiles/hal2_bsp.dir/HAL/src/alt_vic_isr_wrapper.c.obj
[ 22%] Building ASM object nios_bsp/CMakeFiles/hal2_bsp.dir/HAL/src/alt_ecc_exception_entry.S.obj
[ 39%] Building C object nios_bsp/CMakeFiles/hal2_bsp.dir/HAL/src/alt_dcache_flush_no_writeback.c.obj
[ 35%] Building C object nios_bsp/CMakeFiles/hal2_bsp.dir/HAL/src/alt_get_fd.c.obj
[ 18%] Building C object nios_bsp/CMakeFiles/hal2_bsp.dir/HAL/src/intel_fpga_api_cmn_inf.c.obj
[  9%] Building C object nios_bsp/CMakeFiles/hal2_bsp.dir/HAL/src/alt_fd_unlock.c.obj
[ 33%] Building C object nios_bsp/CMakeFiles/hal2_bsp.dir/HAL/src/alt_dma_txchan_open.c.obj
[ 45%] Building C object nios_bsp/CMakeFiles/hal2_bsp.dir/drivers/src/altera_avalon_jtag_uart_read.c.obj
[ 43%] Building C object nios_bsp/CMakeFiles/hal2_bsp.dir/drivers/src/altera_avalon_jtag_uart_init.c.obj
[ 50%] Building C object nios_bsp/CMakeFiles/hal2_bsp.dir/HAL/src/alt_tick.c.obj
[ 34%] Building C object nios_bsp/CMakeFiles/hal2_bsp.dir/HAL/src/alt_irq_handler.c.obj
[ 35%] Building C object nios_bsp/CMakeFiles/hal2_bsp.dir/HAL/src/alt_dcache_flush.c.obj
[ 52%] Building C object nios_bsp/CMakeFiles/hal2_bsp.dir/HAL/src/alt_find_dev.c.obj
[ 31%] Building C object nios_bsp/CMakeFiles/hal2_bsp.dir/HAL/src/alt_lseek.c.obj
[ 44%] Building C object nios_bsp/CMakeFiles/hal2_bsp.dir/HAL/src/intel_niosv_irq.c.obj
[ 39%] Building C object nios_bsp/CMakeFiles/hal2_bsp.dir/HAL/src/alt_fd_lock.c.obj
[ 25%] Building C object nios_bsp/CMakeFiles/hal2_bsp.dir/HAL/src/alt_open.c.obj
[ 23%] Building C object nios_bsp/CMakeFiles/hal2_bsp.dir/HAL/src/alt_flash_dev.c.obj
[ 56%] Building C object nios_bsp/CMakeFiles/hal2_bsp.dir/drivers/src/altera_avalon_sysid_qsys.c.obj
[  5%] Building ASM object nios_bsp/CMakeFiles/hal2_bsp.dir/HAL/src/machine_trap.S.obj
[ 43%] Building C object nios_bsp/CMakeFiles/hal2_bsp.dir/HAL/src/intel_fpga_platform_api_niosv.c.obj
[ 54%] Building C object nios_bsp/CMakeFiles/hal2_bsp.dir/HAL/src/alt_sbrk.c.obj
[ 55%] Building C object nios_bsp/CMakeFiles/hal2_bsp.dir/drivers/src/altera_avalon_jtag_uart_write.c.obj
[ 53%] Building C object nios_bsp/CMakeFiles/hal2_bsp.dir/drivers/src/altera_avalon_timer_sc.c.obj
[ 19%] Building C object nios_bsp/CMakeFiles/hal2_bsp.dir/HAL/src/alt_fstat.c.obj
[ 36%] Building C object nios_bsp/CMakeFiles/hal2_bsp.dir/HAL/src/alt_write.c.obj
[ 55%] Building C object nios_bsp/CMakeFiles/hal2_bsp.dir/drivers/src/altera_avalon_jtag_uart_fd.c.obj
[ 40%] Building C object nios_bsp/CMakeFiles/hal2_bsp.dir/drivers/src/altera_avalon_timer_ts.c.obj
[ 37%] Building C object nios_bsp/CMakeFiles/hal2_bsp.dir/HAL/src/alt_icache_flush_all.c.obj
[ 48%] Building C object nios_bsp/CMakeFiles/hal2_bsp.dir/HAL/src/intel_fpga_api_niosv.c.obj
[ 51%] Building C object nios_bsp/CMakeFiles/hal2_bsp.dir/alt_sys_init.c.obj
[ 47%] Building C object nios_bsp/CMakeFiles/hal2_bsp.dir/HAL/src/intel_fpga_api_cmn_msg.c.obj
[ 47%] Building C object nios_bsp/CMakeFiles/hal2_bsp.dir/HAL/src/alt_release_fd.c.obj
[ 32%] Building C object nios_bsp/CMakeFiles/hal2_bsp.dir/HAL/src/alt_ecc_error_inject.c.obj
[ 49%] Building C object nios_bsp/CMakeFiles/hal2_bsp.dir/HAL/src/mtimer.c.obj
[ 57%] Building C object nios_bsp/CMakeFiles/hal2_bsp.dir/drivers/src/altera_avalon_timer_vars.c.obj
[ 41%] Building C object nios_bsp/CMakeFiles/hal2_bsp.dir/HAL/src/alt_read.c.obj
[ 58%] Building C object nios_bsp/CMakeFiles/hal2_bsp.dir/drivers/src/altera_avalon_jtag_uart_ioctl.c.obj
[ 59%] Linking C static library libhal2_bsp.a
[ 88%] Built target hal2_bsp
[ 89%] Building C object CMakeFiles/nios_app.elf.dir/main.c.obj
[ 91%] Building C object CMakeFiles/nios_app.elf.dir/terasic_sdcard/debug.c.obj
[ 92%] Building C object CMakeFiles/nios_app.elf.dir/terasic_sdcard/crc7.c.obj
[ 90%] Building C object CMakeFiles/nios_app.elf.dir/glue.c.obj
[ 94%] Building C object CMakeFiles/nios_app.elf.dir/terasic_sdcard/sd_lib.c.obj
[ 94%] Building C object CMakeFiles/nios_app.elf.dir/terasic_sdcard/sd_protocol.c.obj
D:/dev_2025/a3sk_revA/sdcard_filesystem/software/nios_app/terasic_sdcard/debug.c: In function 'debug_output':
D:/dev_2025/a3sk_revA/sdcard_filesystem/software/nios_app/terasic_sdcard/debug.c:55:5: warning: format not a string literal and no format arguments [-Wformat-security]
   55 |     printf(pMessage);
      |     ^~~~~~
D:/dev_2025/a3sk_revA/sdcard_filesystem/software/nios_app/terasic_sdcard/debug.c: In function 'myprintf_hexarray':
D:/dev_2025/a3sk_revA/sdcard_filesystem/software/nios_app/terasic_sdcard/debug.c:83:17: warning: pointer targets in passing argument 1 of 'sprintf' differ in signedness [-Wpointer-sign]
   83 |         sprintf(szText, "[%02X]", *(pHex+i));
      |                 ^~~~~~
      |                 |
      |                 unsigned char *
In file included from D:/dev_2025/a3sk_revA/sdcard_filesystem/software/nios_app/terasic_sdcard/debug.c:33:
C:/altera_pro/25.1/riscfree/toolchain/riscv32-unknown-elf/riscv32-unknown-elf/include/stdio.h:250:18: note: expected 'char * restrict' but argument is of type 'unsigned char *'
  250 | int     sprintf (char *__restrict, const char *__restrict, ...)
      |                  ^
In file included from D:/dev_2025/a3sk_revA/sdcard_filesystem/software/nios_app/terasic_sdcard/debug.c:36:
D:/dev_2025/a3sk_revA/sdcard_filesystem/software/nios_app/terasic_sdcard/debug.c:84:16: warning: pointer targets in passing argument 1 of 'myprintf' differ in signedness [-Wpointer-sign]
   84 |         DEBUG((szText));
      |                ^~~~~~
      |                |
      |                unsigned char *
D:/dev_2025/a3sk_revA/sdcard_filesystem/software/nios_app/terasic_sdcard/debug.h:72:46: note: in definition of macro 'DEBUG'
   72 |     #define DEBUG(x)               {myprintf x;}  // standard in/out, specifed in project (it could be uart, jtag, or lcd)
      |                                              ^
D:/dev_2025/a3sk_revA/sdcard_filesystem/software/nios_app/terasic_sdcard/debug.c:64:20: note: expected 'char *' but argument is of type 'unsigned char *'
   64 | int myprintf(char *format, ...){
      |              ~~~~~~^~~~~~
D:/dev_2025/a3sk_revA/sdcard_filesystem/software/nios_app/glue.c: In function 'RAM_disk_status':
D:/dev_2025/a3sk_revA/sdcard_filesystem/software/nios_app/glue.c:123:1: warning: control reaches end of non-void function [-Wreturn-type]
  123 | }
      | ^
D:/dev_2025/a3sk_revA/sdcard_filesystem/software/nios_app/glue.c: In function 'RAM_disk_initialize':
D:/dev_2025/a3sk_revA/sdcard_filesystem/software/nios_app/glue.c:127:1: warning: control reaches end of non-void function [-Wreturn-type]
  127 | }
      | ^
D:/dev_2025/a3sk_revA/sdcard_filesystem/software/nios_app/glue.c: In function 'RAM_disk_read':
D:/dev_2025/a3sk_revA/sdcard_filesystem/software/nios_app/glue.c:135:1: warning: control reaches end of non-void function [-Wreturn-type]
  135 | }
      | ^
D:/dev_2025/a3sk_revA/sdcard_filesystem/software/nios_app/glue.c: In function 'RAM_disk_write':
D:/dev_2025/a3sk_revA/sdcard_filesystem/software/nios_app/glue.c:143:1: warning: control reaches end of non-void function [-Wreturn-type]
  143 | }
      | ^
D:/dev_2025/a3sk_revA/sdcard_filesystem/software/nios_app/glue.c: In function 'USB_disk_status':
D:/dev_2025/a3sk_revA/sdcard_filesystem/software/nios_app/glue.c:148:1: warning: control reaches end of non-void function [-Wreturn-type]
  148 | }
      | ^
D:/dev_2025/a3sk_revA/sdcard_filesystem/software/nios_app/glue.c: In function 'USB_disk_initialize':
D:/dev_2025/a3sk_revA/sdcard_filesystem/software/nios_app/glue.c:152:1: warning: control reaches end of non-void function [-Wreturn-type]
  152 | }
      | ^
D:/dev_2025/a3sk_revA/sdcard_filesystem/software/nios_app/glue.c: In function 'USB_disk_read':
D:/dev_2025/a3sk_revA/sdcard_filesystem/software/nios_app/glue.c:160:1: warning: control reaches end of non-void function [-Wreturn-type]
  160 | }
      | ^
D:/dev_2025/a3sk_revA/sdcard_filesystem/software/nios_app/glue.c: In function 'USB_disk_write':
D:/dev_2025/a3sk_revA/sdcard_filesystem/software/nios_app/glue.c:168:1: warning: control reaches end of non-void function [-Wreturn-type]
  168 | }
      | ^
D:/dev_2025/a3sk_revA/sdcard_filesystem/software/nios_app/terasic_sdcard/sd_lib.c:50:1: error: expected identifier or '(' before '?' token
   50 | ???
      | ^
D:/dev_2025/a3sk_revA/sdcard_filesystem/software/nios_app/terasic_sdcard/sd_lib.c:80:2: warning: data definition has no type or storage class
   80 | }SD_INFO;
      |  ^~~~~~~
D:/dev_2025/a3sk_revA/sdcard_filesystem/software/nios_app/terasic_sdcard/sd_lib.c:80:2: warning: type defaults to 'int' in declaration of 'SD_INFO' [-Wimplicit-int]
D:/dev_2025/a3sk_revA/sdcard_filesystem/software/nios_app/terasic_sdcard/sd_lib.c:82:16: error: expected '=', ',', ';', 'asm' or '__attribute__' before 'gSdInfo'
   82 | static SD_INFO gSdInfo;
      |                ^~~~~~~
D:/dev_2025/a3sk_revA/sdcard_filesystem/software/nios_app/terasic_sdcard/sd_lib.c: In function 'SDLIB_Init':
D:/dev_2025/a3sk_revA/sdcard_filesystem/software/nios_app/terasic_sdcard/sd_lib.c:95:13: error: 'gSdInfo' undeclared (first use in this function)
   95 |     memset(&gSdInfo, 0, sizeof(gSdInfo));
      |             ^~~~~~~
D:/dev_2025/a3sk_revA/sdcard_filesystem/software/nios_app/terasic_sdcard/sd_lib.c:95:13: note: each undeclared identifier is reported only once for each function it appears in
D:/dev_2025/a3sk_revA/sdcard_filesystem/software/nios_app/terasic_sdcard/sd_lib.c:52:33: warning: implicit declaration of function 'DEBUG' [-Wimplicit-function-declaration]
   52 |     #define SDCARD_DEBUG(x)    {DEBUG(("[SD_LIB]")); DEBUG(x);}
      |                                 ^~~~~
D:/dev_2025/a3sk_revA/sdcard_filesystem/software/nios_app/terasic_sdcard/sd_lib.c:98:5: note: in expansion of macro 'SDCARD_DEBUG'
   98 |     SDCARD_DEBUG(("--- Power On, Card Identification Mode, Idle State\r\n"));
      |     ^~~~~~~~~~~~
D:/dev_2025/a3sk_revA/sdcard_filesystem/software/nios_app/terasic_sdcard/sd_lib.c:99:39: warning: left-hand operand of comma expression has no effect [-Wunused-value]
   99 |     SDCARD_DEBUG(("sd %d-bit mode\r\n", gSdInfo.bSupport4Bits?4:1));
      |                                       ^
D:/dev_2025/a3sk_revA/sdcard_filesystem/software/nios_app/terasic_sdcard/sd_lib.c:52:60: note: in definition of macro 'SDCARD_DEBUG'
   52 |     #define SDCARD_DEBUG(x)    {DEBUG(("[SD_LIB]")); DEBUG(x);}
      |                                                            ^
D:/dev_2025/a3sk_revA/sdcard_filesystem/software/nios_app/terasic_sdcard/sd_lib.c: In function 'SDLIB_ReadBlock512':
D:/dev_2025/a3sk_revA/sdcard_filesystem/software/nios_app/terasic_sdcard/sd_lib.c:291:9: error: 'gSdInfo' undeclared (first use in this function)
  291 |     if (gSdInfo.bSDHC)
      |         ^~~~~~~
D:/dev_2025/a3sk_revA/sdcard_filesystem/software/nios_app/terasic_sdcard/sd_lib.c:296:60: warning: left-hand operand of comma expression has no effect [-Wunused-value]
  296 |     SDCARD_DEBUG(("SDLIB_ReadBlock512, block %d (addr)\r\n", block_number, addr));
      |                                                            ^
D:/dev_2025/a3sk_revA/sdcard_filesystem/software/nios_app/terasic_sdcard/sd_lib.c:52:60: note: in definition of macro 'SDCARD_DEBUG'
   52 |     #define SDCARD_DEBUG(x)    {DEBUG(("[SD_LIB]")); DEBUG(x);}
      |                                                            ^
D:/dev_2025/a3sk_revA/sdcard_filesystem/software/nios_app/terasic_sdcard/sd_lib.c:296:74: warning: left-hand operand of comma expression has no effect [-Wunused-value]
  296 |     SDCARD_DEBUG(("SDLIB_ReadBlock512, block %d (addr)\r\n", block_number, addr));
      |                                                                          ^
D:/dev_2025/a3sk_revA/sdcard_filesystem/software/nios_app/terasic_sdcard/sd_lib.c:52:60: note: in definition of macro 'SDCARD_DEBUG'
   52 |     #define SDCARD_DEBUG(x)    {DEBUG(("[SD_LIB]")); DEBUG(x);}
      |                                                            ^
D:/dev_2025/a3sk_revA/sdcard_filesystem/software/nios_app/terasic_sdcard/sd_protocol.c: In function 'SD_CMD0':
D:/dev_2025/a3sk_revA/sdcard_filesystem/software/nios_app/terasic_sdcard/sd_lib.c: In function 'SDLIB_WriteBlock512':
D:/dev_2025/a3sk_revA/sdcard_filesystem/software/nios_app/terasic_sdcard/sd_lib.c:316:54: warning: left-hand operand of comma expression has no effect [-Wunused-value]
  316 |     SDCARD_DEBUG(("SDLIB_WriteBlock512, block %d\r\n", block_number));
      |                                                      ^
D:/dev_2025/a3sk_revA/sdcard_filesystem/software/nios_app/terasic_sdcard/sd_lib.c:52:60: note: in definition of macro 'SDCARD_DEBUG'
   52 |     #define SDCARD_DEBUG(x)    {DEBUG(("[SD_LIB]")); DEBUG(x);}
      |                                                            ^
D:/dev_2025/a3sk_revA/sdcard_filesystem/software/nios_app/terasic_sdcard/sd_protocol.c:174:11: warning: implicit declaration of function 'crc7' [-Wimplicit-function-declaration]
  174 |     crc = crc7(0, szCmd, 5);
      |           ^~~~
D:/dev_2025/a3sk_revA/sdcard_filesystem/software/nios_app/terasic_sdcard/sd_lib.c:320:9: error: 'gSdInfo' undeclared (first use in this function)
  320 |     if (gSdInfo.bSDHC)
      |         ^~~~~~~
D:/dev_2025/a3sk_revA/sdcard_filesystem/software/nios_app/terasic_sdcard/sd_lib.c:330:32: warning: passing argument 1 of 'SD_WriteData512' discards 'const' qualifier from pointer target type [-Wdiscarded-qualifiers]
  330 |     bSuccess = SD_WriteData512(szDataWrite);  // Write 512 bytes
      |                                ^~~~~~~~~~~
In file included from D:/dev_2025/a3sk_revA/sdcard_filesystem/software/nios_app/terasic_sdcard/sd_lib.c:45:
D:/dev_2025/a3sk_revA/sdcard_filesystem/software/nios_app/terasic_sdcard/sd_protocol.h:60:29: note: expected 'alt_u8 *' {aka 'unsigned char *'} but argument is of type 'const alt_u8 *' {aka 'const unsigned char *'}
   60 | bool SD_WriteData512(alt_u8 szDataWrite[]);
      |                      ~~~~~~~^~~~~~~~~~~~~
D:/dev_2025/a3sk_revA/sdcard_filesystem/software/nios_app/terasic_sdcard/sd_protocol.c: In function 'SD_CMD9':
D:/dev_2025/a3sk_revA/sdcard_filesystem/software/nios_app/terasic_sdcard/sd_protocol.c:548:12: warning: 'nCopyLen' may be used uninitialized [-Wmaybe-uninitialized]
  548 |         if (nCopyLen > 16)
      |            ^
D:/dev_2025/a3sk_revA/sdcard_filesystem/software/nios_app/terasic_sdcard/sd_protocol.c:547:13: note: 'nCopyLen' was declared here
  547 |         int nCopyLen, x;
      |             ^~~~~~~~
D:/dev_2025/a3sk_revA/sdcard_filesystem/software/nios_app/terasic_sdcard/sd_protocol.c: In function 'SD_CMD10':
D:/dev_2025/a3sk_revA/sdcard_filesystem/software/nios_app/terasic_sdcard/sd_protocol.c:603:12: warning: 'nCopyLen' may be used uninitialized [-Wmaybe-uninitialized]
  603 |         if (nCopyLen > 16)
      |            ^
make[2]: *** [CMakeFiles/nios_app.elf.dir/build.make:177: CMakeFiles/nios_app.elf.dir/terasic_sdcard/sd_lib.c.obj] Error 1
make[2]: *** Waiting for unfinished jobs....
D:/dev_2025/a3sk_revA/sdcard_filesystem/software/nios_app/terasic_sdcard/sd_protocol.c:602:13: note: 'nCopyLen' was declared here
  602 |         int nCopyLen, x;
      |             ^~~~~~~~
make[1]: *** [CMakeFiles/Makefile2:118: CMakeFiles/nios_app.elf.dir/all] Error 2
make: *** [Makefile:91: all] Error 2
"C:/altera_pro/25.1/riscfree/build_tools/bin/make.exe -j all" terminated with exit code 2. Build might be incomplete.
13:46:31 **** Incremental Build of configuration Debug for project nios_app ****
"C:\\altera_pro\\25.1\\riscfree\\build_tools\\bin\\make.exe" -j all 
[ 88%] Built target hal2_bsp
[ 89%] Building C object CMakeFiles/nios_app.elf.dir/terasic_sdcard/sd_lib.c.obj
D:/dev_2025/a3sk_revA/sdcard_filesystem/software/nios_app/terasic_sdcard/sd_lib.c: In function 'SDLIB_WriteBlock512':
D:/dev_2025/a3sk_revA/sdcard_filesystem/software/nios_app/terasic_sdcard/sd_lib.c:329:32: warning: passing argument 1 of 'SD_WriteData512' discards 'const' qualifier from pointer target type [-Wdiscarded-qualifiers]
  329 |     bSuccess = SD_WriteData512(szDataWrite);  // Write 512 bytes
      |                                ^~~~~~~~~~~
In file included from D:/dev_2025/a3sk_revA/sdcard_filesystem/software/nios_app/terasic_sdcard/sd_lib.c:45:
D:/dev_2025/a3sk_revA/sdcard_filesystem/software/nios_app/terasic_sdcard/sd_protocol.h:60:29: note: expected 'alt_u8 *' {aka 'unsigned char *'} but argument is of type 'const alt_u8 *' {aka 'const unsigned char *'}
   60 | bool SD_WriteData512(alt_u8 szDataWrite[]);
      |                      ~~~~~~~^~~~~~~~~~~~~
[ 90%] Linking C executable nios_app.elf
[ 98%] Built target nios_app.elf
[100%] Reporting memory available for stack + heap in nios_app.elf.
[ 98%] Creating intel_onchip_memory.hex.
[100%] Creating nios_app.elf.objdump.
[100%] Built target create-objdump
[100%] Built target create-hex
nios_app.elf
 * 151.67 KB - Program size (code + initialized data).
 * 342.10 KB - Free for stack + heap.
[100%] Built target niosv-stack-report
14:55:44 **** Incremental Build of configuration Debug for project nios_app ****
"C:\\altera_pro\\25.1\\riscfree\\build_tools\\bin\\make.exe" -j all 
[ 88%] Built target hal2_bsp
[ 90%] Building C object CMakeFiles/nios_app.elf.dir/terasic_sdcard/sd_protocol.c.obj
[ 90%] Building C object CMakeFiles/nios_app.elf.dir/terasic_sdcard/sd_lib.c.obj
D:/dev_2025/a3sk_revA/sdcard_filesystem/software/nios_app/terasic_sdcard/sd_lib.c: In function 'SDLIB_WriteBlock512':
D:/dev_2025/a3sk_revA/sdcard_filesystem/software/nios_app/terasic_sdcard/sd_lib.c:329:32: warning: passing argument 1 of 'SD_WriteData512' discards 'const' qualifier from pointer target type [-Wdiscarded-qualifiers]
  329 |     bSuccess = SD_WriteData512(szDataWrite);  // Write 512 bytes
      |                                ^~~~~~~~~~~
In file included from D:/dev_2025/a3sk_revA/sdcard_filesystem/software/nios_app/terasic_sdcard/sd_lib.c:45:
D:/dev_2025/a3sk_revA/sdcard_filesystem/software/nios_app/terasic_sdcard/sd_protocol.h:60:29: note: expected 'alt_u8 *' {aka 'unsigned char *'} but argument is of type 'const alt_u8 *' {aka 'const unsigned char *'}
   60 | bool SD_WriteData512(alt_u8 szDataWrite[]);
      |                      ~~~~~~~^~~~~~~~~~~~~
D:/dev_2025/a3sk_revA/sdcard_filesystem/software/nios_app/terasic_sdcard/sd_protocol.c: In function 'SD_CMD0':
D:/dev_2025/a3sk_revA/sdcard_filesystem/software/nios_app/terasic_sdcard/sd_protocol.c:174:11: warning: implicit declaration of function 'crc7' [-Wimplicit-function-declaration]
  174 |     crc = crc7(0, szCmd, 5);
      |           ^~~~
D:/dev_2025/a3sk_revA/sdcard_filesystem/software/nios_app/terasic_sdcard/sd_protocol.c: In function 'SD_CMD9':
D:/dev_2025/a3sk_revA/sdcard_filesystem/software/nios_app/terasic_sdcard/sd_protocol.c:548:12: warning: 'nCopyLen' may be used uninitialized [-Wmaybe-uninitialized]
  548 |         if (nCopyLen > 16)
      |            ^
D:/dev_2025/a3sk_revA/sdcard_filesystem/software/nios_app/terasic_sdcard/sd_protocol.c:547:13: note: 'nCopyLen' was declared here
  547 |         int nCopyLen, x;
      |             ^~~~~~~~
D:/dev_2025/a3sk_revA/sdcard_filesystem/software/nios_app/terasic_sdcard/sd_protocol.c: In function 'SD_CMD10':
D:/dev_2025/a3sk_revA/sdcard_filesystem/software/nios_app/terasic_sdcard/sd_protocol.c:603:12: warning: 'nCopyLen' may be used uninitialized [-Wmaybe-uninitialized]
  603 |         if (nCopyLen > 16)
      |            ^
D:/dev_2025/a3sk_revA/sdcard_filesystem/software/nios_app/terasic_sdcard/sd_protocol.c:602:13: note: 'nCopyLen' was declared here
  602 |         int nCopyLen, x;
      |             ^~~~~~~~
[ 91%] Linking C executable nios_app.elf
[ 98%] Built target nios_app.elf
[ 99%] Reporting memory available for stack + heap in nios_app.elf.
[ 98%] Creating intel_onchip_memory.hex.
[100%] Creating nios_app.elf.objdump.
[100%] Built target create-hex
[100%] Built target create-objdump
nios_app.elf
 * 147.04 KB - Program size (code + initialized data).
 * 346.73 KB - Free for stack + heap.
[100%] Built target niosv-stack-report
16:31:49 Buildscript generation: nios_app::Debug in D:\dev_2025\a3sk_revB\A3CZ135BB18AE7S-cd-rom-25.1\Demonstrations\sdcard_filesystem\software\nios_app\build\Debug
cmake -DCMAKE_BUILD_TYPE:STRING=Debug -DCMAKE_EXPORT_COMPILE_COMMANDS:BOOL=ON -G "Unix Makefiles" "D:\\dev_2025\\a3sk_revB\\A3CZ135BB18AE7S-cd-rom-25.1\\Demonstrations\\sdcard_filesystem\\software\\nios_app" 
-- The C compiler identification is GNU 13.2.0
-- The CXX compiler identification is GNU 13.2.0
-- Detecting C compiler ABI info
-- Detecting C compiler ABI info - done
-- Check for working C compiler: C:/altera_pro/25.1/riscfree/toolchain/riscv32-unknown-elf/bin/riscv32-unknown-elf-gcc.exe - skipped
-- Detecting C compile features
-- Detecting C compile features - done
-- Detecting CXX compiler ABI info
-- Detecting CXX compiler ABI info - done
-- Check for working CXX compiler: C:/altera_pro/25.1/riscfree/toolchain/riscv32-unknown-elf/bin/riscv32-unknown-elf-g++.exe - skipped
-- Detecting CXX compile features
-- Detecting CXX compile features - done
-- The ASM compiler identification is GNU
-- Found assembler: C:/altera_pro/25.1/riscfree/toolchain/riscv32-unknown-elf/bin/riscv32-unknown-elf-gcc.exe
-- Configuring done (28.3s)
-- Generating done (0.0s)
-- Build files have been written to: D:/dev_2025/a3sk_revB/A3CZ135BB18AE7S-cd-rom-25.1/Demonstrations/sdcard_filesystem/software/nios_app/build/Debug
16:32:20 Buildscript generation finished (took 30509 ms)
16:32:20 **** Incremental Build of configuration Debug for project nios_app ****
"C:\\altera_pro\\25.1\\riscfree\\build_tools\\bin\\make.exe" -j all 
[  1%] Building ASM object nios_bsp/CMakeFiles/hal2_bsp.dir/HAL/src/alt_ecc_exception_entry.S.obj
[  2%] Building C object nios_bsp/CMakeFiles/hal2_bsp.dir/HAL/src/alt_dcache_flush_no_writeback.c.obj
[  8%] Building C object nios_bsp/CMakeFiles/hal2_bsp.dir/HAL/src/alt_fcntl.c.obj
[  3%] Building C object nios_bsp/CMakeFiles/hal2_bsp.dir/HAL/src/alt_dev.c.obj
[ 10%] Building C object nios_bsp/CMakeFiles/hal2_bsp.dir/HAL/src/alt_busy_sleep.c.obj
[  4%] Building ASM object nios_bsp/CMakeFiles/hal2_bsp.dir/HAL/src/machine_trap.S.obj
[  7%] Building C object nios_bsp/CMakeFiles/hal2_bsp.dir/HAL/src/alt_alarm_start.c.obj
[  9%] Building C object nios_bsp/CMakeFiles/hal2_bsp.dir/HAL/src/alt_close.c.obj
[  5%] Building C object nios_bsp/CMakeFiles/hal2_bsp.dir/HAL/src/alt_dev_llist_insert.c.obj
[ 11%] Building C object nios_bsp/CMakeFiles/hal2_bsp.dir/HAL/src/alt_do_dtors.c.obj
[ 13%] Building C object nios_bsp/CMakeFiles/hal2_bsp.dir/HAL/src/alt_errno.c.obj
[  5%] Building C object nios_bsp/CMakeFiles/hal2_bsp.dir/HAL/src/alt_dcache_flush.c.obj
[ 14%] Building C object nios_bsp/CMakeFiles/hal2_bsp.dir/HAL/src/alt_execve.c.obj
[ 17%] Building C object nios_bsp/CMakeFiles/hal2_bsp.dir/HAL/src/alt_irq_handler.c.obj
[ 24%] Building ASM object nios_bsp/CMakeFiles/hal2_bsp.dir/HAL/src/crt0.S.obj
[  7%] Building C object nios_bsp/CMakeFiles/hal2_bsp.dir/HAL/src/alt_find_file.c.obj
[ 12%] Building ASM object nios_bsp/CMakeFiles/hal2_bsp.dir/HAL/src/alt_mcount.S.obj
[ 27%] Building C object nios_bsp/CMakeFiles/hal2_bsp.dir/HAL/src/alt_do_ctors.c.obj
[  3%] Building C object nios_bsp/CMakeFiles/hal2_bsp.dir/HAL/src/alt_env_lock.c.obj
[ 32%] Building C object nios_bsp/CMakeFiles/hal2_bsp.dir/HAL/src/alt_dma_rxchan_open.c.obj
[ 22%] Building ASM object nios_bsp/CMakeFiles/hal2_bsp.dir/HAL/src/alt_vic_vector_table.S.obj
[ 31%] Building C object nios_bsp/CMakeFiles/hal2_bsp.dir/HAL/src/alt_icache_flush_all.c.obj
[ 28%] Building C object nios_bsp/CMakeFiles/hal2_bsp.dir/HAL/src/alt_exit.c.obj
[ 16%] Building C object nios_bsp/CMakeFiles/hal2_bsp.dir/HAL/src/alt_environ.c.obj
[ 15%] Building C object nios_bsp/CMakeFiles/hal2_bsp.dir/HAL/src/alt_dcache_flush_all.c.obj
[ 19%] Building C object nios_bsp/CMakeFiles/hal2_bsp.dir/HAL/src/alt_gmon.c.obj
[ 23%] Building ASM object nios_bsp/CMakeFiles/hal2_bsp.dir/HAL/src/alt_log_macro.S.obj
[ 18%] Building C object nios_bsp/CMakeFiles/hal2_bsp.dir/HAL/src/alt_fd_lock.c.obj
[ 25%] Building C object nios_bsp/CMakeFiles/hal2_bsp.dir/HAL/src/alt_icache_flush.c.obj
[ 14%] Building C object nios_bsp/CMakeFiles/hal2_bsp.dir/HAL/src/alt_fork.c.obj
[ 35%] Building C object nios_bsp/CMakeFiles/hal2_bsp.dir/HAL/src/alt_fd_unlock.c.obj
[ 37%] Building C object nios_bsp/CMakeFiles/hal2_bsp.dir/HAL/src/alt_kill.c.obj
[ 29%] Building C object nios_bsp/CMakeFiles/hal2_bsp.dir/HAL/src/alt_find_dev.c.obj
[ 36%] Building C object nios_bsp/CMakeFiles/hal2_bsp.dir/HAL/src/alt_iic.c.obj
[ 38%] Building C object nios_bsp/CMakeFiles/hal2_bsp.dir/HAL/src/alt_getchar.c.obj
[ 21%] Building C object nios_bsp/CMakeFiles/hal2_bsp.dir/HAL/src/alt_ecc_exception.c.obj
[ 40%] Building C object nios_bsp/CMakeFiles/hal2_bsp.dir/HAL/src/alt_gettod.c.obj
[ 43%] Building C object nios_bsp/CMakeFiles/hal2_bsp.dir/HAL/src/alt_instruction_exception_register.c.obj
[ 39%] Building C object nios_bsp/CMakeFiles/hal2_bsp.dir/HAL/src/alt_isatty.c.obj
[ 48%] Building C object nios_bsp/CMakeFiles/hal2_bsp.dir/HAL/src/alt_load.c.obj
[ 20%] Building C object nios_bsp/CMakeFiles/hal2_bsp.dir/HAL/src/alt_dma_txchan_open.c.obj
[ 34%] Building C object nios_bsp/CMakeFiles/hal2_bsp.dir/HAL/src/alt_link.c.obj
[ 48%] Building C object nios_bsp/CMakeFiles/hal2_bsp.dir/HAL/src/alt_iic_isr_register.c.obj
[ 26%] Building C object nios_bsp/CMakeFiles/hal2_bsp.dir/HAL/src/alt_flash_dev.c.obj
[ 30%] Building C object nios_bsp/CMakeFiles/hal2_bsp.dir/HAL/src/alt_fstat.c.obj
[ 41%] Building C object nios_bsp/CMakeFiles/hal2_bsp.dir/HAL/src/alt_get_fd.c.obj
[ 50%] Building C object nios_bsp/CMakeFiles/hal2_bsp.dir/HAL/src/alt_open.c.obj
[ 55%] Building C object nios_bsp/CMakeFiles/hal2_bsp.dir/HAL/src/alt_remap_uncached.c.obj
[ 42%] Building C object nios_bsp/CMakeFiles/hal2_bsp.dir/HAL/src/alt_putstr.c.obj
[ 47%] Building C object nios_bsp/CMakeFiles/hal2_bsp.dir/HAL/src/alt_read.c.obj
[ 53%] Building C object nios_bsp/CMakeFiles/hal2_bsp.dir/HAL/src/alt_release_fd.c.obj
[ 45%] Building C object nios_bsp/CMakeFiles/hal2_bsp.dir/HAL/src/alt_fs_reg.c.obj
[ 50%] Building C object nios_bsp/CMakeFiles/hal2_bsp.dir/HAL/src/alt_main.c.obj
[ 52%] Building C object nios_bsp/CMakeFiles/hal2_bsp.dir/HAL/src/alt_io_redirect.c.obj
[ 44%] Building C object nios_bsp/CMakeFiles/hal2_bsp.dir/HAL/src/alt_ioctl.c.obj
[ 64%] Building C object nios_bsp/CMakeFiles/hal2_bsp.dir/HAL/src/alt_stat.c.obj
[ 63%] Building C object nios_bsp/CMakeFiles/hal2_bsp.dir/HAL/src/intel_fpga_api_cmn_msg.c.obj
[ 69%] Building C object nios_bsp/CMakeFiles/hal2_bsp.dir/HAL/src/alt_wait.c.obj
[ 61%] Building C object nios_bsp/CMakeFiles/hal2_bsp.dir/HAL/src/alt_remap_cached.c.obj
[ 58%] Building C object nios_bsp/CMakeFiles/hal2_bsp.dir/HAL/src/alt_printf.c.obj
[ 72%] Building C object nios_bsp/CMakeFiles/hal2_bsp.dir/HAL/src/alt_unlink.c.obj
[ 68%] Building C object nios_bsp/CMakeFiles/hal2_bsp.dir/HAL/src/mtimer.c.obj
[ 51%] Building C object nios_bsp/CMakeFiles/hal2_bsp.dir/HAL/src/alt_log_printf.c.obj
[ 74%] Building C object nios_bsp/CMakeFiles/hal2_bsp.dir/drivers/src/altera_avalon_jtag_uart_ioctl.c.obj
[ 62%] Building C object nios_bsp/CMakeFiles/hal2_bsp.dir/HAL/src/alt_putchar.c.obj
[ 60%] Building C object nios_bsp/CMakeFiles/hal2_bsp.dir/HAL/src/alt_tls.c.obj
[ 54%] Building C object nios_bsp/CMakeFiles/hal2_bsp.dir/HAL/src/alt_malloc_lock.c.obj
[ 47%] Building C object nios_bsp/CMakeFiles/hal2_bsp.dir/HAL/src/alt_putcharbuf.c.obj
[ 65%] Building C object nios_bsp/CMakeFiles/hal2_bsp.dir/HAL/src/alt_tick.c.obj
[ 33%] Building C object nios_bsp/CMakeFiles/hal2_bsp.dir/HAL/src/alt_ecc_error_inject.c.obj
[ 67%] Building C object nios_bsp/CMakeFiles/hal2_bsp.dir/HAL/src/alt_usleep.c.obj
[ 71%] Building C object nios_bsp/CMakeFiles/hal2_bsp.dir/alt_sys_init.c.obj
[ 75%] Building C object nios_bsp/CMakeFiles/hal2_bsp.dir/HAL/src/alt_vic_isr_wrapper.c.obj
[ 70%] Building C object nios_bsp/CMakeFiles/hal2_bsp.dir/HAL/src/alt_uncached_malloc.c.obj
[ 66%] Building C object nios_bsp/CMakeFiles/hal2_bsp.dir/HAL/src/alt_write.c.obj
[ 81%] Building C object nios_bsp/CMakeFiles/hal2_bsp.dir/drivers/src/altera_avalon_timer_sc.c.obj
[ 78%] Building C object nios_bsp/CMakeFiles/hal2_bsp.dir/drivers/src/altera_avalon_timer_ts.c.obj
[ 75%] Building C object nios_bsp/CMakeFiles/hal2_bsp.dir/drivers/src/altera_avalon_sysid_qsys.c.obj
[ 77%] Building C object nios_bsp/CMakeFiles/hal2_bsp.dir/drivers/src/altera_avalon_timer_vars.c.obj
[ 82%] Building C object nios_bsp/CMakeFiles/hal2_bsp.dir/HAL/src/intel_fpga_api_niosv.c.obj
[ 49%] Building C object nios_bsp/CMakeFiles/hal2_bsp.dir/HAL/src/alt_getpid.c.obj
[ 50%] Building C object nios_bsp/CMakeFiles/hal2_bsp.dir/HAL/src/alt_rename.c.obj
[ 87%] Building C object nios_bsp/CMakeFiles/hal2_bsp.dir/HAL/src/intel_fpga_platform_api_niosv.c.obj
[ 80%] Building C object nios_bsp/CMakeFiles/hal2_bsp.dir/HAL/src/alt_uncached_free.c.obj
[ 83%] Building C object nios_bsp/CMakeFiles/hal2_bsp.dir/drivers/src/altera_avalon_jtag_uart_read.c.obj
[ 77%] Building C object nios_bsp/CMakeFiles/hal2_bsp.dir/HAL/src/intel_fpga_api_cmn_inf.c.obj
[ 59%] Building C object nios_bsp/CMakeFiles/hal2_bsp.dir/HAL/src/alt_settod.c.obj
[ 56%] Building C object nios_bsp/CMakeFiles/hal2_bsp.dir/HAL/src/alt_sbrk.c.obj
[ 79%] Building C object nios_bsp/CMakeFiles/hal2_bsp.dir/drivers/src/altera_avalon_jtag_uart_write.c.obj
[ 78%] Building C object nios_bsp/CMakeFiles/hal2_bsp.dir/drivers/src/altera_avalon_jtag_uart_fd.c.obj
[ 86%] Building C object nios_bsp/CMakeFiles/hal2_bsp.dir/drivers/src/altera_avalon_jtag_uart_init.c.obj
[ 73%] Building C object nios_bsp/CMakeFiles/hal2_bsp.dir/HAL/src/alt_times.c.obj
[ 84%] Building C object nios_bsp/CMakeFiles/hal2_bsp.dir/HAL/src/intel_fpga_api_cmn_dfl.c.obj
[ 86%] Building C object nios_bsp/CMakeFiles/hal2_bsp.dir/HAL/src/intel_niosv_irq.c.obj
[ 57%] Building C object nios_bsp/CMakeFiles/hal2_bsp.dir/HAL/src/alt_lseek.c.obj
[ 88%] Linking C static library libhal2_bsp.a
[ 88%] Built target hal2_bsp
[ 90%] Building C object CMakeFiles/nios_app.elf.dir/ff.c.obj
[ 92%] Building C object CMakeFiles/nios_app.elf.dir/terasic_sdcard/debug.c.obj
[ 89%] Building C object CMakeFiles/nios_app.elf.dir/terasic_sdcard/crc7.c.obj
D:/dev_2025/a3sk_revB/A3CZ135BB18AE7S-cd-rom-25.1/Demonstrations/sdcard_filesystem/software/nios_app/terasic_sdcard/debug.c: In function 'debug_output':
D:/dev_2025/a3sk_revB/A3CZ135BB18AE7S-cd-rom-25.1/Demonstrations/sdcard_filesystem/software/nios_app/terasic_sdcard/debug.c:55:5: warning: format not a string literal and no format arguments [-Wformat-security]
   55 |     printf(pMessage);
      |     ^~~~~~
D:/dev_2025/a3sk_revB/A3CZ135BB18AE7S-cd-rom-25.1/Demonstrations/sdcard_filesystem/software/nios_app/terasic_sdcard/debug.c: In function 'myprintf_hexarray':
D:/dev_2025/a3sk_revB/A3CZ135BB18AE7S-cd-rom-25.1/Demonstrations/sdcard_filesystem/software/nios_app/terasic_sdcard/debug.c:83:17: warning: pointer targets in passing argument 1 of 'sprintf' differ in signedness [-Wpointer-sign]
   83 |         sprintf(szText, "[%02X]", *(pHex+i));
      |                 ^~~~~~
      |                 |
      |                 unsigned char *
In file included from D:/dev_2025/a3sk_revB/A3CZ135BB18AE7S-cd-rom-25.1/Demonstrations/sdcard_filesystem/software/nios_app/terasic_sdcard/debug.c:33:
C:/altera_pro/25.1/riscfree/toolchain/riscv32-unknown-elf/riscv32-unknown-elf/include/stdio.h:250:18: note: expected 'char * restrict' but argument is of type 'unsigned char *'
  250 | int     sprintf (char *__restrict, const char *__restrict, ...)
      |                  ^
In file included from D:/dev_2025/a3sk_revB/A3CZ135BB18AE7S-cd-rom-25.1/Demonstrations/sdcard_filesystem/software/nios_app/terasic_sdcard/debug.c:36:
D:/dev_2025/a3sk_revB/A3CZ135BB18AE7S-cd-rom-25.1/Demonstrations/sdcard_filesystem/software/nios_app/terasic_sdcard/debug.c:84:16: warning: pointer targets in passing argument 1 of 'myprintf' differ in signedness [-Wpointer-sign]
   84 |         DEBUG((szText));
      |                ^~~~~~
      |                |
      |                unsigned char *
D:/dev_2025/a3sk_revB/A3CZ135BB18AE7S-cd-rom-25.1/Demonstrations/sdcard_filesystem/software/nios_app/terasic_sdcard/debug.h:72:46: note: in definition of macro 'DEBUG'
   72 |     #define DEBUG(x)               {myprintf x;}  // standard in/out, specifed in project (it could be uart, jtag, or lcd)
      |                                              ^
D:/dev_2025/a3sk_revB/A3CZ135BB18AE7S-cd-rom-25.1/Demonstrations/sdcard_filesystem/software/nios_app/terasic_sdcard/debug.c:64:20: note: expected 'char *' but argument is of type 'unsigned char *'
   64 | int myprintf(char *format, ...){
      |              ~~~~~~^~~~~~
[ 95%] Building C object CMakeFiles/nios_app.elf.dir/terasic_sdcard/sd_lib.c.obj
[ 92%] Building C object CMakeFiles/nios_app.elf.dir/glue.c.obj
[ 96%] Building C object CMakeFiles/nios_app.elf.dir/ffunicode.c.obj
[ 93%] Building C object CMakeFiles/nios_app.elf.dir/main.c.obj
[ 95%] Building C object CMakeFiles/nios_app.elf.dir/diskio.c.obj
[ 94%] Building C object CMakeFiles/nios_app.elf.dir/ffsystem.c.obj
[ 97%] Building C object CMakeFiles/nios_app.elf.dir/terasic_sdcard/sd_protocol.c.obj
D:/dev_2025/a3sk_revB/A3CZ135BB18AE7S-cd-rom-25.1/Demonstrations/sdcard_filesystem/software/nios_app/terasic_sdcard/sd_lib.c: In function 'SDLIB_WriteBlock512':
D:/dev_2025/a3sk_revB/A3CZ135BB18AE7S-cd-rom-25.1/Demonstrations/sdcard_filesystem/software/nios_app/terasic_sdcard/sd_lib.c:329:32: warning: passing argument 1 of 'SD_WriteData512' discards 'const' qualifier from pointer target type [-Wdiscarded-qualifiers]
  329 |     bSuccess = SD_WriteData512(szDataWrite);  // Write 512 bytes
      |                                ^~~~~~~~~~~
In file included from D:/dev_2025/a3sk_revB/A3CZ135BB18AE7S-cd-rom-25.1/Demonstrations/sdcard_filesystem/software/nios_app/terasic_sdcard/sd_lib.c:45:
D:/dev_2025/a3sk_revB/A3CZ135BB18AE7S-cd-rom-25.1/Demonstrations/sdcard_filesystem/software/nios_app/terasic_sdcard/sd_protocol.h:60:29: note: expected 'alt_u8 *' {aka 'unsigned char *'} but argument is of type 'const alt_u8 *' {aka 'const unsigned char *'}
   60 | bool SD_WriteData512(alt_u8 szDataWrite[]);
      |                      ~~~~~~~^~~~~~~~~~~~~
D:/dev_2025/a3sk_revB/A3CZ135BB18AE7S-cd-rom-25.1/Demonstrations/sdcard_filesystem/software/nios_app/glue.c: In function 'RAM_disk_status':
D:/dev_2025/a3sk_revB/A3CZ135BB18AE7S-cd-rom-25.1/Demonstrations/sdcard_filesystem/software/nios_app/glue.c:123:1: warning: control reaches end of non-void function [-Wreturn-type]
  123 | }
      | ^
D:/dev_2025/a3sk_revB/A3CZ135BB18AE7S-cd-rom-25.1/Demonstrations/sdcard_filesystem/software/nios_app/glue.c: In function 'RAM_disk_initialize':
D:/dev_2025/a3sk_revB/A3CZ135BB18AE7S-cd-rom-25.1/Demonstrations/sdcard_filesystem/software/nios_app/glue.c:127:1: warning: control reaches end of non-void function [-Wreturn-type]
  127 | }
      | ^
D:/dev_2025/a3sk_revB/A3CZ135BB18AE7S-cd-rom-25.1/Demonstrations/sdcard_filesystem/software/nios_app/glue.c: In function 'RAM_disk_read':
D:/dev_2025/a3sk_revB/A3CZ135BB18AE7S-cd-rom-25.1/Demonstrations/sdcard_filesystem/software/nios_app/glue.c:135:1: warning: control reaches end of non-void function [-Wreturn-type]
  135 | }
      | ^
D:/dev_2025/a3sk_revB/A3CZ135BB18AE7S-cd-rom-25.1/Demonstrations/sdcard_filesystem/software/nios_app/glue.c: In function 'RAM_disk_write':
D:/dev_2025/a3sk_revB/A3CZ135BB18AE7S-cd-rom-25.1/Demonstrations/sdcard_filesystem/software/nios_app/glue.c:143:1: warning: control reaches end of non-void function [-Wreturn-type]
  143 | }
      | ^
D:/dev_2025/a3sk_revB/A3CZ135BB18AE7S-cd-rom-25.1/Demonstrations/sdcard_filesystem/software/nios_app/glue.c: In function 'USB_disk_status':
D:/dev_2025/a3sk_revB/A3CZ135BB18AE7S-cd-rom-25.1/Demonstrations/sdcard_filesystem/software/nios_app/glue.c:148:1: warning: control reaches end of non-void function [-Wreturn-type]
  148 | }
      | ^
D:/dev_2025/a3sk_revB/A3CZ135BB18AE7S-cd-rom-25.1/Demonstrations/sdcard_filesystem/software/nios_app/glue.c: In function 'USB_disk_initialize':
D:/dev_2025/a3sk_revB/A3CZ135BB18AE7S-cd-rom-25.1/Demonstrations/sdcard_filesystem/software/nios_app/glue.c:152:1: warning: control reaches end of non-void function [-Wreturn-type]
  152 | }
      | ^
D:/dev_2025/a3sk_revB/A3CZ135BB18AE7S-cd-rom-25.1/Demonstrations/sdcard_filesystem/software/nios_app/glue.c: In function 'USB_disk_read':
D:/dev_2025/a3sk_revB/A3CZ135BB18AE7S-cd-rom-25.1/Demonstrations/sdcard_filesystem/software/nios_app/glue.c:160:1: warning: control reaches end of non-void function [-Wreturn-type]
  160 | }
      | ^
D:/dev_2025/a3sk_revB/A3CZ135BB18AE7S-cd-rom-25.1/Demonstrations/sdcard_filesystem/software/nios_app/glue.c: In function 'USB_disk_write':
D:/dev_2025/a3sk_revB/A3CZ135BB18AE7S-cd-rom-25.1/Demonstrations/sdcard_filesystem/software/nios_app/glue.c:168:1: warning: control reaches end of non-void function [-Wreturn-type]
  168 | }
      | ^
D:/dev_2025/a3sk_revB/A3CZ135BB18AE7S-cd-rom-25.1/Demonstrations/sdcard_filesystem/software/nios_app/diskio.c: In function 'disk_ioctl':
D:/dev_2025/a3sk_revB/A3CZ135BB18AE7S-cd-rom-25.1/Demonstrations/sdcard_filesystem/software/nios_app/diskio.c:216:13: warning: unused variable 'result' [-Wunused-variable]
  216 |         int result;
      |             ^~~~~~
D:/dev_2025/a3sk_revB/A3CZ135BB18AE7S-cd-rom-25.1/Demonstrations/sdcard_filesystem/software/nios_app/diskio.c: In function 'disk_status':
D:/dev_2025/a3sk_revB/A3CZ135BB18AE7S-cd-rom-25.1/Demonstrations/sdcard_filesystem/software/nios_app/diskio.c:43:24: warning: 'stat' may be used uninitialized [-Wmaybe-uninitialized]
   43 |                 return stat;
      |                        ^~~~
D:/dev_2025/a3sk_revB/A3CZ135BB18AE7S-cd-rom-25.1/Demonstrations/sdcard_filesystem/software/nios_app/diskio.c:34:17: note: 'stat' was declared here
   34 |         DSTATUS stat;
      |                 ^~~~
D:/dev_2025/a3sk_revB/A3CZ135BB18AE7S-cd-rom-25.1/Demonstrations/sdcard_filesystem/software/nios_app/diskio.c: In function 'disk_read':
D:/dev_2025/a3sk_revB/A3CZ135BB18AE7S-cd-rom-25.1/Demonstrations/sdcard_filesystem/software/nios_app/diskio.c:126:24: warning: 'res' may be used uninitialized [-Wmaybe-uninitialized]
  126 |                 return res;
      |                        ^~~
D:/dev_2025/a3sk_revB/A3CZ135BB18AE7S-cd-rom-25.1/Demonstrations/sdcard_filesystem/software/nios_app/diskio.c:115:17: note: 'res' was declared here
  115 |         DRESULT res;
      |                 ^~~
D:/dev_2025/a3sk_revB/A3CZ135BB18AE7S-cd-rom-25.1/Demonstrations/sdcard_filesystem/software/nios_app/diskio.c: In function 'disk_write':
D:/dev_2025/a3sk_revB/A3CZ135BB18AE7S-cd-rom-25.1/Demonstrations/sdcard_filesystem/software/nios_app/diskio.c:177:24: warning: 'res' may be used uninitialized [-Wmaybe-uninitialized]
  177 |                 return res;
      |                        ^~~
D:/dev_2025/a3sk_revB/A3CZ135BB18AE7S-cd-rom-25.1/Demonstrations/sdcard_filesystem/software/nios_app/diskio.c:166:17: note: 'res' was declared here
  166 |         DRESULT res;
      |                 ^~~
D:/dev_2025/a3sk_revB/A3CZ135BB18AE7S-cd-rom-25.1/Demonstrations/sdcard_filesystem/software/nios_app/diskio.c: In function 'disk_ioctl':
D:/dev_2025/a3sk_revB/A3CZ135BB18AE7S-cd-rom-25.1/Demonstrations/sdcard_filesystem/software/nios_app/diskio.c:223:24: warning: 'res' may be used uninitialized [-Wmaybe-uninitialized]
  223 |                 return res;
      |                        ^~~
D:/dev_2025/a3sk_revB/A3CZ135BB18AE7S-cd-rom-25.1/Demonstrations/sdcard_filesystem/software/nios_app/diskio.c:215:17: note: 'res' was declared here
  215 |         DRESULT res;
      |                 ^~~
D:/dev_2025/a3sk_revB/A3CZ135BB18AE7S-cd-rom-25.1/Demonstrations/sdcard_filesystem/software/nios_app/terasic_sdcard/sd_protocol.c: In function 'SD_CMD0':
D:/dev_2025/a3sk_revB/A3CZ135BB18AE7S-cd-rom-25.1/Demonstrations/sdcard_filesystem/software/nios_app/terasic_sdcard/sd_protocol.c:174:11: warning: implicit declaration of function 'crc7' [-Wimplicit-function-declaration]
  174 |     crc = crc7(0, szCmd, 5);
      |           ^~~~
D:/dev_2025/a3sk_revB/A3CZ135BB18AE7S-cd-rom-25.1/Demonstrations/sdcard_filesystem/software/nios_app/terasic_sdcard/sd_protocol.c: In function 'SD_CMD9':
D:/dev_2025/a3sk_revB/A3CZ135BB18AE7S-cd-rom-25.1/Demonstrations/sdcard_filesystem/software/nios_app/terasic_sdcard/sd_protocol.c:548:12: warning: 'nCopyLen' may be used uninitialized [-Wmaybe-uninitialized]
  548 |         if (nCopyLen > 16)
      |            ^
D:/dev_2025/a3sk_revB/A3CZ135BB18AE7S-cd-rom-25.1/Demonstrations/sdcard_filesystem/software/nios_app/terasic_sdcard/sd_protocol.c:547:13: note: 'nCopyLen' was declared here
  547 |         int nCopyLen, x;
      |             ^~~~~~~~
D:/dev_2025/a3sk_revB/A3CZ135BB18AE7S-cd-rom-25.1/Demonstrations/sdcard_filesystem/software/nios_app/terasic_sdcard/sd_protocol.c: In function 'SD_CMD10':
D:/dev_2025/a3sk_revB/A3CZ135BB18AE7S-cd-rom-25.1/Demonstrations/sdcard_filesystem/software/nios_app/terasic_sdcard/sd_protocol.c:603:12: warning: 'nCopyLen' may be used uninitialized [-Wmaybe-uninitialized]
  603 |         if (nCopyLen > 16)
      |            ^
D:/dev_2025/a3sk_revB/A3CZ135BB18AE7S-cd-rom-25.1/Demonstrations/sdcard_filesystem/software/nios_app/terasic_sdcard/sd_protocol.c:602:13: note: 'nCopyLen' was declared here
  602 |         int nCopyLen, x;
      |             ^~~~~~~~
[ 98%] Linking C executable nios_app.elf
[ 98%] Built target nios_app.elf
[ 99%] Reporting memory available for stack + heap in nios_app.elf.
[ 98%] Creating intel_onchip_memory.hex.
[100%] Creating nios_app.elf.objdump.
[100%] Built target create-objdump
[100%] Built target create-hex
nios_app.elf
 * 147.04 KB - Program size (code + initialized data).
 * 346.73 KB - Free for stack + heap.
[100%] Built target niosv-stack-report
