WIDTH = 8;
DEPTH = 25600;

ADDRESS_RADIX = HEX;
DATA_RADIX = HEX;

CONTENT BEGIN
00000:02;
00001:04;
00002:02;
00003:04;
00004:04;
00005:04;
00006:04;
00007:04;
00008:04;
00009:04;
0000a:04;
0000b:04;
0000c:04;
0000d:04;
0000e:06;
0000f:06;
00010:0a;
00011:04;
00012:06;
00013:04;
00014:04;
00015:04;
00016:04;
00017:04;
00018:04;
00019:04;
0001a:04;
0001b:02;
0001c:04;
0001d:04;
0001e:06;
0001f:06;
00020:06;
00021:06;
00022:04;
00023:04;
00024:04;
00025:0a;
00026:04;
00027:04;
00028:04;
00029:04;
0002a:04;
0002b:04;
0002c:04;
0002d:04;
0002e:04;
0002f:06;
00030:06;
00031:05;
00032:0a;
00033:0a;
00034:0a;
00035:03;
00036:04;
00037:04;
00038:04;
00039:0a;
0003a:09;
0003b:16;
0003c:16;
0003d:0c;
0003e:0a;
0003f:09;
00040:0a;
00041:06;
00042:06;
00043:04;
00044:04;
00045:04;
00046:04;
00047:06;
00048:06;
00049:06;
0004a:04;
0004b:04;
0004c:04;
0004d:04;
0004e:04;
0004f:04;
00050:04;
00051:04;
00052:04;
00053:04;
00054:04;
00055:06;
00056:05;
00057:0c;
00058:06;
00059:06;
0005a:06;
0005b:06;
0005c:06;
0005d:06;
0005e:05;
0005f:0a;
00060:0a;
00061:06;
00062:06;
00063:06;
00064:04;
00065:06;
00066:06;
00067:06;
00068:06;
00069:06;
0006a:0a;
0006b:0c;
0006c:15;
0006d:15;
0006e:15;
0006f:0c;
00070:06;
00071:06;
00072:06;
00073:06;
00074:06;
00075:04;
00076:06;
00077:04;
00078:0c;
00079:0c;
0007a:11;
0007b:11;
0007c:05;
0007d:0a;
0007e:06;
0007f:06;
00080:04;
00081:06;
00082:04;
00083:06;
00084:04;
00085:06;
00086:06;
00087:0c;
00088:0c;
00089:0c;
0008a:0c;
0008b:0a;
0008c:06;
0008d:04;
0008e:04;
0008f:04;
00090:06;
00091:06;
00092:06;
00093:0c;
00094:06;
00095:0c;
00096:0a;
00097:0a;
00098:0a;
00099:0a;
0009a:0c;
0009b:0a;
0009c:06;
0009d:06;
0009e:06;
0009f:05;
000a0:0a;
000a1:0c;
000a2:0c;
000a3:0c;
000a4:0c;
000a5:16;
000a6:0c;
000a7:06;
000a8:04;
000a9:04;
000aa:06;
000ab:0c;
000ac:0c;
000ad:11;
000ae:0c;
000af:0c;
000b0:05;
000b1:06;
000b2:06;
000b3:06;
000b4:06;
000b5:0a;
000b6:0c;
000b7:16;
000b8:0c;
000b9:0c;
000ba:0a;
000bb:0c;
000bc:0a;
000bd:06;
000be:04;
000bf:02;
000c0:02;
000c1:02;
000c2:04;
000c3:0b;
000c4:16;
000c5:16;
000c6:15;
000c7:15;
000c8:11;
000c9:16;
000ca:0c;
000cb:0a;
000cc:0a;
000cd:0c;
000ce:0a;
000cf:09;
000d0:0c;
000d1:16;
000d2:11;
000d3:15;
000d4:0c;
000d5:0a;
000d6:06;
000d7:06;
000d8:06;
000d9:0c;
000da:09;
000db:06;
000dc:06;
000dd:06;
000de:0a;
000df:06;
000e0:09;
000e1:06;
000e2:06;
000e3:0a;
000e4:0a;
000e5:0c;
000e6:0a;
000e7:06;
000e8:06;
000e9:06;
000ea:0a;
000eb:0c;
000ec:1f;
000ed:1f;
000ee:15;
000ef:16;
000f0:0a;
000f1:06;
000f2:09;
000f3:09;
000f4:0c;
000f5:0b;
000f6:16;
000f7:0c;
000f8:09;
000f9:06;
000fa:06;
000fb:0a;
000fc:0c;
000fd:11;
000fe:11;
000ff:0c;
00100:0a;
00101:0c;
00102:16;
00103:11;
00104:0c;
00105:0a;
00106:09;
00107:06;
00108:06;
00109:06;
0010a:06;
0010b:0a;
0010c:16;
0010d:15;
0010e:16;
0010f:16;
00110:0c;
00111:0a;
00112:09;
00113:06;
00114:0c;
00115:0c;
00116:0c;
00117:0a;
00118:06;
00119:06;
0011a:06;
0011b:0c;
0011c:11;
0011d:15;
0011e:1f;
0011f:15;
00120:14;
00121:16;
00122:0a;
00123:06;
00124:09;
00125:0a;
00126:0a;
00127:09;
00128:09;
00129:04;
0012a:0f;
0012b:0a;
0012c:11;
0012d:11;
0012e:16;
0012f:18;
00130:11;
00131:11;
00132:0a;
00133:0a;
00134:0f;
00135:04;
00136:04;
00137:06;
00138:06;
00139:0a;
0013a:05;
0013b:0c;
0013c:06;
0013d:0c;
0013e:0c;
0013f:06;
00140:06;
00141:09;
00142:04;
00143:09;
00144:0a;
00145:16;
00146:15;
00147:15;
00148:11;
00149:06;
0014a:0a;
0014b:11;
0014c:09;
0014d:04;
0014e:09;
0014f:0a;
00150:0a;
00151:0a;
00152:09;
00153:04;
00154:04;
00155:04;
00156:04;
00157:0a;
00158:06;
00159:16;
0015a:11;
0015b:15;
0015c:11;
0015d:06;
0015e:06;
0015f:09;
00160:11;
00161:15;
00162:16;
00163:0a;
00164:04;
00165:04;
00166:0c;
00167:1f;
00168:11;
00169:0a;
0016a:04;
0016b:09;
0016c:06;
0016d:09;
0016e:0b;
0016f:13;
00170:11;
00171:14;
00172:16;
00173:13;
00174:09;
00175:16;
00176:1c;
00177:1f;
00178:1f;
00179:09;
0017a:0f;
0017b:0b;
0017c:16;
0017d:16;
0017e:14;
0017f:16;
00180:13;
00181:11;
00182:0e;
00183:11;
00184:06;
00185:04;
00186:04;
00187:06;
00188:09;
00189:13;
0018a:13;
0018b:16;
0018c:16;
0018d:1c;
0018e:1c;
0018f:16;
00190:1f;
00191:16;
00192:0a;
00193:04;
00194:0c;
00195:16;
00196:15;
00197:1f;
00198:1f;
00199:16;
0019a:0c;
0019b:0b;
0019c:0a;
0019d:15;
0019e:1f;
0019f:0c;
001a0:09;
001a1:09;
001a2:16;
001a3:16;
001a4:16;
001a5:09;
001a6:04;
001a7:06;
001a8:0c;
001a9:2b;
001aa:28;
001ab:1c;
001ac:13;
001ad:13;
001ae:16;
001af:14;
001b0:1f;
001b1:1e;
001b2:1f;
001b3:16;
001b4:09;
001b5:04;
001b6:0b;
001b7:1f;
001b8:1e;
001b9:26;
001ba:26;
001bb:2b;
001bc:2b;
001bd:16;
001be:0a;
001bf:09;
001c0:0a;
001c1:15;
001c2:1f;
001c3:15;
001c4:0c;
001c5:06;
001c6:06;
001c7:0b;
001c8:0c;
001c9:15;
001ca:1f;
001cb:1f;
001cc:14;
001cd:1c;
001ce:1c;
001cf:20;
001d0:13;
001d1:09;
001d2:04;
001d3:06;
001d4:0a;
001d5:0a;
001d6:09;
001d7:09;
001d8:09;
001d9:16;
001da:1f;
001db:1f;
001dc:26;
001dd:1f;
001de:1c;
001df:16;
001e0:09;
001e1:09;
001e2:0a;
001e3:15;
001e4:1f;
001e5:14;
001e6:14;
001e7:1c;
001e8:1f;
001e9:14;
001ea:16;
001eb:06;
001ec:09;
001ed:09;
001ee:11;
001ef:1f;
001f0:1f;
001f1:1f;
001f2:0a;
001f3:09;
001f4:0b;
001f5:16;
001f6:16;
001f7:14;
001f8:1c;
001f9:14;
001fa:1f;
001fb:1e;
001fc:1f;
001fd:16;
001fe:09;
001ff:09;
00200:09;
00201:16;
00202:16;
00203:1f;
00204:16;
00205:20;
00206:16;
00207:1f;
00208:26;
00209:16;
0020a:17;
0020b:16;
0020c:2b;
0020d:15;
0020e:0c;
0020f:0a;
00210:06;
00211:06;
00212:06;
00213:16;
00214:11;
00215:1f;
00216:1f;
00217:22;
00218:1f;
00219:1f;
0021a:1f;
0021b:1f;
0021c:16;
0021d:16;
0021e:0b;
0021f:09;
00220:0b;
00221:1f;
00222:1f;
00223:15;
00224:0b;
00225:16;
00226:14;
00227:16;
00228:1f;
00229:1f;
0022a:16;
0022b:09;
0022c:13;
0022d:1f;
0022e:1e;
0022f:1c;
00230:1f;
00231:2b;
00232:2b;
00233:16;
00234:13;
00235:1c;
00236:2b;
00237:1e;
00238:26;
00239:16;
0023a:13;
0023b:16;
0023c:1c;
0023d:22;
0023e:1c;
0023f:0a;
00240:1c;
00241:1f;
00242:1f;
00243:14;
00244:09;
00245:09;
00246:0b;
00247:14;
00248:1f;
00249:28;
0024a:26;
0024b:28;
0024c:26;
0024d:1e;
0024e:2b;
0024f:28;
00250:13;
00251:13;
00252:09;
00253:13;
00254:30;
00255:2b;
00256:2b;
00257:2b;
00258:30;
00259:25;
0025a:30;
0025b:3a;
0025c:30;
0025d:16;
0025e:09;
0025f:13;
00260:17;
00261:16;
00262:13;
00263:13;
00264:1c;
00265:26;
00266:34;
00267:2b;
00268:28;
00269:2b;
0026a:2b;
0026b:34;
0026c:2b;
0026d:1c;
0026e:13;
0026f:13;
00270:26;
00271:29;
00272:34;
00273:28;
00274:1c;
00275:13;
00276:13;
00277:1c;
00278:1c;
00279:1c;
0027a:1b;
0027b:2b;
0027c:2b;
0027d:30;
0027e:26;
0027f:28;
00280:2b;
00281:28;
00282:20;
00283:13;
00284:1b;
00285:20;
00286:2b;
00287:2b;
00288:1f;
00289:1f;
0028a:14;
0028b:16;
0028c:1c;
0028d:2b;
0028e:2b;
0028f:30;
00290:2f;
00291:30;
00292:30;
00293:30;
00294:25;
00295:13;
00296:16;
00297:14;
00298:1f;
00299:2b;
0029a:26;
0029b:25;
0029c:1b;
0029d:26;
0029e:30;
0029f:2b;
002a0:30;
002a1:25;
002a2:20;
002a3:25;
002a4:30;
002a5:34;
002a6:2b;
002a7:26;
002a8:13;
002a9:17;
002aa:13;
002ab:13;
002ac:17;
002ad:16;
002ae:26;
002af:2b;
002b0:41;
002b1:2b;
002b2:3a;
002b3:2e;
002b4:30;
002b5:30;
002b6:26;
002b7:13;
002b8:13;
002b9:09;
002ba:16;
002bb:1f;
002bc:29;
002bd:2b;
002be:20;
002bf:20;
002c0:13;
002c1:13;
002c2:13;
002c3:1c;
002c4:1c;
002c5:13;
002c6:13;
002c7:1c;
002c8:29;
002c9:2b;
002ca:1f;
002cb:1c;
002cc:13;
002cd:13;
002ce:09;
002cf:13;
002d0:26;
002d1:34;
002d2:2b;
002d3:30;
002d4:30;
002d5:30;
002d6:25;
002d7:25;
002d8:25;
002d9:28;
002da:30;
002db:2b;
002dc:28;
002dd:2b;
002de:26;
002df:20;
002e0:13;
002e1:13;
002e2:20;
002e3:26;
002e4:30;
002e5:26;
002e6:25;
002e7:2e;
002e8:30;
002e9:27;
002ea:27;
002eb:28;
002ec:26;
002ed:26;
002ee:25;
002ef:2b;
002f0:2b;
002f1:26;
002f2:16;
002f3:26;
002f4:20;
002f5:28;
002f6:2b;
002f7:2e;
002f8:30;
002f9:30;
002fa:35;
002fb:2d;
002fc:1c;
002fd:16;
002fe:16;
002ff:26;
00300:35;
00301:30;
00302:36;
00303:35;
00304:3a;
00305:3a;
00306:35;
00307:2e;
00308:25;
00309:13;
0030a:13;
0030b:1b;
0030c:2e;
0030d:30;
0030e:30;
0030f:2f;
00310:1b;
00311:0b;
00312:16;
00313:14;
00314:13;
00315:22;
00316:2b;
00317:34;
00318:2b;
00319:2e;
0031a:34;
0031b:35;
0031c:2f;
0031d:2d;
0031e:25;
0031f:25;
00320:26;
00321:2e;
00322:2b;
00323:09;
00324:1c;
00325:16;
00326:1c;
00327:30;
00328:3a;
00329:3e;
0032a:3e;
0032b:3e;
0032c:35;
0032d:2d;
0032e:20;
0032f:09;
00330:09;
00331:04;
00332:11;
00333:2b;
00334:34;
00335:34;
00336:39;
00337:2d;
00338:2d;
00339:2f;
0033a:30;
0033b:3a;
0033c:30;
0033d:30;
0033e:25;
0033f:13;
00340:13;
00341:1b;
00342:25;
00343:26;
00344:25;
00345:26;
00346:28;
00347:30;
00348:28;
00349:30;
0034a:26;
0034b:25;
0034c:25;
0034d:2e;
0034e:26;
0034f:26;
00350:26;
00351:26;
00352:20;
00353:1b;
00354:26;
00355:20;
00356:28;
00357:26;
00358:28;
00359:30;
0035a:25;
0035b:2f;
0035c:3a;
0035d:35;
0035e:3a;
0035f:35;
00360:26;
00361:1b;
00362:20;
00363:25;
00364:20;
00365:30;
00366:3f;
00367:35;
00368:30;
00369:30;
0036a:34;
0036b:35;
0036c:30;
0036d:2f;
0036e:25;
0036f:25;
00370:26;
00371:30;
00372:2b;
00373:2b;
00374:1f;
00375:1f;
00376:16;
00377:17;
00378:13;
00379:2d;
0037a:35;
0037b:3f;
0037c:3f;
0037d:35;
0037e:3a;
0037f:3a;
00380:3a;
00381:2e;
00382:2e;
00383:2d;
00384:30;
00385:35;
00386:35;
00387:2f;
00388:3a;
00389:3a;
0038a:30;
0038b:26;
0038c:20;
0038d:09;
0038e:09;
0038f:09;
00390:16;
00391:13;
00392:2e;
00393:3a;
00394:3a;
00395:36;
00396:2d;
00397:36;
00398:36;
00399:2d;
0039a:30;
0039b:35;
0039c:36;
0039d:3a;
0039e:3a;
0039f:3a;
003a0:34;
003a1:2d;
003a2:30;
003a3:26;
003a4:20;
003a5:20;
003a6:30;
003a7:3a;
003a8:30;
003a9:30;
003aa:39;
003ab:36;
003ac:3a;
003ad:3e;
003ae:36;
003af:36;
003b0:3f;
003b1:30;
003b2:2d;
003b3:2d;
003b4:2d;
003b5:2d;
003b6:2d;
003b7:3a;
003b8:34;
003b9:3f;
003ba:4a;
003bb:39;
003bc:36;
003bd:36;
003be:36;
003bf:43;
003c0:43;
003c1:3e;
003c2:43;
003c3:43;
003c4:43;
003c5:3e;
003c6:3e;
003c7:3e;
003c8:3e;
003c9:49;
003ca:4a;
003cb:4a;
003cc:43;
003cd:3e;
003ce:2d;
003cf:36;
003d0:36;
003d1:36;
003d2:43;
003d3:43;
003d4:43;
003d5:4f;
003d6:49;
003d7:43;
003d8:30;
003d9:2d;
003da:3a;
003db:3e;
003dc:43;
003dd:3e;
003de:39;
003df:3e;
003e0:35;
003e1:3a;
003e2:2d;
003e3:25;
003e4:20;
003e5:20;
003e6:20;
003e7:20;
003e8:20;
003e9:20;
003ea:20;
003eb:33;
003ec:33;
003ed:2b;
003ee:43;
003ef:41;
003f0:3e;
003f1:3e;
003f2:4f;
003f3:6f;
003f4:73;
003f5:74;
003f6:73;
003f7:5c;
003f8:43;
003f9:3e;
003fa:39;
003fb:2d;
003fc:20;
003fd:25;
003fe:30;
003ff:2b;
00400:41;
00401:4d;
00402:43;
00403:43;
00404:3f;
00405:4b;
00406:60;
00407:56;
00408:4b;
00409:4a;
0040a:3a;
0040b:33;
0040c:38;
0040d:33;
0040e:33;
0040f:2c;
00410:33;
00411:43;
00412:60;
00413:74;
00414:5a;
00415:64;
00416:4b;
00417:44;
00418:35;
00419:2f;
0041a:27;
0041b:27;
0041c:1b;
0041d:1b;
0041e:1b;
0041f:26;
00420:26;
00421:26;
00422:33;
00423:22;
00424:2e;
00425:38;
00426:33;
00427:38;
00428:39;
00429:2d;
0042a:38;
0042b:38;
0042c:38;
0042d:33;
0042e:33;
0042f:33;
00430:33;
00431:33;
00432:39;
00433:38;
00434:39;
00435:39;
00436:2e;
00437:33;
00438:33;
00439:22;
0043a:20;
0043b:33;
0043c:20;
0043d:33;
0043e:20;
0043f:2e;
00440:20;
00441:20;
00442:26;
00443:20;
00444:20;
00445:20;
00446:13;
00447:20;
00448:17;
00449:17;
0044a:20;
0044b:20;
0044c:2e;
0044d:20;
0044e:20;
0044f:33;
00450:33;
00451:33;
00452:38;
00453:39;
00454:39;
00455:43;
00456:4b;
00457:74;
00458:92;
00459:84;
0045a:74;
0045b:56;
0045c:4b;
0045d:3f;
0045e:3f;
0045f:35;
00460:43;
00461:2d;
00462:25;
00463:33;
00464:2c;
00465:33;
00466:2c;
00467:33;
00468:2c;
00469:33;
0046a:33;
0046b:2c;
0046c:45;
0046d:2c;
0046e:33;
0046f:45;
00470:33;
00471:33;
00472:33;
00473:39;
00474:45;
00475:39;
00476:39;
00477:33;
00478:45;
00479:33;
0047a:33;
0047b:33;
0047c:33;
0047d:33;
0047e:33;
0047f:45;
00480:39;
00481:38;
00482:49;
00483:38;
00484:45;
00485:39;
00486:45;
00487:45;
00488:45;
00489:33;
0048a:45;
0048b:33;
0048c:33;
0048d:33;
0048e:33;
0048f:33;
00490:38;
00491:33;
00492:33;
00493:45;
00494:38;
00495:45;
00496:38;
00497:39;
00498:45;
00499:45;
0049a:33;
0049b:45;
0049c:33;
0049d:33;
0049e:33;
0049f:33;
004a0:33;
004a1:33;
004a2:39;
004a3:38;
004a4:38;
004a5:45;
004a6:33;
004a7:45;
004a8:39;
004a9:49;
004aa:49;
004ab:45;
004ac:49;
004ad:49;
004ae:49;
004af:45;
004b0:49;
004b1:49;
004b2:49;
004b3:49;
004b4:49;
004b5:49;
004b6:49;
004b7:5f;
004b8:5c;
004b9:5f;
004ba:5c;
004bb:5f;
004bc:6f;
004bd:71;
004be:71;
004bf:6f;
004c0:86;
004c1:86;
004c2:8a;
004c3:8a;
004c4:8a;
004c5:a5;
004c6:b2;
004c7:ca;
004c8:d4;
004c9:ea;
004ca:dd;
004cb:dc;
004cc:c6;
004cd:cc;
004ce:c5;
004cf:ec;
004d0:e7;
004d1:e4;
004d2:e7;
004d3:e4;
004d4:ec;
004d5:ec;
004d6:ec;
004d7:ec;
004d8:ec;
004d9:dd;
004da:cb;
004db:91;
004dc:8a;
004dd:8a;
004de:86;
004df:72;
004e0:5f;
004e1:5f;
004e2:5f;
004e3:4f;
004e4:5c;
004e5:4a;
004e6:49;
004e7:49;
004e8:49;
004e9:4a;
004ea:4f;
004eb:3e;
004ec:3e;
004ed:43;
004ee:43;
004ef:72;
004f0:5f;
004f1:4f;
004f2:4f;
004f3:4f;
004f4:49;
004f5:3e;
004f6:3e;
004f7:3e;
004f8:3e;
004f9:39;
004fa:39;
004fb:2d;
004fc:2d;
004fd:2d;
004fe:2d;
004ff:33;
00500:04;
00501:02;
00502:04;
00503:04;
00504:02;
00505:04;
00506:04;
00507:04;
00508:04;
00509:04;
0050a:04;
0050b:04;
0050c:04;
0050d:06;
0050e:06;
0050f:06;
00510:06;
00511:04;
00512:04;
00513:04;
00514:04;
00515:04;
00516:04;
00517:04;
00518:02;
00519:04;
0051a:02;
0051b:04;
0051c:04;
0051d:00;
0051e:06;
0051f:0a;
00520:06;
00521:04;
00522:04;
00523:04;
00524:06;
00525:04;
00526:04;
00527:04;
00528:04;
00529:04;
0052a:04;
0052b:04;
0052c:04;
0052d:04;
0052e:04;
0052f:06;
00530:06;
00531:06;
00532:0a;
00533:05;
00534:04;
00535:04;
00536:04;
00537:04;
00538:04;
00539:0a;
0053a:0c;
0053b:16;
0053c:0a;
0053d:16;
0053e:09;
0053f:0a;
00540:0a;
00541:06;
00542:04;
00543:04;
00544:04;
00545:04;
00546:06;
00547:06;
00548:06;
00549:0a;
0054a:04;
0054b:04;
0054c:04;
0054d:04;
0054e:04;
0054f:04;
00550:04;
00551:04;
00552:04;
00553:04;
00554:04;
00555:06;
00556:0a;
00557:0a;
00558:06;
00559:06;
0055a:06;
0055b:06;
0055c:0c;
0055d:0a;
0055e:0c;
0055f:0a;
00560:0a;
00561:06;
00562:06;
00563:06;
00564:06;
00565:06;
00566:04;
00567:06;
00568:04;
00569:06;
0056a:0a;
0056b:14;
0056c:15;
0056d:15;
0056e:0c;
0056f:06;
00570:06;
00571:06;
00572:06;
00573:04;
00574:06;
00575:04;
00576:04;
00577:06;
00578:0c;
00579:0c;
0057a:0c;
0057b:0c;
0057c:06;
0057d:06;
0057e:04;
0057f:05;
00580:04;
00581:06;
00582:04;
00583:06;
00584:04;
00585:06;
00586:0a;
00587:0c;
00588:0c;
00589:0c;
0058a:0c;
0058b:06;
0058c:06;
0058d:04;
0058e:04;
0058f:06;
00590:06;
00591:06;
00592:0c;
00593:0a;
00594:0a;
00595:06;
00596:0a;
00597:0c;
00598:0a;
00599:05;
0059a:0c;
0059b:06;
0059c:06;
0059d:06;
0059e:06;
0059f:06;
005a0:0c;
005a1:0c;
005a2:0c;
005a3:0c;
005a4:16;
005a5:0c;
005a6:0a;
005a7:06;
005a8:04;
005a9:06;
005aa:06;
005ab:0c;
005ac:16;
005ad:0c;
005ae:0c;
005af:05;
005b0:06;
005b1:06;
005b2:06;
005b3:06;
005b4:06;
005b5:16;
005b6:0c;
005b7:0c;
005b8:0a;
005b9:0a;
005ba:0a;
005bb:0c;
005bc:0a;
005bd:06;
005be:04;
005bf:02;
005c0:02;
005c1:04;
005c2:06;
005c3:0c;
005c4:0c;
005c5:15;
005c6:11;
005c7:16;
005c8:16;
005c9:0c;
005ca:0a;
005cb:0c;
005cc:0a;
005cd:09;
005ce:0a;
005cf:0c;
005d0:0c;
005d1:16;
005d2:15;
005d3:16;
005d4:0c;
005d5:06;
005d6:04;
005d7:06;
005d8:0c;
005d9:09;
005da:06;
005db:06;
005dc:06;
005dd:06;
005de:0a;
005df:0c;
005e0:06;
005e1:0a;
005e2:0c;
005e3:0a;
005e4:09;
005e5:06;
005e6:06;
005e7:04;
005e8:04;
005e9:06;
005ea:0c;
005eb:15;
005ec:1f;
005ed:1f;
005ee:15;
005ef:0c;
005f0:0c;
005f1:06;
005f2:0a;
005f3:0c;
005f4:16;
005f5:0c;
005f6:0c;
005f7:0b;
005f8:06;
005f9:06;
005fa:06;
005fb:0a;
005fc:0c;
005fd:11;
005fe:0c;
005ff:0c;
00600:0c;
00601:0c;
00602:16;
00603:11;
00604:0c;
00605:0a;
00606:06;
00607:06;
00608:06;
00609:06;
0060a:06;
0060b:16;
0060c:16;
0060d:15;
0060e:16;
0060f:16;
00610:0c;
00611:09;
00612:0a;
00613:0c;
00614:0c;
00615:0c;
00616:06;
00617:06;
00618:06;
00619:06;
0061a:0c;
0061b:0c;
0061c:11;
0061d:14;
0061e:11;
0061f:16;
00620:16;
00621:0c;
00622:09;
00623:06;
00624:06;
00625:0a;
00626:0a;
00627:09;
00628:06;
00629:04;
0062a:0a;
0062b:11;
0062c:1f;
0062d:22;
0062e:16;
0062f:0a;
00630:22;
00631:0a;
00632:0a;
00633:04;
00634:0a;
00635:04;
00636:04;
00637:06;
00638:0a;
00639:05;
0063a:0c;
0063b:0c;
0063c:06;
0063d:06;
0063e:06;
0063f:06;
00640:04;
00641:06;
00642:09;
00643:16;
00644:16;
00645:15;
00646:15;
00647:11;
00648:16;
00649:06;
0064a:0a;
0064b:0c;
0064c:06;
0064d:04;
0064e:0a;
0064f:0c;
00650:0a;
00651:0a;
00652:04;
00653:04;
00654:0f;
00655:0f;
00656:0a;
00657:0a;
00658:0a;
00659:11;
0065a:15;
0065b:16;
0065c:0a;
0065d:06;
0065e:04;
0065f:0c;
00660:15;
00661:15;
00662:0c;
00663:09;
00664:04;
00665:04;
00666:15;
00667:1f;
00668:0c;
00669:09;
0066a:04;
0066b:09;
0066c:06;
0066d:0a;
0066e:13;
0066f:16;
00670:1c;
00671:16;
00672:16;
00673:0b;
00674:0b;
00675:16;
00676:1f;
00677:1f;
00678:16;
00679:09;
0067a:06;
0067b:09;
0067c:16;
0067d:1f;
0067e:1f;
0067f:16;
00680:1c;
00681:11;
00682:11;
00683:0c;
00684:04;
00685:04;
00686:04;
00687:09;
00688:0a;
00689:13;
0068a:16;
0068b:13;
0068c:13;
0068d:16;
0068e:26;
0068f:1f;
00690:16;
00691:16;
00692:0a;
00693:09;
00694:0a;
00695:1f;
00696:1f;
00697:1f;
00698:1f;
00699:16;
0069a:09;
0069b:09;
0069c:16;
0069d:16;
0069e:1f;
0069f:0c;
006a0:09;
006a1:0a;
006a2:16;
006a3:14;
006a4:0a;
006a5:09;
006a6:09;
006a7:09;
006a8:16;
006a9:1f;
006aa:26;
006ab:1b;
006ac:13;
006ad:20;
006ae:1c;
006af:1c;
006b0:1f;
006b1:11;
006b2:1f;
006b3:16;
006b4:06;
006b5:09;
006b6:13;
006b7:2b;
006b8:1e;
006b9:26;
006ba:26;
006bb:28;
006bc:2b;
006bd:16;
006be:09;
006bf:0a;
006c0:16;
006c1:1f;
006c2:15;
006c3:11;
006c4:0b;
006c5:06;
006c6:06;
006c7:0b;
006c8:0c;
006c9:15;
006ca:1e;
006cb:1f;
006cc:1f;
006cd:1c;
006ce:26;
006cf:16;
006d0:13;
006d1:09;
006d2:06;
006d3:06;
006d4:06;
006d5:09;
006d6:09;
006d7:09;
006d8:0a;
006d9:1c;
006da:2b;
006db:1c;
006dc:1c;
006dd:16;
006de:14;
006df:09;
006e0:09;
006e1:09;
006e2:0c;
006e3:11;
006e4:1f;
006e5:15;
006e6:14;
006e7:1c;
006e8:1c;
006e9:16;
006ea:09;
006eb:09;
006ec:09;
006ed:0a;
006ee:11;
006ef:1f;
006f0:1f;
006f1:11;
006f2:09;
006f3:04;
006f4:16;
006f5:14;
006f6:14;
006f7:14;
006f8:1f;
006f9:14;
006fa:1f;
006fb:1f;
006fc:1f;
006fd:16;
006fe:06;
006ff:09;
00700:0a;
00701:14;
00702:1f;
00703:26;
00704:16;
00705:16;
00706:1c;
00707:1f;
00708:1f;
00709:18;
0070a:17;
0070b:16;
0070c:2b;
0070d:11;
0070e:0c;
0070f:06;
00710:06;
00711:06;
00712:0a;
00713:16;
00714:11;
00715:1f;
00716:1f;
00717:1f;
00718:11;
00719:1c;
0071a:1f;
0071b:1f;
0071c:16;
0071d:16;
0071e:09;
0071f:16;
00720:16;
00721:1f;
00722:1f;
00723:14;
00724:0c;
00725:16;
00726:15;
00727:16;
00728:1f;
00729:1f;
0072a:13;
0072b:16;
0072c:13;
0072d:1c;
0072e:1f;
0072f:1c;
00730:26;
00731:2b;
00732:1e;
00733:13;
00734:09;
00735:28;
00736:28;
00737:28;
00738:1c;
00739:13;
0073a:13;
0073b:16;
0073c:1f;
0073d:1f;
0073e:1f;
0073f:0a;
00740:1c;
00741:1f;
00742:1f;
00743:16;
00744:06;
00745:09;
00746:0c;
00747:1c;
00748:1f;
00749:28;
0074a:26;
0074b:28;
0074c:2b;
0074d:2b;
0074e:2b;
0074f:1e;
00750:13;
00751:13;
00752:09;
00753:13;
00754:2b;
00755:28;
00756:2b;
00757:2b;
00758:30;
00759:25;
0075a:3a;
0075b:35;
0075c:30;
0075d:16;
0075e:13;
0075f:09;
00760:16;
00761:16;
00762:26;
00763:13;
00764:26;
00765:2b;
00766:2b;
00767:30;
00768:26;
00769:2b;
0076a:2b;
0076b:2b;
0076c:2b;
0076d:1c;
0076e:13;
0076f:13;
00770:1c;
00771:34;
00772:34;
00773:1c;
00774:16;
00775:13;
00776:13;
00777:26;
00778:1c;
00779:1b;
0077a:20;
0077b:1c;
0077c:28;
0077d:20;
0077e:1c;
0077f:28;
00780:2b;
00781:25;
00782:13;
00783:25;
00784:20;
00785:13;
00786:2b;
00787:1f;
00788:1c;
00789:14;
0078a:16;
0078b:16;
0078c:1c;
0078d:2b;
0078e:2b;
0078f:2f;
00790:2f;
00791:30;
00792:2f;
00793:2d;
00794:13;
00795:13;
00796:16;
00797:16;
00798:1e;
00799:2b;
0079a:25;
0079b:1c;
0079c:20;
0079d:25;
0079e:30;
0079f:34;
007a0:30;
007a1:25;
007a2:13;
007a3:25;
007a4:30;
007a5:28;
007a6:28;
007a7:26;
007a8:13;
007a9:13;
007aa:13;
007ab:09;
007ac:13;
007ad:16;
007ae:1f;
007af:2b;
007b0:2b;
007b1:3a;
007b2:30;
007b3:30;
007b4:2d;
007b5:30;
007b6:1c;
007b7:17;
007b8:09;
007b9:06;
007ba:16;
007bb:1f;
007bc:29;
007bd:2b;
007be:20;
007bf:17;
007c0:13;
007c1:13;
007c2:1b;
007c3:26;
007c4:14;
007c5:13;
007c6:0b;
007c7:1f;
007c8:29;
007c9:1e;
007ca:1f;
007cb:14;
007cc:09;
007cd:13;
007ce:09;
007cf:13;
007d0:26;
007d1:34;
007d2:30;
007d3:30;
007d4:2d;
007d5:2f;
007d6:25;
007d7:25;
007d8:25;
007d9:25;
007da:28;
007db:30;
007dc:2b;
007dd:28;
007de:1c;
007df:13;
007e0:13;
007e1:13;
007e2:20;
007e3:26;
007e4:26;
007e5:2e;
007e6:2e;
007e7:30;
007e8:2f;
007e9:27;
007ea:27;
007eb:27;
007ec:25;
007ed:25;
007ee:26;
007ef:2b;
007f0:2b;
007f1:26;
007f2:20;
007f3:16;
007f4:26;
007f5:26;
007f6:30;
007f7:30;
007f8:2d;
007f9:30;
007fa:30;
007fb:2d;
007fc:1c;
007fd:16;
007fe:13;
007ff:26;
00800:35;
00801:3a;
00802:36;
00803:3a;
00804:35;
00805:35;
00806:3a;
00807:26;
00808:20;
00809:13;
0080a:20;
0080b:25;
0080c:26;
0080d:2f;
0080e:2e;
0080f:2d;
00810:1b;
00811:0b;
00812:14;
00813:14;
00814:09;
00815:20;
00816:2b;
00817:34;
00818:2b;
00819:30;
0081a:35;
0081b:35;
0081c:30;
0081d:25;
0081e:25;
0081f:26;
00820:2e;
00821:2b;
00822:1f;
00823:16;
00824:16;
00825:1c;
00826:1c;
00827:30;
00828:35;
00829:3e;
0082a:3e;
0082b:3e;
0082c:3e;
0082d:2d;
0082e:13;
0082f:09;
00830:09;
00831:09;
00832:11;
00833:29;
00834:34;
00835:34;
00836:39;
00837:2d;
00838:2d;
00839:30;
0083a:3a;
0083b:30;
0083c:30;
0083d:30;
0083e:1b;
0083f:20;
00840:17;
00841:1b;
00842:1b;
00843:25;
00844:1b;
00845:26;
00846:28;
00847:30;
00848:28;
00849:30;
0084a:26;
0084b:25;
0084c:25;
0084d:26;
0084e:25;
0084f:26;
00850:20;
00851:20;
00852:13;
00853:20;
00854:20;
00855:1c;
00856:28;
00857:26;
00858:30;
00859:28;
0085a:25;
0085b:2f;
0085c:35;
0085d:35;
0085e:36;
0085f:35;
00860:30;
00861:13;
00862:1b;
00863:26;
00864:20;
00865:35;
00866:34;
00867:34;
00868:36;
00869:2f;
0086a:35;
0086b:3a;
0086c:30;
0086d:2d;
0086e:25;
0086f:25;
00870:26;
00871:28;
00872:2b;
00873:34;
00874:19;
00875:22;
00876:11;
00877:13;
00878:13;
00879:2f;
0087a:35;
0087b:35;
0087c:35;
0087d:3a;
0087e:3a;
0087f:3a;
00880:3a;
00881:38;
00882:2d;
00883:30;
00884:3a;
00885:35;
00886:30;
00887:2f;
00888:35;
00889:34;
0088a:30;
0088b:26;
0088c:13;
0088d:09;
0088e:09;
0088f:18;
00890:13;
00891:18;
00892:2b;
00893:3a;
00894:3a;
00895:36;
00896:2d;
00897:3a;
00898:36;
00899:36;
0089a:30;
0089b:3a;
0089c:3a;
0089d:36;
0089e:3a;
0089f:3a;
008a0:3a;
008a1:2d;
008a2:30;
008a3:2e;
008a4:20;
008a5:20;
008a6:3a;
008a7:35;
008a8:3a;
008a9:3a;
008aa:36;
008ab:36;
008ac:3a;
008ad:3e;
008ae:36;
008af:36;
008b0:34;
008b1:2e;
008b2:20;
008b3:25;
008b4:2d;
008b5:2d;
008b6:30;
008b7:3a;
008b8:4a;
008b9:3f;
008ba:4a;
008bb:36;
008bc:36;
008bd:3e;
008be:3a;
008bf:43;
008c0:43;
008c1:43;
008c2:43;
008c3:3f;
008c4:3e;
008c5:3e;
008c6:3e;
008c7:3e;
008c8:3e;
008c9:49;
008ca:4a;
008cb:43;
008cc:41;
008cd:3e;
008ce:36;
008cf:36;
008d0:36;
008d1:35;
008d2:3e;
008d3:43;
008d4:4f;
008d5:4f;
008d6:49;
008d7:43;
008d8:3a;
008d9:2d;
008da:36;
008db:3a;
008dc:43;
008dd:3a;
008de:39;
008df:3e;
008e0:3a;
008e1:3a;
008e2:2d;
008e3:20;
008e4:20;
008e5:20;
008e6:20;
008e7:20;
008e8:20;
008e9:20;
008ea:20;
008eb:33;
008ec:20;
008ed:39;
008ee:39;
008ef:3e;
008f0:43;
008f1:4a;
008f2:60;
008f3:73;
008f4:73;
008f5:73;
008f6:60;
008f7:49;
008f8:39;
008f9:39;
008fa:2d;
008fb:2d;
008fc:25;
008fd:2e;
008fe:2e;
008ff:30;
00900:41;
00901:43;
00902:4a;
00903:4b;
00904:60;
00905:64;
00906:73;
00907:60;
00908:43;
00909:2e;
0090a:33;
0090b:38;
0090c:33;
0090d:21;
0090e:21;
0090f:33;
00910:4d;
00911:64;
00912:9f;
00913:73;
00914:64;
00915:4b;
00916:43;
00917:35;
00918:35;
00919:35;
0091a:2f;
0091b:1d;
0091c:1b;
0091d:1b;
0091e:13;
0091f:26;
00920:1f;
00921:16;
00922:22;
00923:22;
00924:2e;
00925:38;
00926:2c;
00927:2d;
00928:2d;
00929:2d;
0092a:2e;
0092b:3a;
0092c:38;
0092d:33;
0092e:2c;
0092f:33;
00930:20;
00931:33;
00932:38;
00933:2d;
00934:2e;
00935:2f;
00936:2e;
00937:26;
00938:20;
00939:18;
0093a:17;
0093b:20;
0093c:22;
0093d:20;
0093e:26;
0093f:22;
00940:25;
00941:20;
00942:20;
00943:20;
00944:20;
00945:16;
00946:13;
00947:17;
00948:17;
00949:17;
0094a:20;
0094b:2e;
0094c:20;
0094d:20;
0094e:33;
0094f:38;
00950:38;
00951:38;
00952:3e;
00953:43;
00954:3e;
00955:4a;
00956:74;
00957:84;
00958:84;
00959:79;
0095a:4b;
0095b:35;
0095c:30;
0095d:25;
0095e:20;
0095f:2f;
00960:2f;
00961:25;
00962:2d;
00963:22;
00964:22;
00965:2c;
00966:21;
00967:2c;
00968:33;
00969:2c;
0096a:45;
0096b:33;
0096c:38;
0096d:33;
0096e:45;
0096f:33;
00970:33;
00971:45;
00972:33;
00973:39;
00974:45;
00975:33;
00976:39;
00977:33;
00978:38;
00979:33;
0097a:33;
0097b:33;
0097c:45;
0097d:33;
0097e:33;
0097f:38;
00980:45;
00981:41;
00982:4d;
00983:41;
00984:41;
00985:45;
00986:45;
00987:33;
00988:45;
00989:33;
0098a:45;
0098b:33;
0098c:2d;
0098d:33;
0098e:33;
0098f:38;
00990:45;
00991:38;
00992:45;
00993:38;
00994:41;
00995:41;
00996:38;
00997:45;
00998:39;
00999:33;
0099a:38;
0099b:33;
0099c:38;
0099d:33;
0099e:33;
0099f:39;
009a0:36;
009a1:3a;
009a2:3a;
009a3:3a;
009a4:3a;
009a5:39;
009a6:39;
009a7:39;
009a8:39;
009a9:3e;
009aa:38;
009ab:3e;
009ac:3e;
009ad:49;
009ae:41;
009af:49;
009b0:41;
009b1:4a;
009b2:59;
009b3:53;
009b4:5f;
009b5:62;
009b6:53;
009b7:5f;
009b8:5f;
009b9:5f;
009ba:62;
009bb:71;
009bc:71;
009bd:62;
009be:72;
009bf:72;
009c0:86;
009c1:8a;
009c2:8a;
009c3:a2;
009c4:a5;
009c5:a3;
009c6:b2;
009c7:d4;
009c8:ea;
009c9:ea;
009ca:dd;
009cb:dd;
009cc:d6;
009cd:e7;
009ce:e7;
009cf:ed;
009d0:fb;
009d1:f4;
009d2:fb;
009d3:ed;
009d4:ed;
009d5:e4;
009d6:e4;
009d7:ec;
009d8:e1;
009d9:f2;
009da:e2;
009db:a6;
009dc:a5;
009dd:91;
009de:8a;
009df:8a;
009e0:72;
009e1:71;
009e2:5f;
009e3:5c;
009e4:5c;
009e5:5c;
009e6:49;
009e7:43;
009e8:4a;
009e9:5f;
009ea:43;
009eb:3e;
009ec:43;
009ed:53;
009ee:64;
009ef:b4;
009f0:93;
009f1:8c;
009f2:75;
009f3:55;
009f4:62;
009f5:4f;
009f6:4f;
009f7:3e;
009f8:3e;
009f9:36;
009fa:39;
009fb:39;
009fc:2d;
009fd:33;
009fe:33;
009ff:20;
00a00:02;
00a01:04;
00a02:04;
00a03:04;
00a04:04;
00a05:02;
00a06:04;
00a07:04;
00a08:04;
00a09:04;
00a0a:04;
00a0b:04;
00a0c:06;
00a0d:06;
00a0e:06;
00a0f:04;
00a10:04;
00a11:04;
00a12:04;
00a13:04;
00a14:04;
00a15:04;
00a16:04;
00a17:04;
00a18:02;
00a19:04;
00a1a:02;
00a1b:04;
00a1c:04;
00a1d:05;
00a1e:0a;
00a1f:05;
00a20:0a;
00a21:04;
00a22:04;
00a23:04;
00a24:04;
00a25:04;
00a26:04;
00a27:04;
00a28:04;
00a29:04;
00a2a:04;
00a2b:04;
00a2c:04;
00a2d:04;
00a2e:04;
00a2f:04;
00a30:06;
00a31:06;
00a32:06;
00a33:04;
00a34:06;
00a35:04;
00a36:04;
00a37:04;
00a38:09;
00a39:0a;
00a3a:0a;
00a3b:16;
00a3c:0a;
00a3d:09;
00a3e:0a;
00a3f:0b;
00a40:0a;
00a41:04;
00a42:04;
00a43:04;
00a44:04;
00a45:04;
00a46:06;
00a47:0a;
00a48:06;
00a49:06;
00a4a:04;
00a4b:04;
00a4c:02;
00a4d:02;
00a4e:04;
00a4f:04;
00a50:04;
00a51:04;
00a52:06;
00a53:04;
00a54:04;
00a55:06;
00a56:05;
00a57:0c;
00a58:05;
00a59:06;
00a5a:06;
00a5b:05;
00a5c:0c;
00a5d:0c;
00a5e:0a;
00a5f:0a;
00a60:06;
00a61:04;
00a62:06;
00a63:0a;
00a64:06;
00a65:06;
00a66:06;
00a67:04;
00a68:04;
00a69:06;
00a6a:0c;
00a6b:0c;
00a6c:15;
00a6d:11;
00a6e:06;
00a6f:06;
00a70:06;
00a71:06;
00a72:06;
00a73:06;
00a74:09;
00a75:04;
00a76:06;
00a77:06;
00a78:0c;
00a79:0c;
00a7a:0c;
00a7b:0a;
00a7c:06;
00a7d:04;
00a7e:04;
00a7f:04;
00a80:06;
00a81:04;
00a82:06;
00a83:04;
00a84:06;
00a85:06;
00a86:0c;
00a87:11;
00a88:0c;
00a89:0c;
00a8a:0a;
00a8b:06;
00a8c:06;
00a8d:04;
00a8e:04;
00a8f:06;
00a90:06;
00a91:06;
00a92:0c;
00a93:0a;
00a94:06;
00a95:0a;
00a96:0a;
00a97:05;
00a98:0c;
00a99:0c;
00a9a:0a;
00a9b:0c;
00a9c:04;
00a9d:06;
00a9e:06;
00a9f:0a;
00aa0:0c;
00aa1:0c;
00aa2:11;
00aa3:11;
00aa4:0c;
00aa5:0c;
00aa6:0a;
00aa7:06;
00aa8:06;
00aa9:06;
00aaa:06;
00aab:14;
00aac:11;
00aad:0c;
00aae:06;
00aaf:0a;
00ab0:06;
00ab1:06;
00ab2:06;
00ab3:0c;
00ab4:0c;
00ab5:16;
00ab6:11;
00ab7:0c;
00ab8:0a;
00ab9:06;
00aba:0a;
00abb:0a;
00abc:0a;
00abd:06;
00abe:04;
00abf:04;
00ac0:02;
00ac1:04;
00ac2:06;
00ac3:0c;
00ac4:16;
00ac5:14;
00ac6:16;
00ac7:0c;
00ac8:0c;
00ac9:0a;
00aca:0a;
00acb:09;
00acc:16;
00acd:0a;
00ace:0c;
00acf:0c;
00ad0:11;
00ad1:14;
00ad2:15;
00ad3:0c;
00ad4:06;
00ad5:04;
00ad6:04;
00ad7:06;
00ad8:0b;
00ad9:0c;
00ada:06;
00adb:06;
00adc:04;
00add:06;
00ade:06;
00adf:0c;
00ae0:0c;
00ae1:0c;
00ae2:0c;
00ae3:0a;
00ae4:06;
00ae5:06;
00ae6:04;
00ae7:04;
00ae8:04;
00ae9:06;
00aea:16;
00aeb:1f;
00aec:29;
00aed:1f;
00aee:16;
00aef:0c;
00af0:0a;
00af1:09;
00af2:0b;
00af3:16;
00af4:14;
00af5:16;
00af6:0c;
00af7:06;
00af8:06;
00af9:06;
00afa:06;
00afb:0c;
00afc:0c;
00afd:0c;
00afe:11;
00aff:0c;
00b00:0c;
00b01:16;
00b02:0c;
00b03:0c;
00b04:0a;
00b05:06;
00b06:06;
00b07:06;
00b08:06;
00b09:06;
00b0a:0c;
00b0b:16;
00b0c:16;
00b0d:1c;
00b0e:11;
00b0f:0c;
00b10:16;
00b11:0c;
00b12:0c;
00b13:11;
00b14:16;
00b15:06;
00b16:06;
00b17:04;
00b18:04;
00b19:06;
00b1a:0c;
00b1b:11;
00b1c:0c;
00b1d:0c;
00b1e:16;
00b1f:0c;
00b20:0c;
00b21:0c;
00b22:09;
00b23:06;
00b24:09;
00b25:0c;
00b26:0a;
00b27:09;
00b28:09;
00b29:04;
00b2a:16;
00b2b:11;
00b2c:1f;
00b2d:11;
00b2e:16;
00b2f:11;
00b30:18;
00b31:0a;
00b32:04;
00b33:0a;
00b34:04;
00b35:0a;
00b36:04;
00b37:04;
00b38:06;
00b39:06;
00b3a:05;
00b3b:0a;
00b3c:06;
00b3d:06;
00b3e:06;
00b3f:04;
00b40:06;
00b41:04;
00b42:06;
00b43:16;
00b44:1f;
00b45:1f;
00b46:15;
00b47:16;
00b48:0c;
00b49:0a;
00b4a:0c;
00b4b:0a;
00b4c:04;
00b4d:09;
00b4e:11;
00b4f:11;
00b50:16;
00b51:0a;
00b52:04;
00b53:0f;
00b54:04;
00b55:04;
00b56:0a;
00b57:11;
00b58:11;
00b59:15;
00b5a:11;
00b5b:16;
00b5c:06;
00b5d:04;
00b5e:0a;
00b5f:0c;
00b60:1f;
00b61:15;
00b62:0a;
00b63:06;
00b64:09;
00b65:0a;
00b66:1f;
00b67:15;
00b68:0c;
00b69:06;
00b6a:04;
00b6b:0a;
00b6c:0c;
00b6d:09;
00b6e:13;
00b6f:16;
00b70:14;
00b71:16;
00b72:13;
00b73:09;
00b74:16;
00b75:14;
00b76:1f;
00b77:16;
00b78:09;
00b79:09;
00b7a:04;
00b7b:09;
00b7c:16;
00b7d:1f;
00b7e:1f;
00b7f:1f;
00b80:1c;
00b81:15;
00b82:11;
00b83:06;
00b84:04;
00b85:04;
00b86:06;
00b87:09;
00b88:16;
00b89:16;
00b8a:16;
00b8b:16;
00b8c:17;
00b8d:1c;
00b8e:16;
00b8f:16;
00b90:14;
00b91:16;
00b92:09;
00b93:06;
00b94:0a;
00b95:15;
00b96:1f;
00b97:1f;
00b98:1f;
00b99:16;
00b9a:09;
00b9b:0c;
00b9c:16;
00b9d:14;
00b9e:11;
00b9f:0a;
00ba0:09;
00ba1:0c;
00ba2:16;
00ba3:16;
00ba4:0a;
00ba5:09;
00ba6:06;
00ba7:09;
00ba8:16;
00ba9:1c;
00baa:1b;
00bab:20;
00bac:1c;
00bad:1c;
00bae:26;
00baf:1f;
00bb0:1f;
00bb1:1c;
00bb2:14;
00bb3:0a;
00bb4:09;
00bb5:09;
00bb6:14;
00bb7:2b;
00bb8:26;
00bb9:1c;
00bba:26;
00bbb:34;
00bbc:26;
00bbd:16;
00bbe:0a;
00bbf:0a;
00bc0:0c;
00bc1:1f;
00bc2:1f;
00bc3:0c;
00bc4:0b;
00bc5:06;
00bc6:09;
00bc7:0c;
00bc8:14;
00bc9:14;
00bca:1f;
00bcb:14;
00bcc:1c;
00bcd:1f;
00bce:1c;
00bcf:20;
00bd0:09;
00bd1:09;
00bd2:04;
00bd3:06;
00bd4:09;
00bd5:0a;
00bd6:0a;
00bd7:16;
00bd8:16;
00bd9:16;
00bda:2b;
00bdb:16;
00bdc:13;
00bdd:16;
00bde:16;
00bdf:09;
00be0:06;
00be1:0a;
00be2:0c;
00be3:15;
00be4:15;
00be5:16;
00be6:14;
00be7:1c;
00be8:14;
00be9:0b;
00bea:09;
00beb:06;
00bec:0a;
00bed:16;
00bee:1f;
00bef:16;
00bf0:11;
00bf1:0c;
00bf2:09;
00bf3:09;
00bf4:16;
00bf5:1f;
00bf6:1f;
00bf7:1c;
00bf8:1f;
00bf9:15;
00bfa:1f;
00bfb:1f;
00bfc:14;
00bfd:0c;
00bfe:09;
00bff:09;
00c00:16;
00c01:16;
00c02:1c;
00c03:16;
00c04:13;
00c05:16;
00c06:22;
00c07:1f;
00c08:1f;
00c09:20;
00c0a:16;
00c0b:22;
00c0c:2b;
00c0d:0c;
00c0e:0c;
00c0f:06;
00c10:06;
00c11:04;
00c12:0c;
00c13:16;
00c14:16;
00c15:1f;
00c16:1c;
00c17:16;
00c18:1f;
00c19:1f;
00c1a:1f;
00c1b:1c;
00c1c:16;
00c1d:0b;
00c1e:09;
00c1f:0b;
00c20:16;
00c21:1e;
00c22:1f;
00c23:16;
00c24:16;
00c25:16;
00c26:1f;
00c27:1f;
00c28:1f;
00c29:1f;
00c2a:09;
00c2b:1c;
00c2c:16;
00c2d:1c;
00c2e:1c;
00c2f:1c;
00c30:1e;
00c31:2b;
00c32:1f;
00c33:13;
00c34:09;
00c35:2b;
00c36:2b;
00c37:28;
00c38:1c;
00c39:13;
00c3a:13;
00c3b:1f;
00c3c:1f;
00c3d:1f;
00c3e:1f;
00c3f:16;
00c40:1f;
00c41:1f;
00c42:15;
00c43:0c;
00c44:09;
00c45:09;
00c46:16;
00c47:1c;
00c48:1c;
00c49:26;
00c4a:28;
00c4b:28;
00c4c:2b;
00c4d:29;
00c4e:2b;
00c4f:1c;
00c50:13;
00c51:09;
00c52:09;
00c53:13;
00c54:2b;
00c55:30;
00c56:2b;
00c57:2b;
00c58:30;
00c59:25;
00c5a:30;
00c5b:30;
00c5c:30;
00c5d:0a;
00c5e:16;
00c5f:09;
00c60:16;
00c61:1f;
00c62:26;
00c63:1c;
00c64:2b;
00c65:2b;
00c66:2b;
00c67:28;
00c68:28;
00c69:28;
00c6a:2b;
00c6b:2b;
00c6c:2b;
00c6d:13;
00c6e:13;
00c6f:1b;
00c70:1f;
00c71:34;
00c72:2b;
00c73:26;
00c74:1b;
00c75:20;
00c76:1c;
00c77:2b;
00c78:2b;
00c79:26;
00c7a:28;
00c7b:2b;
00c7c:34;
00c7d:28;
00c7e:28;
00c7f:30;
00c80:2b;
00c81:25;
00c82:25;
00c83:1b;
00c84:1b;
00c85:1b;
00c86:30;
00c87:1f;
00c88:1c;
00c89:16;
00c8a:16;
00c8b:0b;
00c8c:16;
00c8d:2b;
00c8e:34;
00c8f:2d;
00c90:30;
00c91:3a;
00c92:30;
00c93:2d;
00c94:20;
00c95:13;
00c96:16;
00c97:1f;
00c98:1f;
00c99:2b;
00c9a:26;
00c9b:25;
00c9c:26;
00c9d:26;
00c9e:34;
00c9f:3f;
00ca0:30;
00ca1:25;
00ca2:20;
00ca3:26;
00ca4:28;
00ca5:30;
00ca6:26;
00ca7:26;
00ca8:20;
00ca9:13;
00caa:13;
00cab:09;
00cac:09;
00cad:16;
00cae:22;
00caf:30;
00cb0:2b;
00cb1:3a;
00cb2:30;
00cb3:36;
00cb4:2e;
00cb5:25;
00cb6:20;
00cb7:09;
00cb8:09;
00cb9:04;
00cba:1f;
00cbb:2b;
00cbc:31;
00cbd:2b;
00cbe:20;
00cbf:20;
00cc0:13;
00cc1:13;
00cc2:1b;
00cc3:1e;
00cc4:13;
00cc5:0b;
00cc6:16;
00cc7:26;
00cc8:29;
00cc9:1e;
00cca:1c;
00ccb:16;
00ccc:13;
00ccd:13;
00cce:17;
00ccf:13;
00cd0:28;
00cd1:34;
00cd2:30;
00cd3:2f;
00cd4:2e;
00cd5:2f;
00cd6:25;
00cd7:25;
00cd8:25;
00cd9:26;
00cda:30;
00cdb:28;
00cdc:28;
00cdd:26;
00cde:1c;
00cdf:13;
00ce0:13;
00ce1:13;
00ce2:26;
00ce3:26;
00ce4:30;
00ce5:30;
00ce6:30;
00ce7:2b;
00ce8:30;
00ce9:30;
00cea:2f;
00ceb:28;
00cec:26;
00ced:25;
00cee:28;
00cef:2b;
00cf0:2b;
00cf1:1f;
00cf2:20;
00cf3:20;
00cf4:1c;
00cf5:30;
00cf6:2b;
00cf7:30;
00cf8:2d;
00cf9:2f;
00cfa:2d;
00cfb:25;
00cfc:13;
00cfd:13;
00cfe:16;
00cff:25;
00d00:2b;
00d01:36;
00d02:36;
00d03:36;
00d04:36;
00d05:3a;
00d06:35;
00d07:30;
00d08:26;
00d09:20;
00d0a:1b;
00d0b:30;
00d0c:30;
00d0d:30;
00d0e:30;
00d0f:2d;
00d10:1b;
00d11:14;
00d12:0b;
00d13:1c;
00d14:13;
00d15:1f;
00d16:2b;
00d17:34;
00d18:3a;
00d19:3a;
00d1a:34;
00d1b:35;
00d1c:2f;
00d1d:25;
00d1e:25;
00d1f:2d;
00d20:2b;
00d21:2b;
00d22:2e;
00d23:16;
00d24:1c;
00d25:16;
00d26:13;
00d27:30;
00d28:35;
00d29:43;
00d2a:3e;
00d2b:3e;
00d2c:36;
00d2d:25;
00d2e:20;
00d2f:09;
00d30:0b;
00d31:09;
00d32:22;
00d33:29;
00d34:3f;
00d35:3a;
00d36:36;
00d37:2d;
00d38:30;
00d39:35;
00d3a:34;
00d3b:34;
00d3c:35;
00d3d:30;
00d3e:26;
00d3f:1b;
00d40:13;
00d41:25;
00d42:1c;
00d43:27;
00d44:25;
00d45:26;
00d46:28;
00d47:30;
00d48:30;
00d49:26;
00d4a:1b;
00d4b:20;
00d4c:2e;
00d4d:30;
00d4e:30;
00d4f:26;
00d50:25;
00d51:20;
00d52:20;
00d53:13;
00d54:25;
00d55:26;
00d56:26;
00d57:28;
00d58:28;
00d59:30;
00d5a:25;
00d5b:2d;
00d5c:30;
00d5d:3a;
00d5e:36;
00d5f:36;
00d60:30;
00d61:13;
00d62:20;
00d63:25;
00d64:20;
00d65:34;
00d66:34;
00d67:30;
00d68:30;
00d69:2d;
00d6a:34;
00d6b:35;
00d6c:30;
00d6d:2d;
00d6e:25;
00d6f:20;
00d70:25;
00d71:30;
00d72:2b;
00d73:2b;
00d74:1f;
00d75:11;
00d76:22;
00d77:13;
00d78:13;
00d79:2f;
00d7a:3a;
00d7b:35;
00d7c:3a;
00d7d:36;
00d7e:3a;
00d7f:3a;
00d80:39;
00d81:2e;
00d82:2d;
00d83:36;
00d84:2b;
00d85:35;
00d86:35;
00d87:2f;
00d88:35;
00d89:3a;
00d8a:30;
00d8b:26;
00d8c:20;
00d8d:09;
00d8e:17;
00d8f:09;
00d90:16;
00d91:20;
00d92:2b;
00d93:34;
00d94:3a;
00d95:3a;
00d96:36;
00d97:3a;
00d98:36;
00d99:36;
00d9a:30;
00d9b:3a;
00d9c:3a;
00d9d:36;
00d9e:36;
00d9f:3a;
00da0:3a;
00da1:2d;
00da2:3a;
00da3:2e;
00da4:20;
00da5:33;
00da6:34;
00da7:34;
00da8:3f;
00da9:3a;
00daa:3a;
00dab:3a;
00dac:3e;
00dad:35;
00dae:3e;
00daf:3e;
00db0:3f;
00db1:30;
00db2:20;
00db3:2d;
00db4:25;
00db5:2d;
00db6:36;
00db7:3a;
00db8:3f;
00db9:3f;
00dba:3f;
00dbb:36;
00dbc:39;
00dbd:3e;
00dbe:3a;
00dbf:43;
00dc0:3f;
00dc1:43;
00dc2:3e;
00dc3:43;
00dc4:43;
00dc5:43;
00dc6:43;
00dc7:3e;
00dc8:49;
00dc9:43;
00dca:4a;
00dcb:4a;
00dcc:43;
00dcd:3e;
00dce:36;
00dcf:36;
00dd0:36;
00dd1:35;
00dd2:43;
00dd3:43;
00dd4:4f;
00dd5:4f;
00dd6:4f;
00dd7:49;
00dd8:30;
00dd9:2d;
00dda:3a;
00ddb:43;
00ddc:43;
00ddd:3e;
00dde:39;
00ddf:36;
00de0:3e;
00de1:3a;
00de2:30;
00de3:20;
00de4:17;
00de5:09;
00de6:17;
00de7:17;
00de8:17;
00de9:20;
00dea:33;
00deb:2d;
00dec:36;
00ded:3e;
00dee:3e;
00def:4a;
00df0:4a;
00df1:60;
00df2:73;
00df3:6f;
00df4:5c;
00df5:4f;
00df6:49;
00df7:39;
00df8:39;
00df9:33;
00dfa:2d;
00dfb:33;
00dfc:1b;
00dfd:25;
00dfe:30;
00dff:41;
00e00:48;
00e01:60;
00e02:60;
00e03:74;
00e04:64;
00e05:64;
00e06:4b;
00e07:43;
00e08:39;
00e09:33;
00e0a:2c;
00e0b:33;
00e0c:2c;
00e0d:21;
00e0e:45;
00e0f:5c;
00e10:74;
00e11:84;
00e12:79;
00e13:4b;
00e14:3e;
00e15:36;
00e16:44;
00e17:44;
00e18:35;
00e19:2f;
00e1a:25;
00e1b:1d;
00e1c:1b;
00e1d:1b;
00e1e:1b;
00e1f:1c;
00e20:1f;
00e21:26;
00e22:22;
00e23:26;
00e24:3b;
00e25:2e;
00e26:33;
00e27:33;
00e28:30;
00e29:2d;
00e2a:30;
00e2b:2e;
00e2c:33;
00e2d:20;
00e2e:21;
00e2f:33;
00e30:38;
00e31:33;
00e32:2e;
00e33:2d;
00e34:2d;
00e35:2d;
00e36:2e;
00e37:2e;
00e38:2e;
00e39:18;
00e3a:18;
00e3b:17;
00e3c:20;
00e3d:22;
00e3e:2e;
00e3f:2e;
00e40:22;
00e41:1c;
00e42:20;
00e43:16;
00e44:20;
00e45:20;
00e46:20;
00e47:13;
00e48:17;
00e49:17;
00e4a:26;
00e4b:2e;
00e4c:33;
00e4d:33;
00e4e:38;
00e4f:4a;
00e50:4b;
00e51:60;
00e52:60;
00e53:4b;
00e54:53;
00e55:55;
00e56:92;
00e57:84;
00e58:60;
00e59:44;
00e5a:35;
00e5b:2d;
00e5c:25;
00e5d:20;
00e5e:20;
00e5f:2f;
00e60:35;
00e61:25;
00e62:25;
00e63:33;
00e64:22;
00e65:22;
00e66:2c;
00e67:33;
00e68:2c;
00e69:33;
00e6a:2c;
00e6b:2c;
00e6c:33;
00e6d:45;
00e6e:3b;
00e6f:38;
00e70:45;
00e71:38;
00e72:45;
00e73:39;
00e74:39;
00e75:39;
00e76:41;
00e77:38;
00e78:38;
00e79:45;
00e7a:33;
00e7b:45;
00e7c:33;
00e7d:38;
00e7e:45;
00e7f:41;
00e80:38;
00e81:41;
00e82:4d;
00e83:41;
00e84:41;
00e85:3e;
00e86:45;
00e87:38;
00e88:45;
00e89:38;
00e8a:41;
00e8b:38;
00e8c:33;
00e8d:33;
00e8e:33;
00e8f:33;
00e90:33;
00e91:33;
00e92:33;
00e93:38;
00e94:4d;
00e95:41;
00e96:41;
00e97:41;
00e98:41;
00e99:41;
00e9a:41;
00e9b:41;
00e9c:41;
00e9d:41;
00e9e:38;
00e9f:3a;
00ea0:30;
00ea1:39;
00ea2:2d;
00ea3:2d;
00ea4:39;
00ea5:2d;
00ea6:39;
00ea7:3a;
00ea8:43;
00ea9:4d;
00eaa:43;
00eab:49;
00eac:41;
00ead:43;
00eae:49;
00eaf:3e;
00eb0:49;
00eb1:5c;
00eb2:4a;
00eb3:5f;
00eb4:62;
00eb5:5f;
00eb6:5f;
00eb7:5f;
00eb8:5f;
00eb9:5f;
00eba:5f;
00ebb:62;
00ebc:6f;
00ebd:72;
00ebe:90;
00ebf:86;
00ec0:86;
00ec1:8a;
00ec2:8a;
00ec3:a2;
00ec4:a2;
00ec5:a5;
00ec6:b2;
00ec7:ca;
00ec8:dd;
00ec9:dd;
00eca:dd;
00ecb:dd;
00ecc:e4;
00ecd:ed;
00ece:fd;
00ecf:fd;
00ed0:fd;
00ed1:fd;
00ed2:fd;
00ed3:fd;
00ed4:fb;
00ed5:fb;
00ed6:e4;
00ed7:f7;
00ed8:f7;
00ed9:f7;
00eda:e1;
00edb:cb;
00edc:b3;
00edd:a6;
00ede:a5;
00edf:91;
00ee0:75;
00ee1:72;
00ee2:5f;
00ee3:71;
00ee4:60;
00ee5:5c;
00ee6:49;
00ee7:4f;
00ee8:49;
00ee9:4f;
00eea:3e;
00eeb:3e;
00eec:53;
00eed:79;
00eee:af;
00eef:ed;
00ef0:de;
00ef1:bf;
00ef2:be;
00ef3:93;
00ef4:8b;
00ef5:67;
00ef6:62;
00ef7:4f;
00ef8:43;
00ef9:3e;
00efa:36;
00efb:2d;
00efc:2d;
00efd:2d;
00efe:20;
00eff:33;
00f00:04;
00f01:04;
00f02:04;
00f03:04;
00f04:02;
00f05:04;
00f06:04;
00f07:04;
00f08:06;
00f09:04;
00f0a:04;
00f0b:04;
00f0c:04;
00f0d:04;
00f0e:04;
00f0f:04;
00f10:04;
00f11:04;
00f12:04;
00f13:04;
00f14:04;
00f15:04;
00f16:04;
00f17:04;
00f18:02;
00f19:04;
00f1a:02;
00f1b:04;
00f1c:04;
00f1d:0a;
00f1e:05;
00f1f:06;
00f20:04;
00f21:04;
00f22:04;
00f23:04;
00f24:04;
00f25:04;
00f26:04;
00f27:04;
00f28:04;
00f29:04;
00f2a:06;
00f2b:04;
00f2c:04;
00f2d:04;
00f2e:04;
00f2f:04;
00f30:04;
00f31:04;
00f32:0a;
00f33:04;
00f34:04;
00f35:04;
00f36:04;
00f37:06;
00f38:0a;
00f39:0c;
00f3a:16;
00f3b:16;
00f3c:0a;
00f3d:16;
00f3e:0a;
00f3f:0a;
00f40:06;
00f41:04;
00f42:04;
00f43:04;
00f44:04;
00f45:06;
00f46:0a;
00f47:06;
00f48:0a;
00f49:06;
00f4a:00;
00f4b:02;
00f4c:02;
00f4d:04;
00f4e:04;
00f4f:04;
00f50:06;
00f51:04;
00f52:04;
00f53:04;
00f54:04;
00f55:06;
00f56:0a;
00f57:0c;
00f58:0c;
00f59:06;
00f5a:0c;
00f5b:0c;
00f5c:0a;
00f5d:05;
00f5e:0a;
00f5f:04;
00f60:04;
00f61:06;
00f62:0a;
00f63:06;
00f64:06;
00f65:04;
00f66:06;
00f67:06;
00f68:06;
00f69:0a;
00f6a:0c;
00f6b:14;
00f6c:0c;
00f6d:06;
00f6e:04;
00f6f:04;
00f70:04;
00f71:06;
00f72:06;
00f73:06;
00f74:04;
00f75:06;
00f76:06;
00f77:0a;
00f78:11;
00f79:0c;
00f7a:0a;
00f7b:06;
00f7c:04;
00f7d:04;
00f7e:04;
00f7f:06;
00f80:04;
00f81:04;
00f82:06;
00f83:04;
00f84:06;
00f85:06;
00f86:11;
00f87:0c;
00f88:0c;
00f89:0a;
00f8a:06;
00f8b:06;
00f8c:04;
00f8d:04;
00f8e:06;
00f8f:06;
00f90:06;
00f91:09;
00f92:06;
00f93:0c;
00f94:0c;
00f95:0c;
00f96:11;
00f97:0c;
00f98:11;
00f99:0c;
00f9a:0a;
00f9b:06;
00f9c:04;
00f9d:06;
00f9e:06;
00f9f:06;
00fa0:0a;
00fa1:0c;
00fa2:0c;
00fa3:0c;
00fa4:0c;
00fa5:0a;
00fa6:06;
00fa7:06;
00fa8:06;
00fa9:0c;
00faa:0c;
00fab:11;
00fac:0c;
00fad:06;
00fae:05;
00faf:06;
00fb0:06;
00fb1:06;
00fb2:0c;
00fb3:16;
00fb4:15;
00fb5:11;
00fb6:0c;
00fb7:0a;
00fb8:06;
00fb9:06;
00fba:06;
00fbb:06;
00fbc:00;
00fbd:04;
00fbe:04;
00fbf:04;
00fc0:06;
00fc1:06;
00fc2:0c;
00fc3:14;
00fc4:0c;
00fc5:16;
00fc6:0c;
00fc7:0c;
00fc8:0a;
00fc9:06;
00fca:09;
00fcb:0c;
00fcc:0c;
00fcd:0c;
00fce:16;
00fcf:15;
00fd0:14;
00fd1:11;
00fd2:16;
00fd3:06;
00fd4:04;
00fd5:04;
00fd6:06;
00fd7:0a;
00fd8:0c;
00fd9:09;
00fda:06;
00fdb:04;
00fdc:06;
00fdd:06;
00fde:0a;
00fdf:0c;
00fe0:11;
00fe1:0c;
00fe2:0c;
00fe3:06;
00fe4:04;
00fe5:06;
00fe6:04;
00fe7:04;
00fe8:04;
00fe9:0c;
00fea:14;
00feb:1f;
00fec:1f;
00fed:15;
00fee:0c;
00fef:0a;
00ff0:0b;
00ff1:09;
00ff2:0c;
00ff3:16;
00ff4:15;
00ff5:0c;
00ff6:0c;
00ff7:06;
00ff8:04;
00ff9:06;
00ffa:09;
00ffb:0c;
00ffc:0c;
00ffd:0c;
00ffe:0c;
00fff:0c;
01000:0c;
01001:0c;
01002:0c;
01003:0a;
01004:06;
01005:06;
01006:06;
01007:0a;
01008:06;
01009:09;
0100a:0c;
0100b:16;
0100c:15;
0100d:11;
0100e:16;
0100f:16;
01010:0c;
01011:16;
01012:11;
01013:16;
01014:0c;
01015:04;
01016:06;
01017:04;
01018:06;
01019:0c;
0101a:11;
0101b:0c;
0101c:0c;
0101d:0c;
0101e:0c;
0101f:16;
01020:16;
01021:0c;
01022:09;
01023:09;
01024:16;
01025:0c;
01026:0a;
01027:09;
01028:09;
01029:09;
0102a:11;
0102b:22;
0102c:1f;
0102d:0a;
0102e:11;
0102f:11;
01030:18;
01031:0a;
01032:0a;
01033:0a;
01034:0a;
01035:0a;
01036:06;
01037:04;
01038:04;
01039:06;
0103a:06;
0103b:06;
0103c:06;
0103d:06;
0103e:06;
0103f:06;
01040:04;
01041:09;
01042:09;
01043:15;
01044:1f;
01045:15;
01046:0a;
01047:09;
01048:0a;
01049:15;
0104a:16;
0104b:09;
0104c:09;
0104d:0a;
0104e:15;
0104f:11;
01050:0a;
01051:04;
01052:09;
01053:04;
01054:04;
01055:0f;
01056:0a;
01057:11;
01058:1f;
01059:1f;
0105a:11;
0105b:09;
0105c:04;
0105d:09;
0105e:0c;
0105f:16;
01060:15;
01061:0c;
01062:09;
01063:06;
01064:0a;
01065:1f;
01066:19;
01067:16;
01068:06;
01069:04;
0106a:09;
0106b:09;
0106c:0c;
0106d:16;
0106e:14;
0106f:1c;
01070:16;
01071:13;
01072:13;
01073:13;
01074:1c;
01075:1c;
01076:1c;
01077:16;
01078:09;
01079:09;
0107a:09;
0107b:09;
0107c:13;
0107d:16;
0107e:1c;
0107f:1e;
01080:1c;
01081:15;
01082:11;
01083:0a;
01084:04;
01085:04;
01086:0a;
01087:16;
01088:1f;
01089:1f;
0108a:1f;
0108b:16;
0108c:13;
0108d:1c;
0108e:16;
0108f:16;
01090:16;
01091:16;
01092:09;
01093:06;
01094:16;
01095:1f;
01096:1f;
01097:15;
01098:16;
01099:0c;
0109a:16;
0109b:16;
0109c:1f;
0109d:16;
0109e:16;
0109f:09;
010a0:09;
010a1:16;
010a2:16;
010a3:16;
010a4:09;
010a5:09;
010a6:09;
010a7:16;
010a8:1f;
010a9:16;
010aa:25;
010ab:26;
010ac:26;
010ad:1c;
010ae:1e;
010af:2b;
010b0:1f;
010b1:1f;
010b2:06;
010b3:09;
010b4:06;
010b5:09;
010b6:1f;
010b7:29;
010b8:1c;
010b9:20;
010ba:28;
010bb:2b;
010bc:13;
010bd:18;
010be:0a;
010bf:16;
010c0:11;
010c1:1f;
010c2:15;
010c3:0c;
010c4:06;
010c5:06;
010c6:0b;
010c7:14;
010c8:14;
010c9:14;
010ca:14;
010cb:14;
010cc:1c;
010cd:1f;
010ce:1c;
010cf:13;
010d0:09;
010d1:04;
010d2:04;
010d3:0a;
010d4:0a;
010d5:16;
010d6:16;
010d7:16;
010d8:1c;
010d9:16;
010da:16;
010db:13;
010dc:13;
010dd:13;
010de:09;
010df:09;
010e0:0b;
010e1:16;
010e2:15;
010e3:15;
010e4:15;
010e5:14;
010e6:1c;
010e7:14;
010e8:14;
010e9:09;
010ea:06;
010eb:09;
010ec:0c;
010ed:1f;
010ee:1f;
010ef:0c;
010f0:16;
010f1:0a;
010f2:0f;
010f3:06;
010f4:1f;
010f5:1f;
010f6:2b;
010f7:1e;
010f8:1c;
010f9:1f;
010fa:1f;
010fb:1f;
010fc:16;
010fd:09;
010fe:09;
010ff:16;
01100:14;
01101:1f;
01102:1c;
01103:17;
01104:16;
01105:16;
01106:1c;
01107:1f;
01108:26;
01109:1f;
0110a:1f;
0110b:1f;
0110c:2b;
0110d:06;
0110e:06;
0110f:06;
01110:06;
01111:06;
01112:16;
01113:1f;
01114:1f;
01115:22;
01116:0a;
01117:1f;
01118:1f;
01119:1f;
0111a:1f;
0111b:1f;
0111c:09;
0111d:09;
0111e:06;
0111f:09;
01120:09;
01121:1f;
01122:16;
01123:16;
01124:16;
01125:0c;
01126:14;
01127:1f;
01128:1f;
01129:0c;
0112a:09;
0112b:1f;
0112c:16;
0112d:1c;
0112e:1f;
0112f:26;
01130:1e;
01131:1f;
01132:1c;
01133:09;
01134:13;
01135:2b;
01136:28;
01137:1c;
01138:13;
01139:13;
0113a:16;
0113b:1f;
0113c:2b;
0113d:1f;
0113e:22;
0113f:16;
01140:1f;
01141:1f;
01142:16;
01143:0b;
01144:09;
01145:0c;
01146:14;
01147:14;
01148:14;
01149:1b;
0114a:28;
0114b:2b;
0114c:34;
0114d:29;
0114e:2b;
0114f:14;
01150:09;
01151:09;
01152:0b;
01153:13;
01154:2b;
01155:28;
01156:2b;
01157:30;
01158:30;
01159:25;
0115a:35;
0115b:30;
0115c:25;
0115d:09;
0115e:16;
0115f:13;
01160:16;
01161:2b;
01162:2b;
01163:16;
01164:2b;
01165:34;
01166:34;
01167:26;
01168:26;
01169:26;
0116a:2b;
0116b:28;
0116c:1c;
0116d:13;
0116e:13;
0116f:16;
01170:1e;
01171:34;
01172:2b;
01173:26;
01174:1c;
01175:1c;
01176:28;
01177:2b;
01178:2b;
01179:2b;
0117a:34;
0117b:31;
0117c:48;
0117d:34;
0117e:2b;
0117f:34;
01180:34;
01181:1c;
01182:1c;
01183:1b;
01184:26;
01185:30;
01186:2b;
01187:2b;
01188:1c;
01189:16;
0118a:0b;
0118b:0a;
0118c:1c;
0118d:29;
0118e:34;
0118f:30;
01190:34;
01191:3f;
01192:3a;
01193:2f;
01194:20;
01195:13;
01196:1c;
01197:1f;
01198:29;
01199:30;
0119a:20;
0119b:26;
0119c:28;
0119d:30;
0119e:34;
0119f:48;
011a0:34;
011a1:26;
011a2:20;
011a3:30;
011a4:2b;
011a5:34;
011a6:28;
011a7:26;
011a8:13;
011a9:13;
011aa:13;
011ab:09;
011ac:13;
011ad:18;
011ae:26;
011af:2e;
011b0:2b;
011b1:3a;
011b2:30;
011b3:30;
011b4:25;
011b5:25;
011b6:13;
011b7:09;
011b8:09;
011b9:09;
011ba:1f;
011bb:29;
011bc:31;
011bd:34;
011be:20;
011bf:18;
011c0:20;
011c1:13;
011c2:26;
011c3:1e;
011c4:13;
011c5:13;
011c6:0b;
011c7:1e;
011c8:29;
011c9:2b;
011ca:1c;
011cb:16;
011cc:09;
011cd:13;
011ce:13;
011cf:20;
011d0:2b;
011d1:3f;
011d2:34;
011d3:2f;
011d4:2f;
011d5:2f;
011d6:2d;
011d7:27;
011d8:30;
011d9:30;
011da:28;
011db:2b;
011dc:26;
011dd:26;
011de:13;
011df:13;
011e0:13;
011e1:26;
011e2:26;
011e3:2b;
011e4:2b;
011e5:30;
011e6:30;
011e7:3a;
011e8:30;
011e9:2f;
011ea:27;
011eb:27;
011ec:25;
011ed:1b;
011ee:26;
011ef:2b;
011f0:2b;
011f1:20;
011f2:16;
011f3:26;
011f4:1f;
011f5:2b;
011f6:2b;
011f7:30;
011f8:2e;
011f9:2f;
011fa:30;
011fb:2d;
011fc:1c;
011fd:16;
011fe:13;
011ff:26;
01200:3a;
01201:3a;
01202:36;
01203:2f;
01204:36;
01205:2d;
01206:34;
01207:34;
01208:2b;
01209:26;
0120a:26;
0120b:2b;
0120c:34;
0120d:3a;
0120e:43;
0120f:2f;
01210:1b;
01211:0b;
01212:0b;
01213:16;
01214:13;
01215:26;
01216:2b;
01217:34;
01218:2b;
01219:34;
0121a:3a;
0121b:2f;
0121c:2d;
0121d:25;
0121e:25;
0121f:30;
01220:2b;
01221:2b;
01222:1f;
01223:26;
01224:11;
01225:16;
01226:1b;
01227:2e;
01228:35;
01229:3e;
0122a:3e;
0122b:3e;
0122c:36;
0122d:20;
0122e:17;
0122f:17;
01230:0a;
01231:0a;
01232:1f;
01233:29;
01234:34;
01235:41;
01236:2e;
01237:36;
01238:3a;
01239:34;
0123a:34;
0123b:35;
0123c:30;
0123d:35;
0123e:30;
0123f:25;
01240:1b;
01241:27;
01242:28;
01243:28;
01244:28;
01245:28;
01246:2b;
01247:34;
01248:28;
01249:28;
0124a:25;
0124b:20;
0124c:30;
0124d:30;
0124e:2b;
0124f:34;
01250:30;
01251:1c;
01252:20;
01253:20;
01254:26;
01255:26;
01256:2b;
01257:30;
01258:30;
01259:30;
0125a:2f;
0125b:2f;
0125c:35;
0125d:3a;
0125e:36;
0125f:36;
01260:26;
01261:13;
01262:20;
01263:25;
01264:20;
01265:34;
01266:3a;
01267:35;
01268:30;
01269:2f;
0126a:3a;
0126b:35;
0126c:30;
0126d:2d;
0126e:25;
0126f:25;
01270:26;
01271:26;
01272:30;
01273:2b;
01274:22;
01275:22;
01276:16;
01277:16;
01278:20;
01279:27;
0127a:30;
0127b:35;
0127c:35;
0127d:36;
0127e:36;
0127f:36;
01280:2d;
01281:2d;
01282:39;
01283:30;
01284:35;
01285:34;
01286:35;
01287:2f;
01288:3f;
01289:35;
0128a:30;
0128b:25;
0128c:13;
0128d:18;
0128e:16;
0128f:16;
01290:16;
01291:20;
01292:2b;
01293:3f;
01294:41;
01295:3a;
01296:3a;
01297:43;
01298:3a;
01299:36;
0129a:2d;
0129b:36;
0129c:3a;
0129d:36;
0129e:36;
0129f:30;
012a0:3a;
012a1:2d;
012a2:30;
012a3:2e;
012a4:20;
012a5:25;
012a6:3f;
012a7:3f;
012a8:3f;
012a9:34;
012aa:41;
012ab:35;
012ac:43;
012ad:3f;
012ae:43;
012af:3e;
012b0:48;
012b1:3a;
012b2:2d;
012b3:2d;
012b4:2d;
012b5:2d;
012b6:2d;
012b7:3a;
012b8:35;
012b9:3a;
012ba:43;
012bb:2d;
012bc:36;
012bd:3e;
012be:3e;
012bf:43;
012c0:43;
012c1:3e;
012c2:43;
012c3:43;
012c4:43;
012c5:43;
012c6:43;
012c7:43;
012c8:4f;
012c9:4a;
012ca:5c;
012cb:43;
012cc:43;
012cd:3e;
012ce:36;
012cf:36;
012d0:35;
012d1:3e;
012d2:43;
012d3:43;
012d4:4f;
012d5:4f;
012d6:4f;
012d7:4f;
012d8:3a;
012d9:2d;
012da:35;
012db:43;
012dc:43;
012dd:3e;
012de:36;
012df:3e;
012e0:3e;
012e1:35;
012e2:2d;
012e3:20;
012e4:20;
012e5:17;
012e6:17;
012e7:20;
012e8:30;
012e9:3f;
012ea:4a;
012eb:4b;
012ec:8a;
012ed:8b;
012ee:73;
012ef:6f;
012f0:6f;
012f1:60;
012f2:4a;
012f3:41;
012f4:2e;
012f5:20;
012f6:20;
012f7:2e;
012f8:33;
012f9:20;
012fa:20;
012fb:21;
012fc:3e;
012fd:4a;
012fe:60;
012ff:73;
01300:8c;
01301:7d;
01302:73;
01303:60;
01304:4a;
01305:3b;
01306:2c;
01307:3b;
01308:2c;
01309:3b;
0130a:3b;
0130b:33;
0130c:33;
0130d:5c;
0130e:73;
0130f:84;
01310:84;
01311:6f;
01312:4f;
01313:4d;
01314:4d;
01315:41;
01316:38;
01317:38;
01318:22;
01319:20;
0131a:22;
0131b:1f;
0131c:1f;
0131d:14;
0131e:0c;
0131f:1e;
01320:1e;
01321:1c;
01322:1d;
01323:27;
01324:30;
01325:2f;
01326:25;
01327:28;
01328:28;
01329:26;
0132a:2b;
0132b:2b;
0132c:2e;
0132d:22;
0132e:20;
0132f:22;
01330:20;
01331:26;
01332:26;
01333:26;
01334:25;
01335:1c;
01336:1c;
01337:15;
01338:11;
01339:0a;
0133a:0a;
0133b:0a;
0133c:17;
0133d:22;
0133e:1f;
0133f:1f;
01340:1f;
01341:16;
01342:16;
01343:16;
01344:16;
01345:26;
01346:20;
01347:16;
01348:17;
01349:2d;
0134a:2e;
0134b:3a;
0134c:2e;
0134d:3a;
0134e:48;
0134f:85;
01350:c8;
01351:c4;
01352:af;
01353:af;
01354:84;
01355:64;
01356:92;
01357:56;
01358:35;
01359:25;
0135a:20;
0135b:17;
0135c:20;
0135d:1b;
0135e:26;
0135f:2b;
01360:31;
01361:11;
01362:22;
01363:14;
01364:27;
01365:25;
01366:27;
01367:2f;
01368:27;
01369:2d;
0136a:25;
0136b:36;
0136c:36;
0136d:2d;
0136e:20;
0136f:33;
01370:25;
01371:2d;
01372:2d;
01373:2e;
01374:33;
01375:2d;
01376:2d;
01377:33;
01378:2d;
01379:2e;
0137a:20;
0137b:33;
0137c:20;
0137d:33;
0137e:20;
0137f:33;
01380:33;
01381:33;
01382:20;
01383:33;
01384:21;
01385:20;
01386:21;
01387:33;
01388:33;
01389:33;
0138a:33;
0138b:2d;
0138c:2d;
0138d:2d;
0138e:2d;
0138f:33;
01390:33;
01391:33;
01392:39;
01393:3e;
01394:43;
01395:39;
01396:45;
01397:39;
01398:39;
01399:39;
0139a:39;
0139b:3e;
0139c:39;
0139d:33;
0139e:33;
0139f:36;
013a0:3e;
013a1:3e;
013a2:3e;
013a3:39;
013a4:39;
013a5:3e;
013a6:3e;
013a7:49;
013a8:4f;
013a9:5f;
013aa:5f;
013ab:5f;
013ac:5f;
013ad:5f;
013ae:59;
013af:49;
013b0:59;
013b1:49;
013b2:59;
013b3:3e;
013b4:49;
013b5:4f;
013b6:53;
013b7:72;
013b8:72;
013b9:72;
013ba:72;
013bb:5f;
013bc:71;
013bd:71;
013be:62;
013bf:72;
013c0:72;
013c1:86;
013c2:86;
013c3:a2;
013c4:a5;
013c5:b6;
013c6:a5;
013c7:b3;
013c8:cd;
013c9:cc;
013ca:d6;
013cb:d7;
013cc:f4;
013cd:fe;
013ce:f3;
013cf:f8;
013d0:f8;
013d1:f8;
013d2:f3;
013d3:fe;
013d4:fe;
013d5:fd;
013d6:ed;
013d7:f7;
013d8:f7;
013d9:f7;
013da:f7;
013db:ec;
013dc:cd;
013dd:ca;
013de:b3;
013df:b3;
013e0:a3;
013e1:8a;
013e2:6f;
013e3:6f;
013e4:6f;
013e5:6f;
013e6:5c;
013e7:4f;
013e8:49;
013e9:4f;
013ea:4f;
013eb:67;
013ec:93;
013ed:cc;
013ee:e7;
013ef:e4;
013f0:ec;
013f1:dd;
013f2:c6;
013f3:be;
013f4:c2;
013f5:cc;
013f6:be;
013f7:97;
013f8:8c;
013f9:4f;
013fa:43;
013fb:43;
013fc:39;
013fd:2d;
013fe:33;
013ff:33;
01400:04;
01401:04;
01402:04;
01403:02;
01404:04;
01405:04;
01406:04;
01407:06;
01408:04;
01409:06;
0140a:04;
0140b:04;
0140c:04;
0140d:04;
0140e:04;
0140f:04;
01410:04;
01411:04;
01412:04;
01413:04;
01414:04;
01415:04;
01416:04;
01417:04;
01418:02;
01419:04;
0141a:04;
0141b:00;
0141c:06;
0141d:06;
0141e:0a;
0141f:06;
01420:05;
01421:04;
01422:04;
01423:04;
01424:04;
01425:04;
01426:04;
01427:04;
01428:06;
01429:04;
0142a:06;
0142b:04;
0142c:04;
0142d:04;
0142e:04;
0142f:06;
01430:04;
01431:0a;
01432:04;
01433:04;
01434:04;
01435:04;
01436:04;
01437:0a;
01438:0c;
01439:0a;
0143a:16;
0143b:0a;
0143c:16;
0143d:0a;
0143e:0c;
0143f:0a;
01440:04;
01441:04;
01442:04;
01443:04;
01444:04;
01445:06;
01446:0c;
01447:06;
01448:05;
01449:06;
0144a:04;
0144b:02;
0144c:02;
0144d:02;
0144e:04;
0144f:06;
01450:04;
01451:05;
01452:04;
01453:04;
01454:04;
01455:06;
01456:0c;
01457:0c;
01458:0c;
01459:0c;
0145a:0a;
0145b:05;
0145c:0a;
0145d:0a;
0145e:03;
0145f:0a;
01460:04;
01461:06;
01462:06;
01463:06;
01464:04;
01465:06;
01466:06;
01467:09;
01468:06;
01469:0c;
0146a:0c;
0146b:0c;
0146c:0c;
0146d:06;
0146e:04;
0146f:04;
01470:04;
01471:06;
01472:06;
01473:04;
01474:06;
01475:04;
01476:06;
01477:0a;
01478:0c;
01479:0a;
0147a:06;
0147b:05;
0147c:04;
0147d:04;
0147e:04;
0147f:04;
01480:04;
01481:04;
01482:04;
01483:06;
01484:05;
01485:0c;
01486:0c;
01487:11;
01488:0c;
01489:0a;
0148a:06;
0148b:06;
0148c:06;
0148d:04;
0148e:06;
0148f:06;
01490:06;
01491:06;
01492:0a;
01493:0c;
01494:0c;
01495:0c;
01496:11;
01497:0c;
01498:11;
01499:05;
0149a:06;
0149b:06;
0149c:04;
0149d:06;
0149e:06;
0149f:0a;
014a0:06;
014a1:0c;
014a2:0c;
014a3:0c;
014a4:0c;
014a5:06;
014a6:06;
014a7:06;
014a8:0c;
014a9:0c;
014aa:15;
014ab:0c;
014ac:05;
014ad:06;
014ae:06;
014af:06;
014b0:06;
014b1:0c;
014b2:0c;
014b3:11;
014b4:15;
014b5:0c;
014b6:0a;
014b7:06;
014b8:06;
014b9:0a;
014ba:06;
014bb:04;
014bc:04;
014bd:04;
014be:04;
014bf:04;
014c0:06;
014c1:0c;
014c2:0c;
014c3:14;
014c4:16;
014c5:11;
014c6:0c;
014c7:0a;
014c8:0c;
014c9:06;
014ca:0c;
014cb:0c;
014cc:16;
014cd:0c;
014ce:16;
014cf:11;
014d0:15;
014d1:16;
014d2:0c;
014d3:04;
014d4:04;
014d5:06;
014d6:06;
014d7:0c;
014d8:0c;
014d9:09;
014da:06;
014db:04;
014dc:04;
014dd:06;
014de:0a;
014df:0c;
014e0:0c;
014e1:0c;
014e2:0c;
014e3:06;
014e4:04;
014e5:04;
014e6:04;
014e7:04;
014e8:0a;
014e9:16;
014ea:15;
014eb:1f;
014ec:15;
014ed:16;
014ee:0c;
014ef:06;
014f0:09;
014f1:0c;
014f2:0c;
014f3:14;
014f4:16;
014f5:16;
014f6:0c;
014f7:06;
014f8:06;
014f9:06;
014fa:0c;
014fb:14;
014fc:11;
014fd:0c;
014fe:0a;
014ff:0c;
01500:0c;
01501:0c;
01502:09;
01503:09;
01504:04;
01505:06;
01506:09;
01507:06;
01508:06;
01509:09;
0150a:0c;
0150b:15;
0150c:1f;
0150d:14;
0150e:11;
0150f:16;
01510:0c;
01511:11;
01512:16;
01513:0c;
01514:06;
01515:04;
01516:04;
01517:06;
01518:0c;
01519:0c;
0151a:16;
0151b:0c;
0151c:0c;
0151d:0a;
0151e:0c;
0151f:11;
01520:16;
01521:0c;
01522:0a;
01523:09;
01524:16;
01525:09;
01526:06;
01527:0f;
01528:09;
01529:09;
0152a:11;
0152b:1f;
0152c:11;
0152d:09;
0152e:11;
0152f:1f;
01530:0a;
01531:0a;
01532:06;
01533:0a;
01534:06;
01535:0a;
01536:04;
01537:06;
01538:04;
01539:06;
0153a:06;
0153b:06;
0153c:06;
0153d:06;
0153e:06;
0153f:06;
01540:06;
01541:09;
01542:0a;
01543:16;
01544:1f;
01545:11;
01546:0a;
01547:06;
01548:0a;
01549:1f;
0154a:15;
0154b:06;
0154c:0a;
0154d:16;
0154e:11;
0154f:11;
01550:0a;
01551:04;
01552:04;
01553:0f;
01554:04;
01555:04;
01556:0a;
01557:11;
01558:19;
01559:1f;
0155a:09;
0155b:06;
0155c:06;
0155d:0a;
0155e:16;
0155f:16;
01560:11;
01561:0a;
01562:06;
01563:09;
01564:11;
01565:29;
01566:2b;
01567:0c;
01568:06;
01569:06;
0156a:09;
0156b:0a;
0156c:16;
0156d:16;
0156e:1f;
0156f:1c;
01570:16;
01571:13;
01572:13;
01573:1c;
01574:1f;
01575:1f;
01576:16;
01577:13;
01578:09;
01579:09;
0157a:13;
0157b:09;
0157c:09;
0157d:13;
0157e:1c;
0157f:1c;
01580:16;
01581:11;
01582:0c;
01583:0a;
01584:04;
01585:06;
01586:0a;
01587:1f;
01588:1f;
01589:2b;
0158a:26;
0158b:1f;
0158c:26;
0158d:1f;
0158e:1c;
0158f:16;
01590:16;
01591:0c;
01592:09;
01593:06;
01594:16;
01595:15;
01596:15;
01597:16;
01598:16;
01599:09;
0159a:16;
0159b:16;
0159c:1f;
0159d:15;
0159e:0a;
0159f:09;
015a0:0a;
015a1:16;
015a2:14;
015a3:0a;
015a4:06;
015a5:09;
015a6:09;
015a7:16;
015a8:1f;
015a9:13;
015aa:26;
015ab:28;
015ac:2b;
015ad:26;
015ae:1f;
015af:2b;
015b0:1f;
015b1:14;
015b2:09;
015b3:09;
015b4:09;
015b5:0c;
015b6:2b;
015b7:2b;
015b8:16;
015b9:1c;
015ba:26;
015bb:34;
015bc:13;
015bd:16;
015be:0a;
015bf:11;
015c0:11;
015c1:1f;
015c2:15;
015c3:0c;
015c4:06;
015c5:09;
015c6:0c;
015c7:15;
015c8:14;
015c9:14;
015ca:16;
015cb:14;
015cc:1c;
015cd:1f;
015ce:26;
015cf:16;
015d0:0f;
015d1:04;
015d2:04;
015d3:06;
015d4:0a;
015d5:11;
015d6:15;
015d7:1f;
015d8:22;
015d9:16;
015da:09;
015db:09;
015dc:09;
015dd:09;
015de:09;
015df:09;
015e0:09;
015e1:0c;
015e2:11;
015e3:15;
015e4:16;
015e5:14;
015e6:1f;
015e7:1c;
015e8:16;
015e9:09;
015ea:09;
015eb:0a;
015ec:11;
015ed:1f;
015ee:1f;
015ef:0a;
015f0:0c;
015f1:0a;
015f2:04;
015f3:09;
015f4:1f;
015f5:29;
015f6:1e;
015f7:1c;
015f8:14;
015f9:1f;
015fa:1f;
015fb:1c;
015fc:16;
015fd:09;
015fe:09;
015ff:16;
01600:1f;
01601:1f;
01602:16;
01603:16;
01604:1c;
01605:1f;
01606:1f;
01607:1f;
01608:1f;
01609:26;
0160a:22;
0160b:1f;
0160c:1f;
0160d:06;
0160e:06;
0160f:06;
01610:06;
01611:09;
01612:16;
01613:11;
01614:15;
01615:16;
01616:09;
01617:16;
01618:22;
01619:1f;
0161a:1f;
0161b:16;
0161c:09;
0161d:09;
0161e:09;
0161f:0b;
01620:0b;
01621:1f;
01622:16;
01623:16;
01624:16;
01625:09;
01626:16;
01627:1f;
01628:1f;
01629:0b;
0162a:13;
0162b:1e;
0162c:16;
0162d:1f;
0162e:1e;
0162f:2b;
01630:1f;
01631:1c;
01632:16;
01633:09;
01634:1b;
01635:2b;
01636:28;
01637:1c;
01638:13;
01639:13;
0163a:1f;
0163b:2b;
0163c:1f;
0163d:1f;
0163e:09;
0163f:11;
01640:1f;
01641:1f;
01642:16;
01643:09;
01644:06;
01645:13;
01646:16;
01647:1c;
01648:14;
01649:1b;
0164a:1b;
0164b:28;
0164c:29;
0164d:2b;
0164e:1e;
0164f:13;
01650:0b;
01651:09;
01652:09;
01653:14;
01654:2b;
01655:2b;
01656:30;
01657:2b;
01658:34;
01659:2e;
0165a:35;
0165b:30;
0165c:25;
0165d:09;
0165e:16;
0165f:18;
01660:1c;
01661:1f;
01662:2b;
01663:16;
01664:34;
01665:34;
01666:34;
01667:26;
01668:1c;
01669:26;
0166a:28;
0166b:26;
0166c:1c;
0166d:13;
0166e:13;
0166f:16;
01670:2b;
01671:29;
01672:2b;
01673:1c;
01674:20;
01675:13;
01676:1b;
01677:2b;
01678:2b;
01679:28;
0167a:28;
0167b:34;
0167c:34;
0167d:28;
0167e:28;
0167f:2b;
01680:2b;
01681:20;
01682:25;
01683:26;
01684:26;
01685:30;
01686:29;
01687:2b;
01688:1c;
01689:13;
0168a:09;
0168b:13;
0168c:1f;
0168d:34;
0168e:3f;
0168f:30;
01690:34;
01691:34;
01692:30;
01693:25;
01694:13;
01695:13;
01696:1c;
01697:1f;
01698:2b;
01699:28;
0169a:13;
0169b:26;
0169c:28;
0169d:2b;
0169e:34;
0169f:48;
016a0:2b;
016a1:25;
016a2:20;
016a3:30;
016a4:30;
016a5:34;
016a6:2b;
016a7:26;
016a8:13;
016a9:17;
016aa:13;
016ab:17;
016ac:16;
016ad:16;
016ae:22;
016af:2b;
016b0:3a;
016b1:2b;
016b2:34;
016b3:35;
016b4:2e;
016b5:1b;
016b6:13;
016b7:09;
016b8:09;
016b9:06;
016ba:1f;
016bb:2b;
016bc:31;
016bd:2b;
016be:20;
016bf:17;
016c0:13;
016c1:13;
016c2:26;
016c3:1e;
016c4:1b;
016c5:0b;
016c6:16;
016c7:1e;
016c8:29;
016c9:1e;
016ca:1c;
016cb:16;
016cc:13;
016cd:13;
016ce:09;
016cf:26;
016d0:2b;
016d1:3f;
016d2:2b;
016d3:25;
016d4:25;
016d5:2d;
016d6:2f;
016d7:2f;
016d8:30;
016d9:30;
016da:30;
016db:30;
016dc:28;
016dd:26;
016de:1b;
016df:20;
016e0:20;
016e1:25;
016e2:2b;
016e3:30;
016e4:30;
016e5:2e;
016e6:2e;
016e7:30;
016e8:30;
016e9:2f;
016ea:27;
016eb:27;
016ec:25;
016ed:1b;
016ee:26;
016ef:34;
016f0:2b;
016f1:20;
016f2:13;
016f3:20;
016f4:26;
016f5:2b;
016f6:2b;
016f7:30;
016f8:2e;
016f9:2f;
016fa:30;
016fb:2f;
016fc:1b;
016fd:16;
016fe:16;
016ff:26;
01700:34;
01701:30;
01702:36;
01703:36;
01704:2f;
01705:36;
01706:3a;
01707:30;
01708:28;
01709:25;
0170a:1b;
0170b:30;
0170c:2b;
0170d:35;
0170e:36;
0170f:2f;
01710:1b;
01711:0b;
01712:0b;
01713:13;
01714:16;
01715:1f;
01716:2b;
01717:41;
01718:2b;
01719:3f;
0171a:30;
0171b:2f;
0171c:2f;
0171d:25;
0171e:2f;
0171f:34;
01720:34;
01721:2b;
01722:1f;
01723:22;
01724:1c;
01725:16;
01726:13;
01727:30;
01728:35;
01729:43;
0172a:43;
0172b:3e;
0172c:36;
0172d:33;
0172e:13;
0172f:17;
01730:09;
01731:0c;
01732:22;
01733:2b;
01734:2b;
01735:2b;
01736:39;
01737:36;
01738:36;
01739:3a;
0173a:30;
0173b:30;
0173c:2d;
0173d:30;
0173e:28;
0173f:25;
01740:13;
01741:25;
01742:28;
01743:30;
01744:28;
01745:28;
01746:34;
01747:34;
01748:34;
01749:26;
0174a:26;
0174b:20;
0174c:26;
0174d:30;
0174e:2b;
0174f:2b;
01750:2b;
01751:25;
01752:20;
01753:13;
01754:20;
01755:28;
01756:30;
01757:28;
01758:30;
01759:30;
0175a:2d;
0175b:30;
0175c:3a;
0175d:35;
0175e:2f;
0175f:36;
01760:26;
01761:13;
01762:1b;
01763:26;
01764:20;
01765:3f;
01766:3f;
01767:34;
01768:34;
01769:30;
0176a:30;
0176b:30;
0176c:2f;
0176d:25;
0176e:25;
0176f:25;
01770:25;
01771:26;
01772:30;
01773:2b;
01774:11;
01775:22;
01776:11;
01777:20;
01778:1b;
01779:25;
0177a:30;
0177b:35;
0177c:3a;
0177d:36;
0177e:36;
0177f:38;
01780:2d;
01781:2d;
01782:2d;
01783:3a;
01784:34;
01785:35;
01786:35;
01787:2f;
01788:34;
01789:35;
0178a:30;
0178b:26;
0178c:20;
0178d:0a;
0178e:09;
0178f:16;
01790:16;
01791:22;
01792:2b;
01793:41;
01794:3f;
01795:35;
01796:3a;
01797:35;
01798:3a;
01799:2f;
0179a:2d;
0179b:2f;
0179c:36;
0179d:36;
0179e:2d;
0179f:36;
017a0:30;
017a1:2d;
017a2:3a;
017a3:2e;
017a4:20;
017a5:2d;
017a6:34;
017a7:3a;
017a8:3a;
017a9:3a;
017aa:36;
017ab:3a;
017ac:3e;
017ad:3a;
017ae:43;
017af:3a;
017b0:3f;
017b1:30;
017b2:33;
017b3:25;
017b4:25;
017b5:2d;
017b6:2d;
017b7:3a;
017b8:3a;
017b9:41;
017ba:3f;
017bb:39;
017bc:3e;
017bd:35;
017be:3e;
017bf:3f;
017c0:4a;
017c1:3e;
017c2:43;
017c3:43;
017c4:43;
017c5:4f;
017c6:43;
017c7:43;
017c8:4f;
017c9:4f;
017ca:4a;
017cb:4a;
017cc:43;
017cd:43;
017ce:36;
017cf:35;
017d0:3e;
017d1:35;
017d2:43;
017d3:4f;
017d4:4f;
017d5:5f;
017d6:4f;
017d7:4f;
017d8:3a;
017d9:2d;
017da:3a;
017db:43;
017dc:43;
017dd:3e;
017de:36;
017df:36;
017e0:3e;
017e1:36;
017e2:2d;
017e3:2e;
017e4:2b;
017e5:34;
017e6:48;
017e7:48;
017e8:57;
017e9:57;
017ea:74;
017eb:74;
017ec:8b;
017ed:a3;
017ee:8b;
017ef:73;
017f0:60;
017f1:43;
017f2:38;
017f3:2d;
017f4:20;
017f5:20;
017f6:20;
017f7:20;
017f8:20;
017f9:20;
017fa:33;
017fb:2d;
017fc:4b;
017fd:64;
017fe:84;
017ff:93;
01800:68;
01801:55;
01802:44;
01803:43;
01804:41;
01805:41;
01806:3b;
01807:3b;
01808:2c;
01809:2c;
0180a:3b;
0180b:4d;
0180c:4a;
0180d:57;
0180e:64;
0180f:64;
01810:6f;
01811:4b;
01812:4f;
01813:3e;
01814:3b;
01815:3b;
01816:41;
01817:41;
01818:2e;
01819:22;
0181a:26;
0181b:1f;
0181c:16;
0181d:0b;
0181e:16;
0181f:1e;
01820:1e;
01821:1c;
01822:1b;
01823:27;
01824:30;
01825:2f;
01826:20;
01827:25;
01828:28;
01829:25;
0182a:26;
0182b:2b;
0182c:2e;
0182d:26;
0182e:22;
0182f:20;
01830:20;
01831:20;
01832:25;
01833:20;
01834:1b;
01835:1c;
01836:1c;
01837:14;
01838:16;
01839:0a;
0183a:0a;
0183b:0a;
0183c:17;
0183d:22;
0183e:2b;
0183f:2b;
01840:1f;
01841:16;
01842:16;
01843:16;
01844:16;
01845:1f;
01846:20;
01847:17;
01848:09;
01849:20;
0184a:2e;
0184b:2e;
0184c:33;
0184d:3a;
0184e:57;
0184f:92;
01850:c4;
01851:ae;
01852:c4;
01853:c4;
01854:92;
01855:55;
01856:64;
01857:30;
01858:2d;
01859:25;
0185a:25;
0185b:20;
0185c:25;
0185d:26;
0185e:2b;
0185f:2b;
01860:29;
01861:11;
01862:16;
01863:16;
01864:1b;
01865:25;
01866:1b;
01867:25;
01868:2d;
01869:30;
0186a:3f;
0186b:56;
0186c:74;
0186d:84;
0186e:85;
0186f:84;
01870:85;
01871:92;
01872:84;
01873:84;
01874:84;
01875:84;
01876:84;
01877:5a;
01878:74;
01879:84;
0187a:84;
0187b:92;
0187c:92;
0187d:85;
0187e:85;
0187f:92;
01880:85;
01881:85;
01882:84;
01883:85;
01884:84;
01885:84;
01886:84;
01887:74;
01888:84;
01889:84;
0188a:84;
0188b:84;
0188c:84;
0188d:84;
0188e:84;
0188f:84;
01890:84;
01891:84;
01892:84;
01893:84;
01894:a7;
01895:a7;
01896:a7;
01897:a7;
01898:a7;
01899:a7;
0189a:af;
0189b:a7;
0189c:a7;
0189d:92;
0189e:92;
0189f:92;
018a0:92;
018a1:a7;
018a2:af;
018a3:af;
018a4:a7;
018a5:bf;
018a6:a7;
018a7:a9;
018a8:84;
018a9:a9;
018aa:a9;
018ab:a9;
018ac:a7;
018ad:a9;
018ae:a9;
018af:9f;
018b0:9f;
018b1:a9;
018b2:9f;
018b3:9f;
018b4:93;
018b5:a9;
018b6:93;
018b7:9f;
018b8:a3;
018b9:8c;
018ba:9f;
018bb:a3;
018bc:a3;
018bd:9f;
018be:a3;
018bf:9f;
018c0:a3;
018c1:b6;
018c2:b3;
018c3:a9;
018c4:db;
018c5:b3;
018c6:be;
018c7:dd;
018c8:c5;
018c9:e7;
018ca:e7;
018cb:f4;
018cc:fe;
018cd:f3;
018ce:f8;
018cf:f8;
018d0:f8;
018d1:f3;
018d2:f3;
018d3:f3;
018d4:fe;
018d5:fd;
018d6:fd;
018d7:fb;
018d8:fb;
018d9:fa;
018da:fa;
018db:ec;
018dc:dd;
018dd:cb;
018de:b3;
018df:b3;
018e0:a9;
018e1:8b;
018e2:72;
018e3:6f;
018e4:6f;
018e5:6f;
018e6:60;
018e7:5f;
018e8:4f;
018e9:53;
018ea:73;
018eb:93;
018ec:97;
018ed:c8;
018ee:c5;
018ef:dd;
018f0:c2;
018f1:9e;
018f2:b4;
018f3:9e;
018f4:cc;
018f5:cc;
018f6:c8;
018f7:cc;
018f8:93;
018f9:53;
018fa:4f;
018fb:43;
018fc:3e;
018fd:2d;
018fe:33;
018ff:33;
01900:04;
01901:04;
01902:04;
01903:04;
01904:02;
01905:04;
01906:04;
01907:06;
01908:06;
01909:04;
0190a:04;
0190b:04;
0190c:04;
0190d:04;
0190e:04;
0190f:04;
01910:04;
01911:04;
01912:04;
01913:04;
01914:04;
01915:04;
01916:02;
01917:04;
01918:04;
01919:02;
0191a:04;
0191b:06;
0191c:06;
0191d:05;
0191e:06;
0191f:03;
01920:04;
01921:04;
01922:04;
01923:04;
01924:04;
01925:04;
01926:04;
01927:04;
01928:06;
01929:06;
0192a:04;
0192b:04;
0192c:04;
0192d:06;
0192e:0a;
0192f:06;
01930:0a;
01931:04;
01932:04;
01933:04;
01934:04;
01935:04;
01936:06;
01937:0a;
01938:16;
01939:11;
0193a:0c;
0193b:0c;
0193c:0a;
0193d:0c;
0193e:0a;
0193f:06;
01940:04;
01941:04;
01942:04;
01943:04;
01944:06;
01945:0a;
01946:0a;
01947:06;
01948:06;
01949:06;
0194a:04;
0194b:02;
0194c:04;
0194d:02;
0194e:04;
0194f:04;
01950:06;
01951:04;
01952:04;
01953:04;
01954:06;
01955:0a;
01956:0c;
01957:0c;
01958:0c;
01959:0a;
0195a:0a;
0195b:0a;
0195c:05;
0195d:04;
0195e:06;
0195f:06;
01960:06;
01961:0f;
01962:04;
01963:04;
01964:04;
01965:09;
01966:06;
01967:09;
01968:0c;
01969:0c;
0196a:0c;
0196b:0c;
0196c:0c;
0196d:06;
0196e:04;
0196f:04;
01970:04;
01971:04;
01972:06;
01973:04;
01974:0a;
01975:06;
01976:0a;
01977:0a;
01978:06;
01979:0a;
0197a:06;
0197b:06;
0197c:04;
0197d:04;
0197e:04;
0197f:04;
01980:04;
01981:04;
01982:04;
01983:06;
01984:0a;
01985:11;
01986:0c;
01987:0c;
01988:0a;
01989:06;
0198a:06;
0198b:06;
0198c:06;
0198d:06;
0198e:04;
0198f:06;
01990:06;
01991:09;
01992:0c;
01993:0c;
01994:11;
01995:16;
01996:11;
01997:0a;
01998:0c;
01999:0a;
0199a:06;
0199b:04;
0199c:04;
0199d:06;
0199e:06;
0199f:06;
019a0:0c;
019a1:0c;
019a2:0c;
019a3:0c;
019a4:06;
019a5:06;
019a6:06;
019a7:06;
019a8:0c;
019a9:15;
019aa:11;
019ab:0c;
019ac:06;
019ad:06;
019ae:04;
019af:06;
019b0:0a;
019b1:0c;
019b2:11;
019b3:16;
019b4:11;
019b5:0c;
019b6:0a;
019b7:0a;
019b8:06;
019b9:0a;
019ba:06;
019bb:00;
019bc:04;
019bd:02;
019be:04;
019bf:04;
019c0:0c;
019c1:0c;
019c2:15;
019c3:15;
019c4:0c;
019c5:16;
019c6:0c;
019c7:0a;
019c8:0c;
019c9:09;
019ca:0a;
019cb:0c;
019cc:16;
019cd:0c;
019ce:15;
019cf:15;
019d0:15;
019d1:16;
019d2:06;
019d3:04;
019d4:06;
019d5:06;
019d6:0a;
019d7:0c;
019d8:0a;
019d9:06;
019da:06;
019db:04;
019dc:06;
019dd:0a;
019de:0c;
019df:0c;
019e0:0c;
019e1:0c;
019e2:0a;
019e3:06;
019e4:04;
019e5:04;
019e6:06;
019e7:06;
019e8:16;
019e9:14;
019ea:15;
019eb:15;
019ec:11;
019ed:0c;
019ee:0a;
019ef:0b;
019f0:0c;
019f1:0c;
019f2:16;
019f3:11;
019f4:0c;
019f5:0c;
019f6:0a;
019f7:04;
019f8:06;
019f9:0a;
019fa:16;
019fb:15;
019fc:16;
019fd:0c;
019fe:0c;
019ff:0c;
01a00:0c;
01a01:0c;
01a02:09;
01a03:06;
01a04:04;
01a05:09;
01a06:06;
01a07:09;
01a08:06;
01a09:09;
01a0a:0c;
01a0b:1f;
01a0c:1f;
01a0d:11;
01a0e:16;
01a0f:0a;
01a10:16;
01a11:16;
01a12:0c;
01a13:0a;
01a14:04;
01a15:06;
01a16:06;
01a17:06;
01a18:0c;
01a19:16;
01a1a:0c;
01a1b:0c;
01a1c:0c;
01a1d:0a;
01a1e:0c;
01a1f:16;
01a20:0c;
01a21:0a;
01a22:0c;
01a23:16;
01a24:16;
01a25:09;
01a26:0f;
01a27:04;
01a28:09;
01a29:16;
01a2a:11;
01a2b:1f;
01a2c:11;
01a2d:16;
01a2e:11;
01a2f:11;
01a30:0a;
01a31:0f;
01a32:04;
01a33:0a;
01a34:06;
01a35:06;
01a36:0a;
01a37:06;
01a38:06;
01a39:06;
01a3a:06;
01a3b:06;
01a3c:06;
01a3d:04;
01a3e:0a;
01a3f:09;
01a40:09;
01a41:0a;
01a42:16;
01a43:1f;
01a44:16;
01a45:0c;
01a46:06;
01a47:0a;
01a48:11;
01a49:15;
01a4a:11;
01a4b:09;
01a4c:0a;
01a4d:0c;
01a4e:11;
01a4f:0a;
01a50:06;
01a51:09;
01a52:0f;
01a53:04;
01a54:09;
01a55:0a;
01a56:0a;
01a57:11;
01a58:1f;
01a59:11;
01a5a:0a;
01a5b:06;
01a5c:04;
01a5d:0a;
01a5e:16;
01a5f:11;
01a60:11;
01a61:0a;
01a62:06;
01a63:0a;
01a64:15;
01a65:29;
01a66:1f;
01a67:11;
01a68:06;
01a69:06;
01a6a:06;
01a6b:0c;
01a6c:15;
01a6d:1f;
01a6e:1c;
01a6f:1f;
01a70:1c;
01a71:13;
01a72:16;
01a73:1f;
01a74:1f;
01a75:1f;
01a76:16;
01a77:0b;
01a78:09;
01a79:09;
01a7a:09;
01a7b:16;
01a7c:16;
01a7d:16;
01a7e:16;
01a7f:16;
01a80:11;
01a81:16;
01a82:0c;
01a83:06;
01a84:04;
01a85:09;
01a86:0c;
01a87:1f;
01a88:1f;
01a89:1f;
01a8a:1f;
01a8b:1f;
01a8c:1f;
01a8d:1f;
01a8e:1c;
01a8f:16;
01a90:09;
01a91:0a;
01a92:09;
01a93:0c;
01a94:16;
01a95:16;
01a96:16;
01a97:16;
01a98:0b;
01a99:09;
01a9a:16;
01a9b:15;
01a9c:1f;
01a9d:0c;
01a9e:09;
01a9f:06;
01aa0:16;
01aa1:15;
01aa2:0c;
01aa3:09;
01aa4:09;
01aa5:09;
01aa6:09;
01aa7:1f;
01aa8:1c;
01aa9:16;
01aaa:20;
01aab:1c;
01aac:26;
01aad:1f;
01aae:2b;
01aaf:1f;
01ab0:1f;
01ab1:1c;
01ab2:09;
01ab3:09;
01ab4:0a;
01ab5:16;
01ab6:1f;
01ab7:2b;
01ab8:1f;
01ab9:1c;
01aba:2b;
01abb:2b;
01abc:16;
01abd:16;
01abe:11;
01abf:16;
01ac0:1f;
01ac1:1f;
01ac2:11;
01ac3:09;
01ac4:06;
01ac5:09;
01ac6:14;
01ac7:15;
01ac8:14;
01ac9:14;
01aca:14;
01acb:16;
01acc:1f;
01acd:14;
01ace:16;
01acf:0a;
01ad0:0f;
01ad1:04;
01ad2:0a;
01ad3:0a;
01ad4:0c;
01ad5:16;
01ad6:16;
01ad7:11;
01ad8:1f;
01ad9:16;
01ada:09;
01adb:09;
01adc:09;
01add:09;
01ade:09;
01adf:06;
01ae0:0b;
01ae1:16;
01ae2:15;
01ae3:14;
01ae4:15;
01ae5:14;
01ae6:1c;
01ae7:14;
01ae8:16;
01ae9:09;
01aea:09;
01aeb:0c;
01aec:16;
01aed:11;
01aee:1f;
01aef:0a;
01af0:0a;
01af1:0a;
01af2:06;
01af3:09;
01af4:1e;
01af5:29;
01af6:1f;
01af7:14;
01af8:1b;
01af9:29;
01afa:1f;
01afb:11;
01afc:09;
01afd:09;
01afe:16;
01aff:1c;
01b00:1f;
01b01:1c;
01b02:16;
01b03:26;
01b04:16;
01b05:1c;
01b06:1f;
01b07:1f;
01b08:16;
01b09:16;
01b0a:1c;
01b0b:1f;
01b0c:16;
01b0d:0a;
01b0e:05;
01b0f:06;
01b10:06;
01b11:0a;
01b12:16;
01b13:26;
01b14:16;
01b15:20;
01b16:13;
01b17:16;
01b18:16;
01b19:1f;
01b1a:11;
01b1b:16;
01b1c:06;
01b1d:06;
01b1e:09;
01b1f:0c;
01b20:14;
01b21:1f;
01b22:16;
01b23:16;
01b24:16;
01b25:09;
01b26:14;
01b27:1f;
01b28:16;
01b29:13;
01b2a:16;
01b2b:1f;
01b2c:1c;
01b2d:1f;
01b2e:1e;
01b2f:1f;
01b30:26;
01b31:1c;
01b32:16;
01b33:13;
01b34:1c;
01b35:2b;
01b36:28;
01b37:1c;
01b38:13;
01b39:17;
01b3a:1c;
01b3b:1f;
01b3c:1f;
01b3d:11;
01b3e:0a;
01b3f:1f;
01b40:1f;
01b41:1f;
01b42:11;
01b43:0b;
01b44:09;
01b45:16;
01b46:1c;
01b47:1c;
01b48:14;
01b49:1b;
01b4a:26;
01b4b:28;
01b4c:2b;
01b4d:2b;
01b4e:1e;
01b4f:13;
01b50:09;
01b51:13;
01b52:13;
01b53:1b;
01b54:2b;
01b55:23;
01b56:30;
01b57:28;
01b58:30;
01b59:2b;
01b5a:2b;
01b5b:26;
01b5c:13;
01b5d:16;
01b5e:16;
01b5f:16;
01b60:1c;
01b61:1f;
01b62:2e;
01b63:26;
01b64:2b;
01b65:34;
01b66:34;
01b67:1c;
01b68:1b;
01b69:1e;
01b6a:28;
01b6b:1e;
01b6c:1b;
01b6d:13;
01b6e:13;
01b6f:26;
01b70:2b;
01b71:34;
01b72:28;
01b73:1b;
01b74:13;
01b75:13;
01b76:26;
01b77:28;
01b78:28;
01b79:28;
01b7a:28;
01b7b:28;
01b7c:2b;
01b7d:28;
01b7e:28;
01b7f:28;
01b80:28;
01b81:20;
01b82:1c;
01b83:28;
01b84:1e;
01b85:2b;
01b86:1f;
01b87:1e;
01b88:16;
01b89:16;
01b8a:0b;
01b8b:13;
01b8c:26;
01b8d:34;
01b8e:48;
01b8f:30;
01b90:3f;
01b91:34;
01b92:3a;
01b93:26;
01b94:17;
01b95:17;
01b96:11;
01b97:2b;
01b98:1f;
01b99:1c;
01b9a:16;
01b9b:28;
01b9c:2b;
01b9d:34;
01b9e:34;
01b9f:4b;
01ba0:26;
01ba1:25;
01ba2:25;
01ba3:26;
01ba4:2b;
01ba5:29;
01ba6:26;
01ba7:1c;
01ba8:16;
01ba9:09;
01baa:13;
01bab:13;
01bac:16;
01bad:26;
01bae:26;
01baf:2b;
01bb0:2b;
01bb1:34;
01bb2:2b;
01bb3:34;
01bb4:26;
01bb5:13;
01bb6:09;
01bb7:09;
01bb8:09;
01bb9:0a;
01bba:2b;
01bbb:29;
01bbc:34;
01bbd:2b;
01bbe:21;
01bbf:17;
01bc0:20;
01bc1:1c;
01bc2:28;
01bc3:26;
01bc4:16;
01bc5:13;
01bc6:1c;
01bc7:1f;
01bc8:2b;
01bc9:1f;
01bca:1c;
01bcb:16;
01bcc:13;
01bcd:13;
01bce:13;
01bcf:26;
01bd0:30;
01bd1:34;
01bd2:2b;
01bd3:2d;
01bd4:2d;
01bd5:30;
01bd6:30;
01bd7:2f;
01bd8:2e;
01bd9:30;
01bda:2b;
01bdb:34;
01bdc:30;
01bdd:20;
01bde:20;
01bdf:13;
01be0:1b;
01be1:28;
01be2:2b;
01be3:30;
01be4:2e;
01be5:25;
01be6:30;
01be7:2e;
01be8:30;
01be9:30;
01bea:26;
01beb:26;
01bec:25;
01bed:1b;
01bee:26;
01bef:2b;
01bf0:2b;
01bf1:20;
01bf2:20;
01bf3:26;
01bf4:26;
01bf5:2b;
01bf6:2b;
01bf7:2b;
01bf8:30;
01bf9:30;
01bfa:2e;
01bfb:25;
01bfc:20;
01bfd:1c;
01bfe:1c;
01bff:28;
01c00:34;
01c01:3a;
01c02:30;
01c03:2f;
01c04:36;
01c05:30;
01c06:30;
01c07:30;
01c08:2d;
01c09:13;
01c0a:25;
01c0b:28;
01c0c:30;
01c0d:2b;
01c0e:30;
01c0f:25;
01c10:16;
01c11:0b;
01c12:09;
01c13:13;
01c14:1c;
01c15:2e;
01c16:2b;
01c17:2b;
01c18:3a;
01c19:3f;
01c1a:30;
01c1b:2f;
01c1c:2f;
01c1d:25;
01c1e:28;
01c1f:2b;
01c20:34;
01c21:2b;
01c22:26;
01c23:16;
01c24:20;
01c25:1c;
01c26:25;
01c27:30;
01c28:34;
01c29:35;
01c2a:35;
01c2b:35;
01c2c:30;
01c2d:20;
01c2e:13;
01c2f:17;
01c30:09;
01c31:16;
01c32:1f;
01c33:2b;
01c34:2b;
01c35:2b;
01c36:2d;
01c37:2e;
01c38:2f;
01c39:35;
01c3a:2b;
01c3b:30;
01c3c:30;
01c3d:26;
01c3e:25;
01c3f:20;
01c40:13;
01c41:30;
01c42:2b;
01c43:30;
01c44:28;
01c45:28;
01c46:30;
01c47:34;
01c48:28;
01c49:26;
01c4a:26;
01c4b:20;
01c4c:26;
01c4d:28;
01c4e:30;
01c4f:2b;
01c50:30;
01c51:26;
01c52:13;
01c53:20;
01c54:20;
01c55:28;
01c56:30;
01c57:28;
01c58:30;
01c59:35;
01c5a:30;
01c5b:30;
01c5c:35;
01c5d:30;
01c5e:36;
01c5f:2f;
01c60:26;
01c61:13;
01c62:20;
01c63:26;
01c64:26;
01c65:34;
01c66:34;
01c67:34;
01c68:3a;
01c69:30;
01c6a:30;
01c6b:2d;
01c6c:2f;
01c6d:30;
01c6e:30;
01c6f:25;
01c70:26;
01c71:28;
01c72:28;
01c73:2b;
01c74:11;
01c75:11;
01c76:20;
01c77:1c;
01c78:20;
01c79:2f;
01c7a:30;
01c7b:3a;
01c7c:35;
01c7d:36;
01c7e:36;
01c7f:30;
01c80:2d;
01c81:20;
01c82:2e;
01c83:35;
01c84:35;
01c85:34;
01c86:35;
01c87:35;
01c88:3f;
01c89:34;
01c8a:2e;
01c8b:25;
01c8c:20;
01c8d:16;
01c8e:17;
01c8f:16;
01c90:20;
01c91:26;
01c92:3a;
01c93:34;
01c94:3a;
01c95:43;
01c96:3f;
01c97:43;
01c98:3a;
01c99:2d;
01c9a:2d;
01c9b:30;
01c9c:36;
01c9d:36;
01c9e:30;
01c9f:3a;
01ca0:30;
01ca1:2d;
01ca2:30;
01ca3:2e;
01ca4:20;
01ca5:2d;
01ca6:30;
01ca7:3a;
01ca8:30;
01ca9:36;
01caa:3a;
01cab:2d;
01cac:3a;
01cad:43;
01cae:3a;
01caf:43;
01cb0:3f;
01cb1:3a;
01cb2:2d;
01cb3:2d;
01cb4:2d;
01cb5:2d;
01cb6:2d;
01cb7:3a;
01cb8:35;
01cb9:3f;
01cba:3f;
01cbb:36;
01cbc:36;
01cbd:3e;
01cbe:43;
01cbf:4a;
01cc0:3f;
01cc1:43;
01cc2:43;
01cc3:43;
01cc4:4a;
01cc5:4f;
01cc6:4f;
01cc7:4f;
01cc8:49;
01cc9:4a;
01cca:5f;
01ccb:4a;
01ccc:4f;
01ccd:43;
01cce:43;
01ccf:43;
01cd0:3e;
01cd1:43;
01cd2:43;
01cd3:53;
01cd4:4f;
01cd5:4f;
01cd6:4f;
01cd7:49;
01cd8:35;
01cd9:2d;
01cda:3a;
01cdb:43;
01cdc:3f;
01cdd:3e;
01cde:41;
01cdf:43;
01ce0:3e;
01ce1:3e;
01ce2:39;
01ce3:3e;
01ce4:4a;
01ce5:4b;
01ce6:60;
01ce7:74;
01ce8:73;
01ce9:9f;
01cea:74;
01ceb:9f;
01cec:79;
01ced:73;
01cee:60;
01cef:4b;
01cf0:49;
01cf1:39;
01cf2:33;
01cf3:38;
01cf4:33;
01cf5:33;
01cf6:33;
01cf7:33;
01cf8:33;
01cf9:33;
01cfa:2d;
01cfb:3f;
01cfc:74;
01cfd:84;
01cfe:79;
01cff:64;
01d00:53;
01d01:4f;
01d02:3e;
01d03:39;
01d04:49;
01d05:41;
01d06:41;
01d07:38;
01d08:41;
01d09:41;
01d0a:48;
01d0b:48;
01d0c:48;
01d0d:4b;
01d0e:5c;
01d0f:3f;
01d10:4d;
01d11:43;
01d12:49;
01d13:38;
01d14:33;
01d15:38;
01d16:48;
01d17:31;
01d18:2b;
01d19:2e;
01d1a:26;
01d1b:16;
01d1c:16;
01d1d:13;
01d1e:16;
01d1f:26;
01d20:1e;
01d21:1c;
01d22:25;
01d23:28;
01d24:30;
01d25:30;
01d26:20;
01d27:25;
01d28:25;
01d29:25;
01d2a:26;
01d2b:2e;
01d2c:2e;
01d2d:22;
01d2e:20;
01d2f:18;
01d30:20;
01d31:20;
01d32:26;
01d33:25;
01d34:26;
01d35:1b;
01d36:1c;
01d37:20;
01d38:16;
01d39:0c;
01d3a:09;
01d3b:09;
01d3c:17;
01d3d:16;
01d3e:2e;
01d3f:2b;
01d40:2e;
01d41:20;
01d42:20;
01d43:20;
01d44:2e;
01d45:1f;
01d46:22;
01d47:09;
01d48:12;
01d49:18;
01d4a:22;
01d4b:22;
01d4c:22;
01d4d:2e;
01d4e:41;
01d4f:57;
01d50:84;
01d51:84;
01d52:84;
01d53:7d;
01d54:4b;
01d55:35;
01d56:35;
01d57:20;
01d58:20;
01d59:20;
01d5a:20;
01d5b:20;
01d5c:26;
01d5d:26;
01d5e:2b;
01d5f:34;
01d60:31;
01d61:26;
01d62:16;
01d63:25;
01d64:2d;
01d65:2d;
01d66:33;
01d67:36;
01d68:4a;
01d69:60;
01d6a:74;
01d6b:85;
01d6c:92;
01d6d:a7;
01d6e:af;
01d6f:88;
01d70:a7;
01d71:a7;
01d72:92;
01d73:92;
01d74:92;
01d75:92;
01d76:92;
01d77:92;
01d78:85;
01d79:92;
01d7a:85;
01d7b:a7;
01d7c:92;
01d7d:a7;
01d7e:92;
01d7f:92;
01d80:84;
01d81:92;
01d82:92;
01d83:92;
01d84:84;
01d85:84;
01d86:84;
01d87:84;
01d88:84;
01d89:84;
01d8a:84;
01d8b:85;
01d8c:92;
01d8d:85;
01d8e:92;
01d8f:92;
01d90:92;
01d91:a7;
01d92:a7;
01d93:a7;
01d94:bf;
01d95:a7;
01d96:af;
01d97:99;
01d98:af;
01d99:99;
01d9a:bf;
01d9b:99;
01d9c:a7;
01d9d:92;
01d9e:84;
01d9f:92;
01da0:a7;
01da1:92;
01da2:bf;
01da3:a7;
01da4:a7;
01da5:92;
01da6:a9;
01da7:84;
01da8:9f;
01da9:84;
01daa:a7;
01dab:a9;
01dac:a7;
01dad:a9;
01dae:a7;
01daf:a9;
01db0:a9;
01db1:a9;
01db2:9d;
01db3:a9;
01db4:a9;
01db5:a9;
01db6:9f;
01db7:a9;
01db8:9f;
01db9:a9;
01dba:a9;
01dbb:a9;
01dbc:bf;
01dbd:a9;
01dbe:b6;
01dbf:a9;
01dc0:bf;
01dc1:a9;
01dc2:e6;
01dc3:bf;
01dc4:e6;
01dc5:e6;
01dc6:e0;
01dc7:de;
01dc8:de;
01dc9:e7;
01dca:f4;
01dcb:fd;
01dcc:fe;
01dcd:f8;
01dce:fe;
01dcf:f8;
01dd0:f3;
01dd1:f8;
01dd2:f8;
01dd3:f3;
01dd4:f3;
01dd5:f3;
01dd6:fd;
01dd7:fd;
01dd8:fb;
01dd9:fb;
01dda:fb;
01ddb:fa;
01ddc:ec;
01ddd:e2;
01dde:c6;
01ddf:c6;
01de0:ad;
01de1:a5;
01de2:7e;
01de3:8b;
01de4:8c;
01de5:8b;
01de6:8b;
01de7:7e;
01de8:96;
01de9:96;
01dea:b4;
01deb:be;
01dec:cc;
01ded:cc;
01dee:c8;
01def:c5;
01df0:c6;
01df1:c6;
01df2:c6;
01df3:c5;
01df4:e4;
01df5:e7;
01df6:e7;
01df7:c8;
01df8:7d;
01df9:4d;
01dfa:4f;
01dfb:41;
01dfc:3e;
01dfd:39;
01dfe:2d;
01dff:2d;
01e00:04;
01e01:02;
01e02:04;
01e03:02;
01e04:04;
01e05:04;
01e06:06;
01e07:06;
01e08:0a;
01e09:04;
01e0a:04;
01e0b:04;
01e0c:04;
01e0d:02;
01e0e:04;
01e0f:04;
01e10:04;
01e11:04;
01e12:04;
01e13:04;
01e14:02;
01e15:04;
01e16:02;
01e17:04;
01e18:04;
01e19:04;
01e1a:04;
01e1b:06;
01e1c:06;
01e1d:05;
01e1e:06;
01e1f:0a;
01e20:04;
01e21:04;
01e22:04;
01e23:04;
01e24:04;
01e25:04;
01e26:04;
01e27:04;
01e28:05;
01e29:06;
01e2a:06;
01e2b:04;
01e2c:06;
01e2d:06;
01e2e:0a;
01e2f:0a;
01e30:04;
01e31:04;
01e32:02;
01e33:04;
01e34:04;
01e35:04;
01e36:0a;
01e37:0c;
01e38:0c;
01e39:11;
01e3a:16;
01e3b:0a;
01e3c:16;
01e3d:0a;
01e3e:06;
01e3f:06;
01e40:04;
01e41:04;
01e42:04;
01e43:04;
01e44:06;
01e45:0a;
01e46:06;
01e47:0a;
01e48:04;
01e49:04;
01e4a:00;
01e4b:04;
01e4c:02;
01e4d:04;
01e4e:04;
01e4f:04;
01e50:00;
01e51:04;
01e52:04;
01e53:04;
01e54:06;
01e55:0c;
01e56:0c;
01e57:0c;
01e58:0c;
01e59:0c;
01e5a:0a;
01e5b:04;
01e5c:04;
01e5d:04;
01e5e:05;
01e5f:0a;
01e60:0a;
01e61:06;
01e62:06;
01e63:04;
01e64:04;
01e65:06;
01e66:06;
01e67:0a;
01e68:0c;
01e69:0c;
01e6a:0c;
01e6b:0c;
01e6c:06;
01e6d:06;
01e6e:04;
01e6f:04;
01e70:04;
01e71:04;
01e72:04;
01e73:06;
01e74:0a;
01e75:0a;
01e76:06;
01e77:0a;
01e78:0a;
01e79:06;
01e7a:06;
01e7b:06;
01e7c:04;
01e7d:04;
01e7e:00;
01e7f:04;
01e80:04;
01e81:04;
01e82:06;
01e83:0a;
01e84:0c;
01e85:11;
01e86:0c;
01e87:09;
01e88:05;
01e89:0a;
01e8a:06;
01e8b:06;
01e8c:06;
01e8d:06;
01e8e:06;
01e8f:06;
01e90:06;
01e91:0a;
01e92:14;
01e93:11;
01e94:14;
01e95:11;
01e96:11;
01e97:0a;
01e98:05;
01e99:0a;
01e9a:06;
01e9b:04;
01e9c:04;
01e9d:06;
01e9e:06;
01e9f:0a;
01ea0:0c;
01ea1:0c;
01ea2:0c;
01ea3:06;
01ea4:06;
01ea5:04;
01ea6:06;
01ea7:0c;
01ea8:0c;
01ea9:0c;
01eaa:15;
01eab:0a;
01eac:06;
01ead:06;
01eae:06;
01eaf:06;
01eb0:0c;
01eb1:11;
01eb2:16;
01eb3:16;
01eb4:0c;
01eb5:0c;
01eb6:0a;
01eb7:0a;
01eb8:0a;
01eb9:06;
01eba:04;
01ebb:00;
01ebc:02;
01ebd:02;
01ebe:04;
01ebf:04;
01ec0:0c;
01ec1:14;
01ec2:11;
01ec3:15;
01ec4:16;
01ec5:0c;
01ec6:0a;
01ec7:0c;
01ec8:0c;
01ec9:06;
01eca:0b;
01ecb:0c;
01ecc:0c;
01ecd:16;
01ece:11;
01ecf:15;
01ed0:16;
01ed1:0c;
01ed2:06;
01ed3:04;
01ed4:06;
01ed5:0c;
01ed6:0c;
01ed7:0c;
01ed8:0a;
01ed9:06;
01eda:04;
01edb:04;
01edc:06;
01edd:0b;
01ede:0c;
01edf:0c;
01ee0:0a;
01ee1:0a;
01ee2:06;
01ee3:06;
01ee4:04;
01ee5:04;
01ee6:06;
01ee7:0a;
01ee8:14;
01ee9:1c;
01eea:15;
01eeb:14;
01eec:16;
01eed:0c;
01eee:09;
01eef:0c;
01ef0:0c;
01ef1:0c;
01ef2:14;
01ef3:16;
01ef4:0c;
01ef5:0c;
01ef6:06;
01ef7:06;
01ef8:0a;
01ef9:0c;
01efa:15;
01efb:15;
01efc:16;
01efd:0c;
01efe:0c;
01eff:0a;
01f00:0c;
01f01:09;
01f02:06;
01f03:06;
01f04:06;
01f05:06;
01f06:09;
01f07:06;
01f08:09;
01f09:0a;
01f0a:14;
01f0b:1f;
01f0c:15;
01f0d:16;
01f0e:0c;
01f0f:0a;
01f10:16;
01f11:0c;
01f12:0a;
01f13:06;
01f14:04;
01f15:06;
01f16:06;
01f17:0c;
01f18:14;
01f19:16;
01f1a:0c;
01f1b:09;
01f1c:0a;
01f1d:0c;
01f1e:11;
01f1f:0c;
01f20:0a;
01f21:0a;
01f22:16;
01f23:16;
01f24:0a;
01f25:09;
01f26:09;
01f27:0f;
01f28:09;
01f29:16;
01f2a:1f;
01f2b:11;
01f2c:16;
01f2d:11;
01f2e:1f;
01f2f:11;
01f30:0a;
01f31:04;
01f32:04;
01f33:06;
01f34:06;
01f35:06;
01f36:0c;
01f37:0a;
01f38:06;
01f39:06;
01f3a:0c;
01f3b:0a;
01f3c:09;
01f3d:09;
01f3e:0a;
01f3f:0c;
01f40:13;
01f41:0a;
01f42:1f;
01f43:1f;
01f44:18;
01f45:04;
01f46:06;
01f47:11;
01f48:15;
01f49:11;
01f4a:0a;
01f4b:06;
01f4c:06;
01f4d:0a;
01f4e:0a;
01f4f:0a;
01f50:04;
01f51:06;
01f52:09;
01f53:04;
01f54:09;
01f55:09;
01f56:16;
01f57:11;
01f58:16;
01f59:0a;
01f5a:0a;
01f5b:04;
01f5c:04;
01f5d:0a;
01f5e:11;
01f5f:11;
01f60:11;
01f61:0a;
01f62:04;
01f63:0a;
01f64:1f;
01f65:1f;
01f66:11;
01f67:0c;
01f68:09;
01f69:06;
01f6a:04;
01f6b:16;
01f6c:15;
01f6d:1f;
01f6e:1f;
01f6f:1e;
01f70:16;
01f71:16;
01f72:15;
01f73:2b;
01f74:1f;
01f75:16;
01f76:09;
01f77:0a;
01f78:09;
01f79:09;
01f7a:16;
01f7b:11;
01f7c:1f;
01f7d:11;
01f7e:16;
01f7f:18;
01f80:11;
01f81:16;
01f82:09;
01f83:04;
01f84:06;
01f85:09;
01f86:16;
01f87:1f;
01f88:1f;
01f89:1f;
01f8a:14;
01f8b:16;
01f8c:14;
01f8d:1f;
01f8e:16;
01f8f:09;
01f90:09;
01f91:09;
01f92:0a;
01f93:14;
01f94:16;
01f95:0b;
01f96:16;
01f97:16;
01f98:0b;
01f99:09;
01f9a:15;
01f9b:1f;
01f9c:11;
01f9d:09;
01f9e:06;
01f9f:0c;
01fa0:11;
01fa1:1f;
01fa2:0c;
01fa3:09;
01fa4:06;
01fa5:09;
01fa6:16;
01fa7:1f;
01fa8:16;
01fa9:13;
01faa:13;
01fab:13;
01fac:1b;
01fad:1f;
01fae:26;
01faf:1f;
01fb0:26;
01fb1:16;
01fb2:13;
01fb3:09;
01fb4:13;
01fb5:1f;
01fb6:1f;
01fb7:1f;
01fb8:1f;
01fb9:1f;
01fba:1f;
01fbb:1f;
01fbc:16;
01fbd:0a;
01fbe:11;
01fbf:11;
01fc0:1f;
01fc1:1f;
01fc2:16;
01fc3:06;
01fc4:06;
01fc5:0b;
01fc6:1f;
01fc7:14;
01fc8:15;
01fc9:16;
01fca:15;
01fcb:14;
01fcc:11;
01fcd:16;
01fce:09;
01fcf:06;
01fd0:04;
01fd1:09;
01fd2:09;
01fd3:16;
01fd4:16;
01fd5:0a;
01fd6:0c;
01fd7:16;
01fd8:1c;
01fd9:1f;
01fda:09;
01fdb:09;
01fdc:0b;
01fdd:16;
01fde:0b;
01fdf:09;
01fe0:16;
01fe1:16;
01fe2:16;
01fe3:0b;
01fe4:1f;
01fe5:1c;
01fe6:1c;
01fe7:14;
01fe8:16;
01fe9:09;
01fea:09;
01feb:0a;
01fec:22;
01fed:11;
01fee:15;
01fef:09;
01ff0:06;
01ff1:09;
01ff2:06;
01ff3:0b;
01ff4:29;
01ff5:1e;
01ff6:1e;
01ff7:0b;
01ff8:14;
01ff9:29;
01ffa:1f;
01ffb:18;
01ffc:09;
01ffd:09;
01ffe:16;
01fff:1f;
02000:1c;
02001:22;
02002:26;
02003:1f;
02004:13;
02005:16;
02006:1f;
02007:1f;
02008:09;
02009:0c;
0200a:14;
0200b:15;
0200c:0c;
0200d:05;
0200e:00;
0200f:04;
02010:06;
02011:16;
02012:26;
02013:20;
02014:26;
02015:20;
02016:20;
02017:16;
02018:11;
02019:15;
0201a:11;
0201b:0c;
0201c:06;
0201d:06;
0201e:06;
0201f:0c;
02020:1f;
02021:16;
02022:1f;
02023:16;
02024:13;
02025:09;
02026:1f;
02027:1c;
02028:16;
02029:16;
0202a:1c;
0202b:1f;
0202c:1f;
0202d:1f;
0202e:1e;
0202f:1f;
02030:1f;
02031:16;
02032:16;
02033:16;
02034:1f;
02035:2b;
02036:1f;
02037:20;
02038:13;
02039:17;
0203a:16;
0203b:22;
0203c:11;
0203d:11;
0203e:0a;
0203f:11;
02040:1f;
02041:1f;
02042:16;
02043:0a;
02044:13;
02045:16;
02046:1c;
02047:1c;
02048:1c;
02049:1b;
0204a:28;
0204b:2b;
0204c:29;
0204d:2b;
0204e:1f;
0204f:16;
02050:17;
02051:13;
02052:1b;
02053:27;
02054:30;
02055:23;
02056:28;
02057:1b;
02058:28;
02059:29;
0205a:2b;
0205b:1f;
0205c:09;
0205d:0c;
0205e:06;
0205f:16;
02060:1f;
02061:2e;
02062:20;
02063:2e;
02064:3f;
02065:34;
02066:2b;
02067:1b;
02068:1c;
02069:28;
0206a:1e;
0206b:1c;
0206c:1b;
0206d:13;
0206e:26;
0206f:2b;
02070:34;
02071:29;
02072:1e;
02073:13;
02074:13;
02075:1b;
02076:26;
02077:28;
02078:30;
02079:27;
0207a:26;
0207b:30;
0207c:28;
0207d:30;
0207e:30;
0207f:28;
02080:26;
02081:1c;
02082:26;
02083:1f;
02084:2b;
02085:1e;
02086:15;
02087:16;
02088:14;
02089:13;
0208a:0b;
0208b:13;
0208c:28;
0208d:29;
0208e:4b;
0208f:30;
02090:3f;
02091:34;
02092:2b;
02093:20;
02094:09;
02095:17;
02096:11;
02097:1f;
02098:1f;
02099:16;
0209a:1c;
0209b:26;
0209c:30;
0209d:34;
0209e:3f;
0209f:3f;
020a0:2e;
020a1:20;
020a2:2d;
020a3:1f;
020a4:2b;
020a5:2b;
020a6:1f;
020a7:16;
020a8:16;
020a9:09;
020aa:09;
020ab:16;
020ac:26;
020ad:26;
020ae:30;
020af:2b;
020b0:2b;
020b1:2b;
020b2:2b;
020b3:2b;
020b4:16;
020b5:17;
020b6:09;
020b7:0f;
020b8:09;
020b9:22;
020ba:2b;
020bb:31;
020bc:29;
020bd:2e;
020be:17;
020bf:17;
020c0:1b;
020c1:26;
020c2:2b;
020c3:26;
020c4:13;
020c5:16;
020c6:1f;
020c7:2b;
020c8:1f;
020c9:1c;
020ca:1c;
020cb:13;
020cc:13;
020cd:13;
020ce:20;
020cf:26;
020d0:30;
020d1:34;
020d2:30;
020d3:25;
020d4:2d;
020d5:30;
020d6:30;
020d7:2f;
020d8:30;
020d9:30;
020da:2b;
020db:34;
020dc:2e;
020dd:1c;
020de:13;
020df:20;
020e0:20;
020e1:30;
020e2:2b;
020e3:30;
020e4:25;
020e5:2d;
020e6:2f;
020e7:30;
020e8:34;
020e9:2b;
020ea:30;
020eb:26;
020ec:1b;
020ed:26;
020ee:2e;
020ef:2b;
020f0:26;
020f1:16;
020f2:20;
020f3:26;
020f4:30;
020f5:2b;
020f6:2b;
020f7:3a;
020f8:2b;
020f9:30;
020fa:2e;
020fb:26;
020fc:20;
020fd:13;
020fe:26;
020ff:2b;
02100:34;
02101:34;
02102:30;
02103:2e;
02104:30;
02105:35;
02106:30;
02107:30;
02108:25;
02109:20;
0210a:20;
0210b:30;
0210c:2b;
0210d:2b;
0210e:30;
0210f:1c;
02110:13;
02111:0b;
02112:09;
02113:17;
02114:2e;
02115:38;
02116:3a;
02117:3a;
02118:36;
02119:34;
0211a:30;
0211b:30;
0211c:25;
0211d:28;
0211e:28;
0211f:2b;
02120:2b;
02121:2b;
02122:26;
02123:17;
02124:20;
02125:25;
02126:2f;
02127:3a;
02128:3f;
02129:3f;
0212a:34;
0212b:30;
0212c:28;
0212d:13;
0212e:13;
0212f:17;
02130:17;
02131:13;
02132:2b;
02133:2b;
02134:2b;
02135:26;
02136:20;
02137:26;
02138:28;
02139:35;
0213a:34;
0213b:34;
0213c:2e;
0213d:26;
0213e:20;
0213f:20;
02140:17;
02141:30;
02142:34;
02143:30;
02144:2f;
02145:27;
02146:30;
02147:30;
02148:30;
02149:26;
0214a:20;
0214b:20;
0214c:26;
0214d:26;
0214e:26;
0214f:26;
02150:30;
02151:26;
02152:20;
02153:13;
02154:20;
02155:30;
02156:28;
02157:30;
02158:30;
02159:30;
0215a:30;
0215b:35;
0215c:35;
0215d:35;
0215e:2f;
0215f:2f;
02160:1c;
02161:20;
02162:20;
02163:26;
02164:30;
02165:30;
02166:34;
02167:3a;
02168:30;
02169:36;
0216a:30;
0216b:2d;
0216c:30;
0216d:30;
0216e:34;
0216f:25;
02170:1b;
02171:25;
02172:28;
02173:2b;
02174:1f;
02175:1f;
02176:16;
02177:20;
02178:20;
02179:36;
0217a:36;
0217b:3a;
0217c:35;
0217d:3a;
0217e:2f;
0217f:30;
02180:26;
02181:20;
02182:26;
02183:34;
02184:30;
02185:30;
02186:35;
02187:35;
02188:3f;
02189:35;
0218a:2e;
0218b:26;
0218c:20;
0218d:16;
0218e:17;
0218f:16;
02190:20;
02191:22;
02192:41;
02193:3a;
02194:3a;
02195:41;
02196:3f;
02197:34;
02198:36;
02199:2d;
0219a:2d;
0219b:2e;
0219c:30;
0219d:36;
0219e:35;
0219f:3a;
021a0:3a;
021a1:30;
021a2:30;
021a3:25;
021a4:20;
021a5:2e;
021a6:35;
021a7:3a;
021a8:30;
021a9:2d;
021aa:3a;
021ab:39;
021ac:3f;
021ad:43;
021ae:3a;
021af:43;
021b0:43;
021b1:36;
021b2:2d;
021b3:2d;
021b4:33;
021b5:2d;
021b6:36;
021b7:3a;
021b8:3f;
021b9:4a;
021ba:3f;
021bb:36;
021bc:36;
021bd:3a;
021be:43;
021bf:4a;
021c0:43;
021c1:4f;
021c2:43;
021c3:4f;
021c4:5f;
021c5:5f;
021c6:4f;
021c7:4f;
021c8:4f;
021c9:4a;
021ca:5f;
021cb:60;
021cc:53;
021cd:4f;
021ce:4f;
021cf:43;
021d0:4f;
021d1:44;
021d2:4f;
021d3:53;
021d4:53;
021d5:4f;
021d6:43;
021d7:43;
021d8:35;
021d9:36;
021da:3a;
021db:43;
021dc:4d;
021dd:43;
021de:41;
021df:49;
021e0:49;
021e1:45;
021e2:39;
021e3:5f;
021e4:5f;
021e5:6f;
021e6:6f;
021e7:90;
021e8:8b;
021e9:9f;
021ea:9f;
021eb:9f;
021ec:56;
021ed:48;
021ee:3a;
021ef:2d;
021f0:33;
021f1:33;
021f2:33;
021f3:38;
021f4:33;
021f5:33;
021f6:41;
021f7:38;
021f8:38;
021f9:38;
021fa:41;
021fb:60;
021fc:84;
021fd:79;
021fe:56;
021ff:4a;
02200:38;
02201:45;
02202:3e;
02203:41;
02204:49;
02205:43;
02206:45;
02207:43;
02208:4b;
02209:56;
0220a:57;
0220b:48;
0220c:3f;
0220d:2e;
0220e:26;
0220f:2e;
02210:2e;
02211:2e;
02212:2e;
02213:33;
02214:2e;
02215:3a;
02216:34;
02217:3f;
02218:2b;
02219:2e;
0221a:20;
0221b:13;
0221c:20;
0221d:20;
0221e:1c;
0221f:26;
02220:2e;
02221:1f;
02222:26;
02223:2e;
02224:26;
02225:2e;
02226:25;
02227:20;
02228:2d;
02229:2e;
0222a:20;
0222b:2e;
0222c:2e;
0222d:2e;
0222e:22;
0222f:21;
02230:20;
02231:26;
02232:2e;
02233:20;
02234:25;
02235:25;
02236:25;
02237:1c;
02238:20;
02239:17;
0223a:17;
0223b:09;
0223c:17;
0223d:16;
0223e:2b;
0223f:2e;
02240:2e;
02241:33;
02242:20;
02243:33;
02244:2e;
02245:2e;
02246:22;
02247:18;
02248:0f;
02249:12;
0224a:18;
0224b:22;
0224c:22;
0224d:22;
0224e:2c;
0224f:2d;
02250:35;
02251:2f;
02252:2f;
02253:2e;
02254:2e;
02255:33;
02256:21;
02257:33;
02258:22;
02259:2c;
0225a:22;
0225b:22;
0225c:17;
0225d:16;
0225e:2b;
0225f:34;
02260:34;
02261:1d;
02262:1b;
02263:2d;
02264:45;
02265:39;
02266:49;
02267:60;
02268:73;
02269:84;
0226a:92;
0226b:84;
0226c:84;
0226d:84;
0226e:74;
0226f:84;
02270:74;
02271:74;
02272:74;
02273:74;
02274:57;
02275:74;
02276:74;
02277:74;
02278:74;
02279:74;
0227a:74;
0227b:6f;
0227c:57;
0227d:6f;
0227e:6f;
0227f:6f;
02280:6f;
02281:6f;
02282:6f;
02283:6f;
02284:74;
02285:6f;
02286:6f;
02287:57;
02288:6f;
02289:6f;
0228a:6f;
0228b:74;
0228c:6f;
0228d:74;
0228e:74;
0228f:6f;
02290:74;
02291:74;
02292:74;
02293:74;
02294:9d;
02295:74;
02296:74;
02297:9d;
02298:9d;
02299:74;
0229a:74;
0229b:74;
0229c:6f;
0229d:48;
0229e:4a;
0229f:5c;
022a0:5c;
022a1:6f;
022a2:57;
022a3:6f;
022a4:60;
022a5:6f;
022a6:48;
022a7:60;
022a8:6f;
022a9:6f;
022aa:6f;
022ab:90;
022ac:90;
022ad:74;
022ae:90;
022af:9f;
022b0:74;
022b1:9f;
022b2:9f;
022b3:9f;
022b4:9f;
022b5:90;
022b6:9f;
022b7:90;
022b8:9f;
022b9:9f;
022ba:9f;
022bb:9f;
022bc:b6;
022bd:9f;
022be:a9;
022bf:b6;
022c0:a9;
022c1:b6;
022c2:a9;
022c3:db;
022c4:e6;
022c5:e6;
022c6:e6;
022c7:e7;
022c8:ec;
022c9:ed;
022ca:ed;
022cb:fe;
022cc:f3;
022cd:fe;
022ce:f8;
022cf:f3;
022d0:ee;
022d1:ee;
022d2:ee;
022d3:ee;
022d4:f8;
022d5:f8;
022d6:fe;
022d7:fe;
022d8:f0;
022d9:fd;
022da:fd;
022db:fa;
022dc:f7;
022dd:e1;
022de:c0;
022df:cd;
022e0:ad;
022e1:9e;
022e2:b4;
022e3:9e;
022e4:c2;
022e5:be;
022e6:b3;
022e7:c2;
022e8:c0;
022e9:e2;
022ea:c6;
022eb:c6;
022ec:be;
022ed:c8;
022ee:d6;
022ef:c5;
022f0:e4;
022f1:c5;
022f2:e4;
022f3:e7;
022f4:fb;
022f5:fb;
022f6:f7;
022f7:ae;
022f8:64;
022f9:41;
022fa:4d;
022fb:41;
022fc:41;
022fd:39;
022fe:2d;
022ff:2d;
02300:04;
02301:04;
02302:02;
02303:02;
02304:04;
02305:04;
02306:06;
02307:06;
02308:06;
02309:04;
0230a:04;
0230b:04;
0230c:04;
0230d:04;
0230e:04;
0230f:04;
02310:04;
02311:04;
02312:02;
02313:02;
02314:02;
02315:02;
02316:04;
02317:04;
02318:04;
02319:04;
0231a:06;
0231b:06;
0231c:05;
0231d:06;
0231e:04;
0231f:06;
02320:04;
02321:04;
02322:04;
02323:02;
02324:04;
02325:02;
02326:04;
02327:06;
02328:0a;
02329:05;
0232a:06;
0232b:04;
0232c:06;
0232d:0a;
0232e:06;
0232f:06;
02330:04;
02331:04;
02332:02;
02333:04;
02334:04;
02335:04;
02336:0a;
02337:0c;
02338:11;
02339:16;
0233a:0a;
0233b:0a;
0233c:0c;
0233d:0a;
0233e:06;
0233f:04;
02340:04;
02341:02;
02342:04;
02343:06;
02344:06;
02345:06;
02346:06;
02347:04;
02348:04;
02349:04;
0234a:04;
0234b:02;
0234c:04;
0234d:00;
0234e:04;
0234f:04;
02350:04;
02351:04;
02352:04;
02353:06;
02354:0a;
02355:0c;
02356:11;
02357:0c;
02358:0c;
02359:0a;
0235a:06;
0235b:04;
0235c:04;
0235d:06;
0235e:0a;
0235f:06;
02360:06;
02361:04;
02362:04;
02363:04;
02364:04;
02365:09;
02366:0a;
02367:0c;
02368:0c;
02369:0a;
0236a:0c;
0236b:0c;
0236c:06;
0236d:06;
0236e:04;
0236f:04;
02370:04;
02371:04;
02372:06;
02373:0a;
02374:0a;
02375:0a;
02376:0c;
02377:0a;
02378:06;
02379:0a;
0237a:06;
0237b:06;
0237c:00;
0237d:04;
0237e:04;
0237f:04;
02380:04;
02381:04;
02382:06;
02383:0c;
02384:0c;
02385:0c;
02386:0c;
02387:06;
02388:06;
02389:06;
0238a:06;
0238b:06;
0238c:04;
0238d:06;
0238e:04;
0238f:09;
02390:0a;
02391:0c;
02392:15;
02393:16;
02394:0c;
02395:0c;
02396:0a;
02397:0a;
02398:06;
02399:06;
0239a:06;
0239b:04;
0239c:06;
0239d:06;
0239e:0a;
0239f:0c;
023a0:0a;
023a1:0c;
023a2:0c;
023a3:06;
023a4:06;
023a5:04;
023a6:06;
023a7:0c;
023a8:15;
023a9:15;
023aa:0c;
023ab:06;
023ac:06;
023ad:04;
023ae:06;
023af:06;
023b0:0c;
023b1:11;
023b2:14;
023b3:0c;
023b4:0a;
023b5:0c;
023b6:0a;
023b7:0c;
023b8:0a;
023b9:06;
023ba:04;
023bb:02;
023bc:02;
023bd:04;
023be:04;
023bf:06;
023c0:0c;
023c1:11;
023c2:15;
023c3:16;
023c4:0c;
023c5:0c;
023c6:0a;
023c7:0c;
023c8:0c;
023c9:09;
023ca:0b;
023cb:0c;
023cc:16;
023cd:15;
023ce:1f;
023cf:11;
023d0:16;
023d1:06;
023d2:04;
023d3:06;
023d4:0a;
023d5:0c;
023d6:16;
023d7:0c;
023d8:06;
023d9:04;
023da:04;
023db:09;
023dc:0a;
023dd:0c;
023de:0c;
023df:09;
023e0:06;
023e1:06;
023e2:04;
023e3:04;
023e4:04;
023e5:04;
023e6:04;
023e7:16;
023e8:1c;
023e9:1f;
023ea:14;
023eb:16;
023ec:0c;
023ed:0b;
023ee:16;
023ef:0c;
023f0:16;
023f1:16;
023f2:0c;
023f3:11;
023f4:0c;
023f5:09;
023f6:06;
023f7:04;
023f8:0c;
023f9:16;
023fa:15;
023fb:1e;
023fc:16;
023fd:0c;
023fe:0c;
023ff:0c;
02400:0c;
02401:06;
02402:06;
02403:06;
02404:04;
02405:09;
02406:06;
02407:09;
02408:09;
02409:0c;
0240a:14;
0240b:15;
0240c:15;
0240d:16;
0240e:0a;
0240f:09;
02410:0a;
02411:0c;
02412:09;
02413:06;
02414:04;
02415:06;
02416:09;
02417:0c;
02418:0c;
02419:0c;
0241a:09;
0241b:09;
0241c:0c;
0241d:16;
0241e:11;
0241f:0a;
02420:0a;
02421:0a;
02422:16;
02423:16;
02424:09;
02425:09;
02426:0f;
02427:09;
02428:0a;
02429:20;
0242a:16;
0242b:16;
0242c:16;
0242d:16;
0242e:11;
0242f:11;
02430:04;
02431:04;
02432:06;
02433:06;
02434:0a;
02435:0c;
02436:06;
02437:05;
02438:0c;
02439:0c;
0243a:0a;
0243b:09;
0243c:09;
0243d:09;
0243e:09;
0243f:09;
02440:0a;
02441:16;
02442:1c;
02443:22;
02444:0a;
02445:09;
02446:0a;
02447:0c;
02448:11;
02449:0c;
0244a:0a;
0244b:06;
0244c:06;
0244d:0a;
0244e:0a;
0244f:06;
02450:0f;
02451:04;
02452:09;
02453:04;
02454:09;
02455:09;
02456:16;
02457:11;
02458:16;
02459:0a;
0245a:0f;
0245b:04;
0245c:04;
0245d:0a;
0245e:11;
0245f:11;
02460:0a;
02461:0a;
02462:04;
02463:11;
02464:15;
02465:11;
02466:11;
02467:0a;
02468:09;
02469:06;
0246a:09;
0246b:16;
0246c:15;
0246d:15;
0246e:16;
0246f:1c;
02470:16;
02471:0b;
02472:1f;
02473:1f;
02474:1f;
02475:09;
02476:09;
02477:09;
02478:09;
02479:11;
0247a:1f;
0247b:1f;
0247c:1f;
0247d:11;
0247e:16;
0247f:0a;
02480:18;
02481:16;
02482:09;
02483:06;
02484:0f;
02485:0c;
02486:16;
02487:15;
02488:1f;
02489:16;
0248a:16;
0248b:16;
0248c:16;
0248d:16;
0248e:16;
0248f:09;
02490:06;
02491:0a;
02492:16;
02493:1f;
02494:1f;
02495:14;
02496:16;
02497:1b;
02498:09;
02499:09;
0249a:15;
0249b:1f;
0249c:16;
0249d:06;
0249e:06;
0249f:0c;
024a0:15;
024a1:15;
024a2:0c;
024a3:09;
024a4:09;
024a5:09;
024a6:16;
024a7:1f;
024a8:13;
024a9:13;
024aa:20;
024ab:20;
024ac:1c;
024ad:26;
024ae:1f;
024af:26;
024b0:16;
024b1:13;
024b2:09;
024b3:17;
024b4:16;
024b5:1c;
024b6:1f;
024b7:2b;
024b8:2b;
024b9:29;
024ba:1f;
024bb:1f;
024bc:09;
024bd:0a;
024be:16;
024bf:11;
024c0:1f;
024c1:11;
024c2:0c;
024c3:06;
024c4:09;
024c5:09;
024c6:1e;
024c7:15;
024c8:14;
024c9:1f;
024ca:15;
024cb:1c;
024cc:11;
024cd:0c;
024ce:09;
024cf:06;
024d0:04;
024d1:09;
024d2:16;
024d3:0c;
024d4:09;
024d5:0c;
024d6:16;
024d7:1f;
024d8:1f;
024d9:1f;
024da:0b;
024db:0c;
024dc:16;
024dd:16;
024de:0b;
024df:09;
024e0:0c;
024e1:16;
024e2:16;
024e3:0b;
024e4:14;
024e5:1c;
024e6:1c;
024e7:14;
024e8:13;
024e9:06;
024ea:09;
024eb:0a;
024ec:16;
024ed:11;
024ee:1f;
024ef:06;
024f0:0a;
024f1:06;
024f2:04;
024f3:0b;
024f4:1f;
024f5:1e;
024f6:14;
024f7:14;
024f8:1e;
024f9:2b;
024fa:11;
024fb:0a;
024fc:09;
024fd:09;
024fe:16;
024ff:16;
02500:26;
02501:1c;
02502:16;
02503:26;
02504:16;
02505:16;
02506:1c;
02507:1f;
02508:0b;
02509:16;
0250a:16;
0250b:15;
0250c:0c;
0250d:03;
0250e:04;
0250f:04;
02510:06;
02511:16;
02512:26;
02513:26;
02514:26;
02515:20;
02516:20;
02517:1c;
02518:1f;
02519:11;
0251a:11;
0251b:11;
0251c:06;
0251d:06;
0251e:06;
0251f:0c;
02520:1e;
02521:11;
02522:1c;
02523:16;
02524:09;
02525:13;
02526:1f;
02527:1f;
02528:16;
02529:16;
0252a:1f;
0252b:1c;
0252c:1c;
0252d:1f;
0252e:1f;
0252f:1f;
02530:1f;
02531:16;
02532:16;
02533:16;
02534:1c;
02535:2b;
02536:26;
02537:16;
02538:13;
02539:16;
0253a:22;
0253b:1f;
0253c:1f;
0253d:11;
0253e:18;
0253f:1f;
02540:11;
02541:11;
02542:16;
02543:09;
02544:13;
02545:13;
02546:1c;
02547:1c;
02548:1c;
02549:26;
0254a:28;
0254b:34;
0254c:2b;
0254d:2b;
0254e:1f;
0254f:17;
02550:17;
02551:13;
02552:1b;
02553:1d;
02554:23;
02555:23;
02556:28;
02557:27;
02558:28;
02559:34;
0255a:2b;
0255b:22;
0255c:0a;
0255d:0b;
0255e:09;
0255f:16;
02560:1c;
02561:26;
02562:20;
02563:2b;
02564:34;
02565:34;
02566:2b;
02567:1b;
02568:2b;
02569:23;
0256a:1e;
0256b:1c;
0256c:1b;
0256d:1c;
0256e:2e;
0256f:2b;
02570:34;
02571:29;
02572:1c;
02573:13;
02574:13;
02575:1b;
02576:1c;
02577:2b;
02578:28;
02579:28;
0257a:2d;
0257b:30;
0257c:30;
0257d:28;
0257e:30;
0257f:26;
02580:26;
02581:1c;
02582:26;
02583:26;
02584:2b;
02585:0e;
02586:15;
02587:16;
02588:0b;
02589:13;
0258a:13;
0258b:13;
0258c:30;
0258d:3f;
0258e:3f;
0258f:28;
02590:34;
02591:34;
02592:26;
02593:13;
02594:0f;
02595:09;
02596:18;
02597:11;
02598:1f;
02599:11;
0259a:14;
0259b:1c;
0259c:30;
0259d:3a;
0259e:34;
0259f:3f;
025a0:2e;
025a1:2d;
025a2:2e;
025a3:26;
025a4:29;
025a5:1f;
025a6:1f;
025a7:11;
025a8:0c;
025a9:09;
025aa:09;
025ab:16;
025ac:26;
025ad:30;
025ae:2b;
025af:30;
025b0:2b;
025b1:34;
025b2:2b;
025b3:2b;
025b4:16;
025b5:17;
025b6:09;
025b7:09;
025b8:09;
025b9:1c;
025ba:2b;
025bb:31;
025bc:2b;
025bd:26;
025be:17;
025bf:17;
025c0:20;
025c1:26;
025c2:2b;
025c3:1c;
025c4:13;
025c5:26;
025c6:1f;
025c7:2b;
025c8:1f;
025c9:1c;
025ca:16;
025cb:13;
025cc:13;
025cd:13;
025ce:25;
025cf:26;
025d0:30;
025d1:2b;
025d2:30;
025d3:2d;
025d4:2e;
025d5:2f;
025d6:30;
025d7:2d;
025d8:2e;
025d9:30;
025da:30;
025db:34;
025dc:26;
025dd:20;
025de:13;
025df:20;
025e0:13;
025e1:30;
025e2:2b;
025e3:30;
025e4:2d;
025e5:20;
025e6:2f;
025e7:30;
025e8:30;
025e9:2b;
025ea:2b;
025eb:1b;
025ec:20;
025ed:26;
025ee:28;
025ef:2b;
025f0:28;
025f1:20;
025f2:25;
025f3:20;
025f4:2e;
025f5:30;
025f6:2b;
025f7:2b;
025f8:2b;
025f9:2b;
025fa:2e;
025fb:20;
025fc:20;
025fd:13;
025fe:26;
025ff:28;
02600:34;
02601:30;
02602:30;
02603:2d;
02604:2e;
02605:30;
02606:30;
02607:30;
02608:25;
02609:20;
0260a:25;
0260b:28;
0260c:2b;
0260d:34;
0260e:30;
0260f:1c;
02610:13;
02611:0b;
02612:0b;
02613:13;
02614:30;
02615:2b;
02616:41;
02617:3a;
02618:3a;
02619:41;
0261a:35;
0261b:2f;
0261c:27;
0261d:25;
0261e:28;
0261f:2b;
02620:2b;
02621:2e;
02622:1f;
02623:13;
02624:20;
02625:2d;
02626:2d;
02627:30;
02628:34;
02629:34;
0262a:3a;
0262b:30;
0262c:25;
0262d:13;
0262e:13;
0262f:17;
02630:09;
02631:13;
02632:2e;
02633:2b;
02634:34;
02635:2b;
02636:26;
02637:26;
02638:30;
02639:30;
0263a:34;
0263b:2b;
0263c:30;
0263d:26;
0263e:20;
0263f:18;
02640:20;
02641:2b;
02642:34;
02643:30;
02644:30;
02645:27;
02646:2f;
02647:30;
02648:27;
02649:26;
0264a:20;
0264b:20;
0264c:26;
0264d:26;
0264e:26;
0264f:28;
02650:2b;
02651:26;
02652:20;
02653:13;
02654:25;
02655:2b;
02656:2f;
02657:28;
02658:35;
02659:30;
0265a:23;
0265b:30;
0265c:30;
0265d:35;
0265e:30;
0265f:27;
02660:20;
02661:20;
02662:1b;
02663:26;
02664:2e;
02665:2b;
02666:34;
02667:3a;
02668:30;
02669:30;
0266a:30;
0266b:30;
0266c:30;
0266d:34;
0266e:30;
0266f:26;
02670:1b;
02671:1c;
02672:28;
02673:2b;
02674:15;
02675:16;
02676:1c;
02677:20;
02678:20;
02679:36;
0267a:36;
0267b:30;
0267c:36;
0267d:30;
0267e:2f;
0267f:30;
02680:26;
02681:20;
02682:26;
02683:34;
02684:30;
02685:35;
02686:35;
02687:3a;
02688:34;
02689:3a;
0268a:30;
0268b:26;
0268c:20;
0268d:16;
0268e:17;
0268f:16;
02690:20;
02691:22;
02692:34;
02693:3a;
02694:3a;
02695:43;
02696:43;
02697:43;
02698:3a;
02699:2d;
0269a:2e;
0269b:30;
0269c:36;
0269d:36;
0269e:3a;
0269f:3a;
026a0:30;
026a1:3a;
026a2:30;
026a3:25;
026a4:20;
026a5:30;
026a6:30;
026a7:35;
026a8:30;
026a9:2f;
026aa:3a;
026ab:36;
026ac:3a;
026ad:43;
026ae:35;
026af:3e;
026b0:41;
026b1:3a;
026b2:39;
026b3:2d;
026b4:2d;
026b5:2d;
026b6:39;
026b7:3a;
026b8:3f;
026b9:3f;
026ba:3f;
026bb:36;
026bc:36;
026bd:36;
026be:43;
026bf:4a;
026c0:4a;
026c1:43;
026c2:4a;
026c3:4f;
026c4:53;
026c5:5f;
026c6:4f;
026c7:4f;
026c8:4f;
026c9:5f;
026ca:60;
026cb:60;
026cc:53;
026cd:53;
026ce:4f;
026cf:53;
026d0:4f;
026d1:44;
026d2:53;
026d3:53;
026d4:53;
026d5:53;
026d6:4f;
026d7:4f;
026d8:43;
026d9:36;
026da:36;
026db:43;
026dc:41;
026dd:43;
026de:41;
026df:49;
026e0:3e;
026e1:3e;
026e2:45;
026e3:59;
026e4:5f;
026e5:5f;
026e6:5f;
026e7:59;
026e8:71;
026e9:90;
026ea:90;
026eb:6f;
026ec:3f;
026ed:2d;
026ee:25;
026ef:33;
026f0:33;
026f1:33;
026f2:33;
026f3:2c;
026f4:33;
026f5:3b;
026f6:48;
026f7:5b;
026f8:48;
026f9:48;
026fa:60;
026fb:60;
026fc:4b;
026fd:4f;
026fe:35;
026ff:39;
02700:33;
02701:4d;
02702:4d;
02703:4d;
02704:3e;
02705:33;
02706:49;
02707:4b;
02708:74;
02709:74;
0270a:3f;
0270b:35;
0270c:2e;
0270d:20;
0270e:20;
0270f:20;
02710:33;
02711:2e;
02712:33;
02713:33;
02714:20;
02715:20;
02716:36;
02717:30;
02718:2e;
02719:2e;
0271a:20;
0271b:26;
0271c:20;
0271d:22;
0271e:26;
0271f:2e;
02720:2b;
02721:26;
02722:26;
02723:26;
02724:26;
02725:26;
02726:20;
02727:2e;
02728:2e;
02729:2e;
0272a:2e;
0272b:2e;
0272c:41;
0272d:1f;
0272e:22;
0272f:17;
02730:18;
02731:33;
02732:26;
02733:25;
02734:25;
02735:25;
02736:26;
02737:20;
02738:16;
02739:13;
0273a:17;
0273b:17;
0273c:0a;
0273d:20;
0273e:2b;
0273f:2e;
02740:2e;
02741:33;
02742:20;
02743:2d;
02744:2e;
02745:2e;
02746:22;
02747:0a;
02748:12;
02749:12;
0274a:18;
0274b:18;
0274c:22;
0274d:2c;
0274e:18;
0274f:33;
02750:2f;
02751:2f;
02752:2f;
02753:2e;
02754:2e;
02755:2e;
02756:22;
02757:33;
02758:22;
02759:38;
0275a:22;
0275b:18;
0275c:0f;
0275d:17;
0275e:26;
0275f:34;
02760:34;
02761:1e;
02762:14;
02763:20;
02764:49;
02765:4f;
02766:9f;
02767:84;
02768:92;
02769:9f;
0276a:60;
0276b:4f;
0276c:39;
0276d:39;
0276e:39;
0276f:33;
02770:33;
02771:33;
02772:33;
02773:33;
02774:33;
02775:33;
02776:33;
02777:45;
02778:45;
02779:45;
0277a:45;
0277b:45;
0277c:45;
0277d:45;
0277e:45;
0277f:45;
02780:4d;
02781:59;
02782:4d;
02783:59;
02784:45;
02785:59;
02786:45;
02787:59;
02788:45;
02789:45;
0278a:4d;
0278b:45;
0278c:33;
0278d:45;
0278e:33;
0278f:45;
02790:33;
02791:45;
02792:33;
02793:39;
02794:39;
02795:3e;
02796:4d;
02797:3e;
02798:41;
02799:49;
0279a:41;
0279b:45;
0279c:41;
0279d:45;
0279e:45;
0279f:38;
027a0:49;
027a1:41;
027a2:49;
027a3:49;
027a4:41;
027a5:49;
027a6:45;
027a7:49;
027a8:45;
027a9:45;
027aa:4d;
027ab:49;
027ac:4d;
027ad:45;
027ae:49;
027af:59;
027b0:59;
027b1:49;
027b2:49;
027b3:59;
027b4:59;
027b5:59;
027b6:59;
027b7:71;
027b8:71;
027b9:71;
027ba:71;
027bb:90;
027bc:90;
027bd:72;
027be:72;
027bf:72;
027c0:86;
027c1:86;
027c2:a2;
027c3:a2;
027c4:b6;
027c5:b6;
027c6:db;
027c7:e6;
027c8:e6;
027c9:e7;
027ca:f4;
027cb:fe;
027cc:fe;
027cd:f3;
027ce:f3;
027cf:f8;
027d0:ee;
027d1:ee;
027d2:ee;
027d3:ef;
027d4:ee;
027d5:f8;
027d6:fe;
027d7:fe;
027d8:fd;
027d9:fd;
027da:fd;
027db:fb;
027dc:fa;
027dd:e1;
027de:c0;
027df:9e;
027e0:c2;
027e1:d6;
027e2:de;
027e3:ec;
027e4:c5;
027e5:be;
027e6:cc;
027e7:c6;
027e8:e2;
027e9:c0;
027ea:c0;
027eb:b4;
027ec:ad;
027ed:a3;
027ee:a9;
027ef:e4;
027f0:fb;
027f1:fb;
027f2:fd;
027f3:fb;
027f4:fd;
027f5:fb;
027f6:ae;
027f7:7d;
027f8:53;
027f9:4d;
027fa:41;
027fb:41;
027fc:38;
027fd:3e;
027fe:39;
027ff:2f;
02800:02;
02801:02;
02802:04;
02803:04;
02804:04;
02805:06;
02806:06;
02807:06;
02808:04;
02809:04;
0280a:04;
0280b:04;
0280c:04;
0280d:04;
0280e:04;
0280f:04;
02810:02;
02811:04;
02812:04;
02813:02;
02814:02;
02815:02;
02816:04;
02817:04;
02818:04;
02819:05;
0281a:0a;
0281b:06;
0281c:06;
0281d:03;
0281e:04;
0281f:04;
02820:04;
02821:04;
02822:04;
02823:04;
02824:02;
02825:04;
02826:04;
02827:0a;
02828:06;
02829:06;
0282a:06;
0282b:06;
0282c:04;
0282d:05;
0282e:06;
0282f:04;
02830:04;
02831:02;
02832:02;
02833:02;
02834:04;
02835:06;
02836:0a;
02837:16;
02838:0a;
02839:0a;
0283a:0a;
0283b:0a;
0283c:0a;
0283d:05;
0283e:04;
0283f:04;
02840:04;
02841:04;
02842:06;
02843:06;
02844:06;
02845:06;
02846:04;
02847:04;
02848:02;
02849:04;
0284a:00;
0284b:04;
0284c:04;
0284d:04;
0284e:04;
0284f:02;
02850:02;
02851:04;
02852:04;
02853:06;
02854:0c;
02855:0c;
02856:0c;
02857:0c;
02858:0a;
02859:06;
0285a:04;
0285b:04;
0285c:04;
0285d:06;
0285e:05;
0285f:0a;
02860:06;
02861:04;
02862:06;
02863:04;
02864:06;
02865:09;
02866:0a;
02867:0c;
02868:0c;
02869:06;
0286a:0c;
0286b:05;
0286c:0a;
0286d:06;
0286e:04;
0286f:04;
02870:04;
02871:0a;
02872:06;
02873:0a;
02874:11;
02875:0c;
02876:0a;
02877:06;
02878:0a;
02879:06;
0287a:03;
0287b:06;
0287c:04;
0287d:04;
0287e:04;
0287f:04;
02880:06;
02881:0a;
02882:0c;
02883:15;
02884:11;
02885:06;
02886:06;
02887:04;
02888:06;
02889:06;
0288a:06;
0288b:06;
0288c:06;
0288d:04;
0288e:06;
0288f:0c;
02890:11;
02891:15;
02892:14;
02893:0c;
02894:0a;
02895:06;
02896:04;
02897:06;
02898:06;
02899:04;
0289a:04;
0289b:06;
0289c:06;
0289d:0c;
0289e:0c;
0289f:0c;
028a0:0c;
028a1:0c;
028a2:0c;
028a3:06;
028a4:06;
028a5:06;
028a6:06;
028a7:15;
028a8:0c;
028a9:11;
028aa:06;
028ab:04;
028ac:06;
028ad:06;
028ae:06;
028af:06;
028b0:0c;
028b1:0c;
028b2:0c;
028b3:0c;
028b4:0c;
028b5:16;
028b6:0c;
028b7:0a;
028b8:06;
028b9:06;
028ba:04;
028bb:04;
028bc:02;
028bd:04;
028be:04;
028bf:0c;
028c0:0c;
028c1:14;
028c2:11;
028c3:16;
028c4:0c;
028c5:0a;
028c6:0b;
028c7:0a;
028c8:0c;
028c9:06;
028ca:09;
028cb:0c;
028cc:0c;
028cd:16;
028ce:11;
028cf:16;
028d0:0c;
028d1:04;
028d2:04;
028d3:0c;
028d4:11;
028d5:0c;
028d6:0c;
028d7:06;
028d8:06;
028d9:04;
028da:06;
028db:06;
028dc:0c;
028dd:16;
028de:0c;
028df:0a;
028e0:06;
028e1:04;
028e2:06;
028e3:04;
028e4:04;
028e5:04;
028e6:0a;
028e7:14;
028e8:1e;
028e9:14;
028ea:0c;
028eb:0a;
028ec:09;
028ed:16;
028ee:14;
028ef:14;
028f0:16;
028f1:0c;
028f2:0c;
028f3:0c;
028f4:0a;
028f5:06;
028f6:04;
028f7:06;
028f8:0c;
028f9:15;
028fa:15;
028fb:15;
028fc:0c;
028fd:0c;
028fe:0c;
028ff:0c;
02900:0a;
02901:06;
02902:04;
02903:09;
02904:0a;
02905:06;
02906:09;
02907:06;
02908:0b;
02909:16;
0290a:1f;
0290b:11;
0290c:0c;
0290d:0a;
0290e:09;
0290f:0a;
02910:0a;
02911:09;
02912:06;
02913:04;
02914:04;
02915:09;
02916:0c;
02917:16;
02918:16;
02919:0c;
0291a:06;
0291b:09;
0291c:0a;
0291d:0c;
0291e:0c;
0291f:0a;
02920:0a;
02921:0a;
02922:0a;
02923:09;
02924:04;
02925:09;
02926:09;
02927:16;
02928:16;
02929:16;
0292a:16;
0292b:16;
0292c:16;
0292d:16;
0292e:11;
0292f:0a;
02930:06;
02931:04;
02932:06;
02933:05;
02934:0c;
02935:06;
02936:06;
02937:06;
02938:06;
02939:0c;
0293a:06;
0293b:06;
0293c:09;
0293d:0a;
0293e:09;
0293f:09;
02940:16;
02941:11;
02942:1f;
02943:16;
02944:09;
02945:0a;
02946:05;
02947:0c;
02948:11;
02949:0a;
0294a:0a;
0294b:06;
0294c:06;
0294d:06;
0294e:09;
0294f:04;
02950:06;
02951:0f;
02952:04;
02953:0f;
02954:09;
02955:0a;
02956:16;
02957:16;
02958:0a;
02959:0a;
0295a:04;
0295b:04;
0295c:0f;
0295d:0a;
0295e:11;
0295f:0a;
02960:0a;
02961:04;
02962:0f;
02963:11;
02964:1f;
02965:15;
02966:0a;
02967:09;
02968:04;
02969:06;
0296a:0a;
0296b:16;
0296c:15;
0296d:14;
0296e:16;
0296f:16;
02970:16;
02971:16;
02972:15;
02973:1f;
02974:16;
02975:04;
02976:06;
02977:09;
02978:0c;
02979:2b;
0297a:29;
0297b:1f;
0297c:11;
0297d:11;
0297e:1f;
0297f:11;
02980:09;
02981:06;
02982:09;
02983:06;
02984:09;
02985:14;
02986:1f;
02987:15;
02988:16;
02989:0b;
0298a:0c;
0298b:0c;
0298c:16;
0298d:0c;
0298e:09;
0298f:04;
02990:06;
02991:0b;
02992:15;
02993:2b;
02994:1f;
02995:1f;
02996:1c;
02997:16;
02998:0b;
02999:13;
0299a:15;
0299b:16;
0299c:0c;
0299d:06;
0299e:0c;
0299f:1f;
029a0:15;
029a1:15;
029a2:16;
029a3:04;
029a4:06;
029a5:16;
029a6:1c;
029a7:16;
029a8:13;
029a9:16;
029aa:16;
029ab:26;
029ac:26;
029ad:26;
029ae:16;
029af:13;
029b0:09;
029b1:09;
029b2:09;
029b3:16;
029b4:1c;
029b5:16;
029b6:11;
029b7:1f;
029b8:1f;
029b9:1f;
029ba:11;
029bb:09;
029bc:04;
029bd:0a;
029be:0c;
029bf:11;
029c0:11;
029c1:0c;
029c2:09;
029c3:06;
029c4:0b;
029c5:16;
029c6:15;
029c7:1f;
029c8:15;
029c9:1e;
029ca:1f;
029cb:15;
029cc:16;
029cd:0c;
029ce:06;
029cf:09;
029d0:04;
029d1:0c;
029d2:0c;
029d3:16;
029d4:09;
029d5:16;
029d6:15;
029d7:2b;
029d8:29;
029d9:1f;
029da:0c;
029db:16;
029dc:16;
029dd:16;
029de:09;
029df:09;
029e0:0b;
029e1:16;
029e2:0c;
029e3:13;
029e4:14;
029e5:1f;
029e6:1f;
029e7:16;
029e8:09;
029e9:0f;
029ea:04;
029eb:0c;
029ec:11;
029ed:11;
029ee:1f;
029ef:0a;
029f0:09;
029f1:04;
029f2:09;
029f3:0a;
029f4:1e;
029f5:1c;
029f6:14;
029f7:14;
029f8:2b;
029f9:1f;
029fa:16;
029fb:0a;
029fc:0f;
029fd:09;
029fe:1c;
029ff:22;
02a00:16;
02a01:20;
02a02:16;
02a03:16;
02a04:1c;
02a05:1c;
02a06:14;
02a07:16;
02a08:0c;
02a09:0c;
02a0a:16;
02a0b:0c;
02a0c:06;
02a0d:0a;
02a0e:00;
02a0f:06;
02a10:09;
02a11:1c;
02a12:2b;
02a13:2b;
02a14:2b;
02a15:2e;
02a16:20;
02a17:1f;
02a18:1f;
02a19:15;
02a1a:15;
02a1b:0a;
02a1c:06;
02a1d:06;
02a1e:0b;
02a1f:11;
02a20:1f;
02a21:1c;
02a22:16;
02a23:13;
02a24:09;
02a25:14;
02a26:2b;
02a27:1f;
02a28:16;
02a29:14;
02a2a:1f;
02a2b:16;
02a2c:1c;
02a2d:1f;
02a2e:1f;
02a2f:1f;
02a30:1c;
02a31:16;
02a32:16;
02a33:16;
02a34:1f;
02a35:26;
02a36:1c;
02a37:20;
02a38:20;
02a39:16;
02a3a:1f;
02a3b:1f;
02a3c:1f;
02a3d:11;
02a3e:11;
02a3f:1f;
02a40:1f;
02a41:11;
02a42:0a;
02a43:09;
02a44:16;
02a45:1c;
02a46:26;
02a47:28;
02a48:26;
02a49:28;
02a4a:2b;
02a4b:2b;
02a4c:2b;
02a4d:1f;
02a4e:1c;
02a4f:17;
02a50:13;
02a51:13;
02a52:26;
02a53:28;
02a54:28;
02a55:25;
02a56:27;
02a57:25;
02a58:2b;
02a59:2b;
02a5a:2b;
02a5b:16;
02a5c:16;
02a5d:0c;
02a5e:0c;
02a5f:13;
02a60:16;
02a61:13;
02a62:20;
02a63:41;
02a64:34;
02a65:3a;
02a66:26;
02a67:25;
02a68:34;
02a69:34;
02a6a:1e;
02a6b:1b;
02a6c:13;
02a6d:1c;
02a6e:30;
02a6f:2b;
02a70:2b;
02a71:2b;
02a72:1e;
02a73:13;
02a74:13;
02a75:13;
02a76:1b;
02a77:30;
02a78:30;
02a79:25;
02a7a:28;
02a7b:30;
02a7c:34;
02a7d:30;
02a7e:28;
02a7f:26;
02a80:25;
02a81:1c;
02a82:26;
02a83:26;
02a84:1f;
02a85:1f;
02a86:0c;
02a87:0b;
02a88:0b;
02a89:0b;
02a8a:1b;
02a8b:25;
02a8c:28;
02a8d:34;
02a8e:34;
02a8f:2f;
02a90:34;
02a91:2b;
02a92:28;
02a93:20;
02a94:09;
02a95:17;
02a96:11;
02a97:22;
02a98:22;
02a99:16;
02a9a:1c;
02a9b:1c;
02a9c:26;
02a9d:30;
02a9e:36;
02a9f:3a;
02aa0:20;
02aa1:20;
02aa2:2e;
02aa3:1f;
02aa4:2b;
02aa5:1f;
02aa6:15;
02aa7:16;
02aa8:0c;
02aa9:09;
02aaa:09;
02aab:16;
02aac:26;
02aad:30;
02aae:2e;
02aaf:28;
02ab0:2b;
02ab1:2b;
02ab2:2b;
02ab3:2b;
02ab4:16;
02ab5:13;
02ab6:09;
02ab7:09;
02ab8:09;
02ab9:22;
02aba:2b;
02abb:2b;
02abc:1f;
02abd:13;
02abe:0f;
02abf:17;
02ac0:13;
02ac1:26;
02ac2:2b;
02ac3:26;
02ac4:13;
02ac5:1c;
02ac6:2b;
02ac7:2b;
02ac8:1f;
02ac9:1c;
02aca:16;
02acb:13;
02acc:13;
02acd:13;
02ace:26;
02acf:28;
02ad0:30;
02ad1:30;
02ad2:28;
02ad3:25;
02ad4:2d;
02ad5:2d;
02ad6:2f;
02ad7:2d;
02ad8:2d;
02ad9:26;
02ada:30;
02adb:2b;
02adc:26;
02add:13;
02ade:20;
02adf:13;
02ae0:13;
02ae1:26;
02ae2:30;
02ae3:2e;
02ae4:25;
02ae5:25;
02ae6:2d;
02ae7:2e;
02ae8:30;
02ae9:2b;
02aea:28;
02aeb:20;
02aec:20;
02aed:26;
02aee:26;
02aef:2b;
02af0:26;
02af1:20;
02af2:20;
02af3:20;
02af4:26;
02af5:26;
02af6:2e;
02af7:30;
02af8:30;
02af9:2b;
02afa:26;
02afb:20;
02afc:20;
02afd:20;
02afe:1c;
02aff:30;
02b00:2b;
02b01:30;
02b02:2e;
02b03:25;
02b04:25;
02b05:30;
02b06:30;
02b07:30;
02b08:25;
02b09:25;
02b0a:26;
02b0b:30;
02b0c:34;
02b0d:34;
02b0e:2b;
02b0f:26;
02b10:16;
02b11:14;
02b12:16;
02b13:20;
02b14:2b;
02b15:34;
02b16:41;
02b17:3a;
02b18:3a;
02b19:3f;
02b1a:30;
02b1b:30;
02b1c:25;
02b1d:1b;
02b1e:1c;
02b1f:28;
02b20:2b;
02b21:1f;
02b22:20;
02b23:20;
02b24:20;
02b25:25;
02b26:2d;
02b27:30;
02b28:3a;
02b29:35;
02b2a:2b;
02b2b:26;
02b2c:25;
02b2d:13;
02b2e:13;
02b2f:13;
02b30:17;
02b31:16;
02b32:2b;
02b33:2b;
02b34:2b;
02b35:2b;
02b36:2e;
02b37:1f;
02b38:30;
02b39:30;
02b3a:35;
02b3b:2b;
02b3c:26;
02b3d:26;
02b3e:20;
02b3f:20;
02b40:13;
02b41:2b;
02b42:34;
02b43:34;
02b44:30;
02b45:2f;
02b46:27;
02b47:27;
02b48:25;
02b49:20;
02b4a:20;
02b4b:20;
02b4c:26;
02b4d:28;
02b4e:2b;
02b4f:2e;
02b50:30;
02b51:1c;
02b52:20;
02b53:13;
02b54:25;
02b55:34;
02b56:30;
02b57:30;
02b58:30;
02b59:30;
02b5a:30;
02b5b:2f;
02b5c:30;
02b5d:35;
02b5e:30;
02b5f:30;
02b60:13;
02b61:20;
02b62:20;
02b63:26;
02b64:2b;
02b65:3a;
02b66:34;
02b67:2b;
02b68:30;
02b69:2f;
02b6a:35;
02b6b:30;
02b6c:30;
02b6d:30;
02b6e:30;
02b6f:1b;
02b70:1b;
02b71:1c;
02b72:28;
02b73:28;
02b74:1f;
02b75:1c;
02b76:16;
02b77:20;
02b78:20;
02b79:2f;
02b7a:3a;
02b7b:3a;
02b7c:36;
02b7d:36;
02b7e:30;
02b7f:30;
02b80:26;
02b81:1b;
02b82:26;
02b83:34;
02b84:30;
02b85:30;
02b86:3a;
02b87:35;
02b88:34;
02b89:30;
02b8a:2e;
02b8b:26;
02b8c:20;
02b8d:16;
02b8e:09;
02b8f:16;
02b90:20;
02b91:2e;
02b92:3a;
02b93:3a;
02b94:3e;
02b95:3a;
02b96:3a;
02b97:36;
02b98:36;
02b99:2d;
02b9a:30;
02b9b:30;
02b9c:36;
02b9d:36;
02b9e:30;
02b9f:3a;
02ba0:30;
02ba1:35;
02ba2:30;
02ba3:2d;
02ba4:20;
02ba5:2e;
02ba6:30;
02ba7:3a;
02ba8:30;
02ba9:2d;
02baa:30;
02bab:39;
02bac:34;
02bad:43;
02bae:43;
02baf:35;
02bb0:43;
02bb1:3a;
02bb2:2d;
02bb3:2d;
02bb4:2d;
02bb5:2d;
02bb6:36;
02bb7:3a;
02bb8:3f;
02bb9:44;
02bba:4a;
02bbb:3e;
02bbc:3e;
02bbd:43;
02bbe:43;
02bbf:4f;
02bc0:53;
02bc1:4f;
02bc2:53;
02bc3:62;
02bc4:5f;
02bc5:53;
02bc6:5f;
02bc7:53;
02bc8:5f;
02bc9:60;
02bca:60;
02bcb:60;
02bcc:60;
02bcd:4f;
02bce:53;
02bcf:4f;
02bd0:4f;
02bd1:53;
02bd2:53;
02bd3:4b;
02bd4:4a;
02bd5:4a;
02bd6:4a;
02bd7:43;
02bd8:43;
02bd9:43;
02bda:35;
02bdb:3e;
02bdc:43;
02bdd:49;
02bde:3e;
02bdf:3e;
02be0:49;
02be1:5f;
02be2:62;
02be3:62;
02be4:5f;
02be5:72;
02be6:72;
02be7:8b;
02be8:9f;
02be9:90;
02bea:6f;
02beb:5c;
02bec:33;
02bed:21;
02bee:20;
02bef:33;
02bf0:2d;
02bf1:2d;
02bf2:33;
02bf3:38;
02bf4:43;
02bf5:60;
02bf6:74;
02bf7:74;
02bf8:64;
02bf9:60;
02bfa:4b;
02bfb:3f;
02bfc:33;
02bfd:33;
02bfe:33;
02bff:38;
02c00:33;
02c01:38;
02c02:39;
02c03:39;
02c04:3e;
02c05:4a;
02c06:64;
02c07:57;
02c08:60;
02c09:3f;
02c0a:2d;
02c0b:20;
02c0c:17;
02c0d:18;
02c0e:20;
02c0f:20;
02c10:20;
02c11:39;
02c12:2e;
02c13:33;
02c14:25;
02c15:33;
02c16:20;
02c17:2d;
02c18:20;
02c19:26;
02c1a:26;
02c1b:20;
02c1c:20;
02c1d:1c;
02c1e:22;
02c1f:2b;
02c20:2e;
02c21:26;
02c22:26;
02c23:26;
02c24:2e;
02c25:26;
02c26:25;
02c27:20;
02c28:2d;
02c29:2e;
02c2a:2e;
02c2b:26;
02c2c:3b;
02c2d:2e;
02c2e:20;
02c2f:21;
02c30:20;
02c31:25;
02c32:26;
02c33:2e;
02c34:25;
02c35:25;
02c36:26;
02c37:26;
02c38:20;
02c39:17;
02c3a:17;
02c3b:17;
02c3c:17;
02c3d:22;
02c3e:2e;
02c3f:2b;
02c40:2e;
02c41:2d;
02c42:33;
02c43:2e;
02c44:30;
02c45:2e;
02c46:26;
02c47:17;
02c48:0f;
02c49:09;
02c4a:16;
02c4b:16;
02c4c:13;
02c4d:1b;
02c4e:20;
02c4f:20;
02c50:33;
02c51:33;
02c52:33;
02c53:2e;
02c54:2e;
02c55:30;
02c56:1c;
02c57:1c;
02c58:1c;
02c59:1b;
02c5a:1b;
02c5b:25;
02c5c:25;
02c5d:2d;
02c5e:2d;
02c5f:3e;
02c60:49;
02c61:49;
02c62:49;
02c63:60;
02c64:73;
02c65:84;
02c66:84;
02c67:74;
02c68:60;
02c69:4a;
02c6a:39;
02c6b:33;
02c6c:33;
02c6d:39;
02c6e:33;
02c6f:39;
02c70:33;
02c71:2d;
02c72:2d;
02c73:33;
02c74:20;
02c75:33;
02c76:2d;
02c77:33;
02c78:33;
02c79:33;
02c7a:33;
02c7b:2d;
02c7c:33;
02c7d:39;
02c7e:39;
02c7f:39;
02c80:3e;
02c81:39;
02c82:39;
02c83:39;
02c84:39;
02c85:39;
02c86:33;
02c87:39;
02c88:39;
02c89:39;
02c8a:33;
02c8b:2d;
02c8c:2d;
02c8d:2d;
02c8e:2d;
02c8f:20;
02c90:33;
02c91:20;
02c92:33;
02c93:33;
02c94:33;
02c95:33;
02c96:33;
02c97:33;
02c98:33;
02c99:33;
02c9a:33;
02c9b:33;
02c9c:39;
02c9d:2d;
02c9e:33;
02c9f:39;
02ca0:39;
02ca1:39;
02ca2:39;
02ca3:39;
02ca4:39;
02ca5:39;
02ca6:39;
02ca7:39;
02ca8:3e;
02ca9:39;
02caa:3e;
02cab:3e;
02cac:49;
02cad:39;
02cae:39;
02caf:3e;
02cb0:39;
02cb1:3e;
02cb2:3e;
02cb3:4f;
02cb4:49;
02cb5:4f;
02cb6:49;
02cb7:49;
02cb8:59;
02cb9:59;
02cba:5f;
02cbb:5f;
02cbc:5f;
02cbd:5f;
02cbe:62;
02cbf:62;
02cc0:62;
02cc1:72;
02cc2:86;
02cc3:90;
02cc4:a2;
02cc5:b6;
02cc6:b6;
02cc7:db;
02cc8:e6;
02cc9:e7;
02cca:f4;
02ccb:fd;
02ccc:fe;
02ccd:fe;
02cce:fe;
02ccf:fe;
02cd0:f3;
02cd1:f3;
02cd2:f3;
02cd3:f8;
02cd4:f3;
02cd5:fe;
02cd6:fe;
02cd7:fe;
02cd8:fe;
02cd9:fd;
02cda:fd;
02cdb:f4;
02cdc:ed;
02cdd:e0;
02cde:bf;
02cdf:bf;
02ce0:be;
02ce1:cc;
02ce2:c8;
02ce3:a7;
02ce4:bf;
02ce5:ad;
02ce6:a6;
02ce7:8a;
02ce8:72;
02ce9:72;
02cea:8a;
02ceb:91;
02cec:91;
02ced:91;
02cee:91;
02cef:ad;
02cf0:cc;
02cf1:d6;
02cf2:d7;
02cf3:e0;
02cf4:97;
02cf5:67;
02cf6:55;
02cf7:4f;
02cf8:36;
02cf9:5c;
02cfa:4d;
02cfb:49;
02cfc:4d;
02cfd:41;
02cfe:36;
02cff:36;
02d00:04;
02d01:02;
02d02:04;
02d03:04;
02d04:04;
02d05:06;
02d06:04;
02d07:06;
02d08:04;
02d09:04;
02d0a:04;
02d0b:04;
02d0c:04;
02d0d:04;
02d0e:04;
02d0f:04;
02d10:04;
02d11:02;
02d12:02;
02d13:02;
02d14:02;
02d15:04;
02d16:04;
02d17:06;
02d18:05;
02d19:06;
02d1a:04;
02d1b:05;
02d1c:04;
02d1d:04;
02d1e:04;
02d1f:02;
02d20:02;
02d21:04;
02d22:02;
02d23:02;
02d24:04;
02d25:04;
02d26:04;
02d27:0a;
02d28:06;
02d29:06;
02d2a:04;
02d2b:06;
02d2c:04;
02d2d:06;
02d2e:04;
02d2f:04;
02d30:04;
02d31:02;
02d32:02;
02d33:04;
02d34:06;
02d35:0a;
02d36:11;
02d37:0c;
02d38:0a;
02d39:0a;
02d3a:0a;
02d3b:0a;
02d3c:06;
02d3d:06;
02d3e:04;
02d3f:04;
02d40:04;
02d41:04;
02d42:06;
02d43:06;
02d44:06;
02d45:04;
02d46:04;
02d47:02;
02d48:04;
02d49:02;
02d4a:04;
02d4b:04;
02d4c:04;
02d4d:04;
02d4e:02;
02d4f:04;
02d50:04;
02d51:04;
02d52:06;
02d53:06;
02d54:0c;
02d55:0c;
02d56:0c;
02d57:0a;
02d58:06;
02d59:04;
02d5a:04;
02d5b:04;
02d5c:0a;
02d5d:0a;
02d5e:06;
02d5f:04;
02d60:04;
02d61:04;
02d62:04;
02d63:09;
02d64:0a;
02d65:0c;
02d66:0c;
02d67:0a;
02d68:0c;
02d69:06;
02d6a:0c;
02d6b:06;
02d6c:06;
02d6d:04;
02d6e:04;
02d6f:04;
02d70:0a;
02d71:06;
02d72:0c;
02d73:0c;
02d74:0a;
02d75:0a;
02d76:0a;
02d77:0c;
02d78:0a;
02d79:04;
02d7a:06;
02d7b:04;
02d7c:04;
02d7d:04;
02d7e:04;
02d7f:04;
02d80:06;
02d81:0c;
02d82:0e;
02d83:11;
02d84:0c;
02d85:06;
02d86:06;
02d87:04;
02d88:06;
02d89:06;
02d8a:06;
02d8b:04;
02d8c:06;
02d8d:06;
02d8e:0a;
02d8f:0c;
02d90:11;
02d91:14;
02d92:11;
02d93:0a;
02d94:06;
02d95:04;
02d96:06;
02d97:04;
02d98:04;
02d99:06;
02d9a:04;
02d9b:06;
02d9c:0a;
02d9d:0c;
02d9e:0c;
02d9f:0c;
02da0:0c;
02da1:0c;
02da2:06;
02da3:06;
02da4:06;
02da5:06;
02da6:11;
02da7:0c;
02da8:0c;
02da9:0c;
02daa:04;
02dab:06;
02dac:04;
02dad:06;
02dae:06;
02daf:0a;
02db0:0c;
02db1:0c;
02db2:16;
02db3:0c;
02db4:16;
02db5:0c;
02db6:0a;
02db7:06;
02db8:04;
02db9:04;
02dba:04;
02dbb:02;
02dbc:04;
02dbd:06;
02dbe:06;
02dbf:0c;
02dc0:0c;
02dc1:0c;
02dc2:0c;
02dc3:0c;
02dc4:0c;
02dc5:0c;
02dc6:0c;
02dc7:0c;
02dc8:0c;
02dc9:09;
02dca:06;
02dcb:0b;
02dcc:0c;
02dcd:16;
02dce:0c;
02dcf:0c;
02dd0:0a;
02dd1:06;
02dd2:04;
02dd3:11;
02dd4:14;
02dd5:0c;
02dd6:0c;
02dd7:06;
02dd8:04;
02dd9:06;
02dda:09;
02ddb:0c;
02ddc:0c;
02ddd:16;
02dde:0c;
02ddf:06;
02de0:06;
02de1:04;
02de2:04;
02de3:04;
02de4:04;
02de5:09;
02de6:0c;
02de7:1c;
02de8:1f;
02de9:16;
02dea:0c;
02deb:09;
02dec:09;
02ded:15;
02dee:1f;
02def:16;
02df0:16;
02df1:0c;
02df2:0c;
02df3:0a;
02df4:06;
02df5:06;
02df6:04;
02df7:06;
02df8:11;
02df9:15;
02dfa:11;
02dfb:16;
02dfc:0b;
02dfd:0a;
02dfe:0c;
02dff:0c;
02e00:0a;
02e01:06;
02e02:06;
02e03:0a;
02e04:06;
02e05:09;
02e06:06;
02e07:09;
02e08:0c;
02e09:16;
02e0a:14;
02e0b:16;
02e0c:0c;
02e0d:09;
02e0e:09;
02e0f:0c;
02e10:0a;
02e11:09;
02e12:04;
02e13:04;
02e14:06;
02e15:09;
02e16:0c;
02e17:16;
02e18:0c;
02e19:09;
02e1a:0c;
02e1b:16;
02e1c:0c;
02e1d:16;
02e1e:0a;
02e1f:06;
02e20:0a;
02e21:0a;
02e22:09;
02e23:04;
02e24:0f;
02e25:09;
02e26:0a;
02e27:16;
02e28:1f;
02e29:16;
02e2a:13;
02e2b:16;
02e2c:11;
02e2d:15;
02e2e:0a;
02e2f:0a;
02e30:06;
02e31:06;
02e32:06;
02e33:0a;
02e34:0c;
02e35:06;
02e36:06;
02e37:06;
02e38:0a;
02e39:0c;
02e3a:06;
02e3b:06;
02e3c:09;
02e3d:0a;
02e3e:09;
02e3f:09;
02e40:16;
02e41:1f;
02e42:11;
02e43:09;
02e44:17;
02e45:0c;
02e46:11;
02e47:11;
02e48:0a;
02e49:0a;
02e4a:06;
02e4b:04;
02e4c:06;
02e4d:04;
02e4e:04;
02e4f:04;
02e50:09;
02e51:04;
02e52:04;
02e53:0f;
02e54:0a;
02e55:0a;
02e56:16;
02e57:0a;
02e58:09;
02e59:04;
02e5a:0f;
02e5b:04;
02e5c:0a;
02e5d:11;
02e5e:11;
02e5f:0a;
02e60:04;
02e61:04;
02e62:0a;
02e63:15;
02e64:1f;
02e65:15;
02e66:0a;
02e67:06;
02e68:06;
02e69:09;
02e6a:06;
02e6b:0c;
02e6c:16;
02e6d:11;
02e6e:1c;
02e6f:16;
02e70:16;
02e71:1f;
02e72:1f;
02e73:14;
02e74:09;
02e75:04;
02e76:09;
02e77:0a;
02e78:16;
02e79:2b;
02e7a:19;
02e7b:1f;
02e7c:16;
02e7d:0a;
02e7e:1f;
02e7f:11;
02e80:09;
02e81:09;
02e82:06;
02e83:04;
02e84:09;
02e85:15;
02e86:1f;
02e87:1f;
02e88:0c;
02e89:09;
02e8a:16;
02e8b:14;
02e8c:16;
02e8d:16;
02e8e:06;
02e8f:04;
02e90:09;
02e91:0a;
02e92:1f;
02e93:1f;
02e94:1e;
02e95:1f;
02e96:1c;
02e97:13;
02e98:0b;
02e99:16;
02e9a:14;
02e9b:16;
02e9c:0a;
02e9d:06;
02e9e:15;
02e9f:1f;
02ea0:0e;
02ea1:0a;
02ea2:0c;
02ea3:0f;
02ea4:09;
02ea5:14;
02ea6:1f;
02ea7:09;
02ea8:13;
02ea9:20;
02eaa:26;
02eab:1f;
02eac:1f;
02ead:1c;
02eae:13;
02eaf:09;
02eb0:09;
02eb1:09;
02eb2:09;
02eb3:1f;
02eb4:1f;
02eb5:16;
02eb6:1c;
02eb7:1f;
02eb8:1f;
02eb9:16;
02eba:09;
02ebb:09;
02ebc:09;
02ebd:0a;
02ebe:11;
02ebf:11;
02ec0:15;
02ec1:0a;
02ec2:09;
02ec3:09;
02ec4:0c;
02ec5:14;
02ec6:15;
02ec7:14;
02ec8:1f;
02ec9:1e;
02eca:1f;
02ecb:1f;
02ecc:0c;
02ecd:09;
02ece:06;
02ecf:09;
02ed0:09;
02ed1:16;
02ed2:0c;
02ed3:09;
02ed4:09;
02ed5:0a;
02ed6:1f;
02ed7:1f;
02ed8:29;
02ed9:1f;
02eda:0b;
02edb:09;
02edc:0c;
02edd:0b;
02ede:09;
02edf:09;
02ee0:0c;
02ee1:16;
02ee2:14;
02ee3:13;
02ee4:14;
02ee5:1f;
02ee6:1f;
02ee7:14;
02ee8:16;
02ee9:06;
02eea:09;
02eeb:16;
02eec:11;
02eed:1f;
02eee:1f;
02eef:09;
02ef0:0f;
02ef1:09;
02ef2:09;
02ef3:16;
02ef4:1c;
02ef5:14;
02ef6:14;
02ef7:1c;
02ef8:29;
02ef9:11;
02efa:0a;
02efb:0a;
02efc:09;
02efd:16;
02efe:16;
02eff:16;
02f00:1c;
02f01:1c;
02f02:22;
02f03:1c;
02f04:1c;
02f05:1c;
02f06:16;
02f07:09;
02f08:16;
02f09:14;
02f0a:16;
02f0b:0c;
02f0c:06;
02f0d:05;
02f0e:06;
02f0f:06;
02f10:0a;
02f11:1f;
02f12:2b;
02f13:2b;
02f14:2b;
02f15:2e;
02f16:26;
02f17:2b;
02f18:1f;
02f19:1f;
02f1a:11;
02f1b:0a;
02f1c:06;
02f1d:06;
02f1e:06;
02f1f:14;
02f20:15;
02f21:1f;
02f22:16;
02f23:13;
02f24:16;
02f25:1c;
02f26:1f;
02f27:16;
02f28:16;
02f29:16;
02f2a:1f;
02f2b:1c;
02f2c:1f;
02f2d:1f;
02f2e:1f;
02f2f:1f;
02f30:16;
02f31:13;
02f32:16;
02f33:1c;
02f34:1f;
02f35:26;
02f36:1c;
02f37:20;
02f38:16;
02f39:16;
02f3a:1f;
02f3b:1f;
02f3c:22;
02f3d:11;
02f3e:11;
02f3f:19;
02f40:22;
02f41:16;
02f42:09;
02f43:09;
02f44:16;
02f45:1c;
02f46:26;
02f47:1c;
02f48:26;
02f49:28;
02f4a:2b;
02f4b:28;
02f4c:2b;
02f4d:1f;
02f4e:20;
02f4f:09;
02f50:13;
02f51:26;
02f52:28;
02f53:2b;
02f54:27;
02f55:1b;
02f56:1b;
02f57:28;
02f58:2b;
02f59:2b;
02f5a:1f;
02f5b:22;
02f5c:13;
02f5d:0c;
02f5e:16;
02f5f:14;
02f60:20;
02f61:20;
02f62:20;
02f63:2b;
02f64:41;
02f65:2b;
02f66:26;
02f67:28;
02f68:34;
02f69:29;
02f6a:1c;
02f6b:1b;
02f6c:0b;
02f6d:1b;
02f6e:26;
02f6f:2b;
02f70:2b;
02f71:29;
02f72:1c;
02f73:13;
02f74:13;
02f75:13;
02f76:26;
02f77:30;
02f78:28;
02f79:28;
02f7a:25;
02f7b:30;
02f7c:34;
02f7d:30;
02f7e:30;
02f7f:26;
02f80:1b;
02f81:1c;
02f82:26;
02f83:2b;
02f84:2b;
02f85:29;
02f86:11;
02f87:0b;
02f88:09;
02f89:13;
02f8a:1b;
02f8b:28;
02f8c:27;
02f8d:30;
02f8e:35;
02f8f:30;
02f90:34;
02f91:34;
02f92:2e;
02f93:16;
02f94:17;
02f95:16;
02f96:22;
02f97:1f;
02f98:1f;
02f99:16;
02f9a:16;
02f9b:1c;
02f9c:26;
02f9d:30;
02f9e:2d;
02f9f:36;
02fa0:20;
02fa1:20;
02fa2:30;
02fa3:2e;
02fa4:29;
02fa5:1f;
02fa6:11;
02fa7:16;
02fa8:0a;
02fa9:09;
02faa:09;
02fab:16;
02fac:26;
02fad:2b;
02fae:30;
02faf:26;
02fb0:28;
02fb1:2b;
02fb2:2b;
02fb3:2b;
02fb4:11;
02fb5:13;
02fb6:09;
02fb7:09;
02fb8:17;
02fb9:16;
02fba:1f;
02fbb:2e;
02fbc:1f;
02fbd:17;
02fbe:17;
02fbf:17;
02fc0:20;
02fc1:28;
02fc2:26;
02fc3:1c;
02fc4:13;
02fc5:26;
02fc6:1f;
02fc7:2b;
02fc8:1f;
02fc9:1c;
02fca:16;
02fcb:13;
02fcc:13;
02fcd:13;
02fce:26;
02fcf:28;
02fd0:30;
02fd1:2b;
02fd2:2f;
02fd3:2d;
02fd4:2d;
02fd5:2f;
02fd6:30;
02fd7:2d;
02fd8:25;
02fd9:25;
02fda:30;
02fdb:2b;
02fdc:26;
02fdd:20;
02fde:13;
02fdf:20;
02fe0:13;
02fe1:26;
02fe2:2b;
02fe3:2e;
02fe4:25;
02fe5:20;
02fe6:2d;
02fe7:30;
02fe8:30;
02fe9:28;
02fea:26;
02feb:13;
02fec:20;
02fed:1c;
02fee:26;
02fef:26;
02ff0:26;
02ff1:20;
02ff2:20;
02ff3:25;
02ff4:26;
02ff5:2e;
02ff6:28;
02ff7:2e;
02ff8:2e;
02ff9:2b;
02ffa:25;
02ffb:20;
02ffc:13;
02ffd:1b;
02ffe:26;
02fff:28;
03000:2b;
03001:30;
03002:25;
03003:25;
03004:25;
03005:30;
03006:30;
03007:2f;
03008:2d;
03009:20;
0300a:2e;
0300b:30;
0300c:34;
0300d:34;
0300e:2b;
0300f:26;
03010:14;
03011:16;
03012:13;
03013:1c;
03014:2b;
03015:41;
03016:3a;
03017:3a;
03018:3a;
03019:3a;
0301a:35;
0301b:30;
0301c:25;
0301d:1b;
0301e:26;
0301f:28;
03020:1f;
03021:26;
03022:16;
03023:20;
03024:20;
03025:2d;
03026:2d;
03027:30;
03028:3a;
03029:2b;
0302a:30;
0302b:26;
0302c:1b;
0302d:13;
0302e:20;
0302f:13;
03030:13;
03031:13;
03032:26;
03033:2e;
03034:2b;
03035:1f;
03036:2e;
03037:20;
03038:30;
03039:30;
0303a:30;
0303b:2b;
0303c:30;
0303d:26;
0303e:20;
0303f:13;
03040:20;
03041:2b;
03042:2b;
03043:35;
03044:28;
03045:27;
03046:27;
03047:25;
03048:20;
03049:20;
0304a:20;
0304b:26;
0304c:26;
0304d:2b;
0304e:28;
0304f:2b;
03050:28;
03051:20;
03052:13;
03053:20;
03054:25;
03055:34;
03056:30;
03057:30;
03058:30;
03059:30;
0305a:30;
0305b:2f;
0305c:30;
0305d:35;
0305e:30;
0305f:2f;
03060:20;
03061:20;
03062:1b;
03063:25;
03064:2e;
03065:30;
03066:3a;
03067:3a;
03068:30;
03069:30;
0306a:30;
0306b:30;
0306c:30;
0306d:30;
0306e:30;
0306f:1b;
03070:1b;
03071:26;
03072:28;
03073:2b;
03074:1f;
03075:16;
03076:16;
03077:25;
03078:26;
03079:36;
0307a:3a;
0307b:36;
0307c:36;
0307d:2f;
0307e:2e;
0307f:30;
03080:26;
03081:20;
03082:26;
03083:34;
03084:30;
03085:36;
03086:35;
03087:36;
03088:3a;
03089:30;
0308a:30;
0308b:26;
0308c:20;
0308d:16;
0308e:09;
0308f:16;
03090:22;
03091:2e;
03092:34;
03093:3a;
03094:3a;
03095:36;
03096:3e;
03097:36;
03098:2d;
03099:30;
0309a:30;
0309b:3a;
0309c:30;
0309d:2d;
0309e:3a;
0309f:3a;
030a0:30;
030a1:30;
030a2:30;
030a3:2d;
030a4:20;
030a5:30;
030a6:30;
030a7:30;
030a8:30;
030a9:2d;
030aa:3a;
030ab:36;
030ac:43;
030ad:41;
030ae:35;
030af:3e;
030b0:34;
030b1:3a;
030b2:2d;
030b3:2d;
030b4:2d;
030b5:2d;
030b6:3a;
030b7:3a;
030b8:3f;
030b9:4a;
030ba:3f;
030bb:43;
030bc:3e;
030bd:43;
030be:43;
030bf:4f;
030c0:4a;
030c1:53;
030c2:5f;
030c3:53;
030c4:62;
030c5:62;
030c6:5f;
030c7:62;
030c8:60;
030c9:60;
030ca:60;
030cb:60;
030cc:53;
030cd:5f;
030ce:53;
030cf:53;
030d0:53;
030d1:53;
030d2:4b;
030d3:60;
030d4:5c;
030d5:4a;
030d6:4d;
030d7:43;
030d8:43;
030d9:43;
030da:3e;
030db:3e;
030dc:43;
030dd:3f;
030de:41;
030df:49;
030e0:4a;
030e1:60;
030e2:73;
030e3:6f;
030e4:72;
030e5:73;
030e6:8b;
030e7:9f;
030e8:a9;
030e9:8b;
030ea:5c;
030eb:59;
030ec:21;
030ed:38;
030ee:33;
030ef:38;
030f0:33;
030f1:33;
030f2:2d;
030f3:43;
030f4:60;
030f5:74;
030f6:79;
030f7:64;
030f8:60;
030f9:4a;
030fa:3e;
030fb:38;
030fc:33;
030fd:33;
030fe:38;
030ff:38;
03100:38;
03101:33;
03102:39;
03103:41;
03104:4a;
03105:74;
03106:74;
03107:4b;
03108:41;
03109:30;
0310a:25;
0310b:20;
0310c:13;
0310d:17;
0310e:20;
0310f:26;
03110:2e;
03111:38;
03112:2e;
03113:2d;
03114:33;
03115:20;
03116:20;
03117:25;
03118:20;
03119:2e;
0311a:20;
0311b:20;
0311c:13;
0311d:13;
0311e:20;
0311f:1f;
03120:1f;
03121:26;
03122:20;
03123:20;
03124:2e;
03125:28;
03126:2e;
03127:26;
03128:20;
03129:25;
0312a:20;
0312b:22;
0312c:2e;
0312d:22;
0312e:22;
0312f:21;
03130:20;
03131:20;
03132:2e;
03133:25;
03134:25;
03135:25;
03136:25;
03137:25;
03138:16;
03139:13;
0313a:17;
0313b:17;
0313c:18;
0313d:16;
0313e:2e;
0313f:2e;
03140:2e;
03141:2d;
03142:20;
03143:2d;
03144:2e;
03145:2e;
03146:1c;
03147:13;
03148:09;
03149:09;
0314a:09;
0314b:20;
0314c:20;
0314d:25;
0314e:20;
0314f:33;
03150:33;
03151:33;
03152:33;
03153:2e;
03154:2b;
03155:2b;
03156:26;
03157:14;
03158:1b;
03159:13;
0315a:13;
0315b:1d;
0315c:2f;
0315d:2d;
0315e:39;
0315f:39;
03160:49;
03161:5c;
03162:6f;
03163:74;
03164:84;
03165:84;
03166:73;
03167:60;
03168:4f;
03169:3e;
0316a:39;
0316b:39;
0316c:33;
0316d:33;
0316e:33;
0316f:33;
03170:33;
03171:33;
03172:33;
03173:20;
03174:33;
03175:20;
03176:21;
03177:33;
03178:20;
03179:33;
0317a:20;
0317b:33;
0317c:33;
0317d:33;
0317e:33;
0317f:39;
03180:39;
03181:45;
03182:39;
03183:39;
03184:39;
03185:39;
03186:39;
03187:39;
03188:33;
03189:39;
0318a:33;
0318b:2d;
0318c:33;
0318d:20;
0318e:33;
0318f:20;
03190:20;
03191:21;
03192:20;
03193:33;
03194:33;
03195:2d;
03196:2e;
03197:2d;
03198:2d;
03199:33;
0319a:2d;
0319b:38;
0319c:39;
0319d:39;
0319e:2d;
0319f:39;
031a0:39;
031a1:38;
031a2:3e;
031a3:39;
031a4:39;
031a5:39;
031a6:39;
031a7:3e;
031a8:3e;
031a9:49;
031aa:3e;
031ab:49;
031ac:43;
031ad:39;
031ae:49;
031af:3e;
031b0:49;
031b1:49;
031b2:4f;
031b3:4f;
031b4:59;
031b5:5f;
031b6:4f;
031b7:5f;
031b8:59;
031b9:5f;
031ba:59;
031bb:5f;
031bc:62;
031bd:62;
031be:62;
031bf:62;
031c0:72;
031c1:72;
031c2:86;
031c3:8a;
031c4:a2;
031c5:a2;
031c6:b6;
031c7:ca;
031c8:db;
031c9:d6;
031ca:e7;
031cb:fd;
031cc:fe;
031cd:fe;
031ce:fe;
031cf:f8;
031d0:fe;
031d1:f8;
031d2:fe;
031d3:f3;
031d4:fe;
031d5:fe;
031d6:f3;
031d7:fe;
031d8:fd;
031d9:fd;
031da:e7;
031db:de;
031dc:e6;
031dd:bf;
031de:a9;
031df:b6;
031e0:73;
031e1:73;
031e2:73;
031e3:90;
031e4:9d;
031e5:a6;
031e6:ad;
031e7:b3;
031e8:bf;
031e9:bf;
031ea:be;
031eb:be;
031ec:be;
031ed:cc;
031ee:cc;
031ef:cc;
031f0:cc;
031f1:be;
031f2:bf;
031f3:a9;
031f4:93;
031f5:79;
031f6:79;
031f7:79;
031f8:79;
031f9:4d;
031fa:49;
031fb:3e;
031fc:4d;
031fd:49;
031fe:43;
031ff:35;
03200:02;
03201:04;
03202:04;
03203:04;
03204:06;
03205:06;
03206:04;
03207:04;
03208:04;
03209:04;
0320a:04;
0320b:04;
0320c:04;
0320d:04;
0320e:04;
0320f:04;
03210:04;
03211:04;
03212:02;
03213:02;
03214:02;
03215:04;
03216:04;
03217:06;
03218:06;
03219:0a;
0321a:04;
0321b:04;
0321c:04;
0321d:04;
0321e:04;
0321f:04;
03220:04;
03221:04;
03222:04;
03223:04;
03224:04;
03225:04;
03226:06;
03227:05;
03228:0a;
03229:0a;
0322a:04;
0322b:04;
0322c:04;
0322d:04;
0322e:04;
0322f:04;
03230:02;
03231:02;
03232:04;
03233:04;
03234:0a;
03235:16;
03236:11;
03237:0c;
03238:0a;
03239:0a;
0323a:0a;
0323b:0a;
0323c:06;
0323d:04;
0323e:04;
0323f:04;
03240:04;
03241:06;
03242:0a;
03243:06;
03244:06;
03245:06;
03246:02;
03247:04;
03248:02;
03249:04;
0324a:04;
0324b:04;
0324c:04;
0324d:04;
0324e:00;
0324f:04;
03250:04;
03251:06;
03252:06;
03253:06;
03254:0c;
03255:0c;
03256:0c;
03257:0a;
03258:06;
03259:04;
0325a:04;
0325b:04;
0325c:05;
0325d:0a;
0325e:0a;
0325f:04;
03260:04;
03261:0f;
03262:04;
03263:09;
03264:0b;
03265:0a;
03266:0c;
03267:0a;
03268:0c;
03269:0a;
0326a:06;
0326b:06;
0326c:04;
0326d:04;
0326e:04;
0326f:06;
03270:0a;
03271:0c;
03272:11;
03273:11;
03274:16;
03275:11;
03276:0c;
03277:0a;
03278:0a;
03279:04;
0327a:04;
0327b:04;
0327c:04;
0327d:04;
0327e:04;
0327f:06;
03280:05;
03281:11;
03282:15;
03283:11;
03284:0a;
03285:06;
03286:06;
03287:06;
03288:06;
03289:06;
0328a:04;
0328b:04;
0328c:04;
0328d:06;
0328e:06;
0328f:0c;
03290:15;
03291:11;
03292:0c;
03293:06;
03294:06;
03295:04;
03296:04;
03297:06;
03298:06;
03299:04;
0329a:06;
0329b:06;
0329c:0c;
0329d:0c;
0329e:0c;
0329f:15;
032a0:11;
032a1:0c;
032a2:06;
032a3:06;
032a4:06;
032a5:06;
032a6:15;
032a7:0c;
032a8:0a;
032a9:06;
032aa:06;
032ab:04;
032ac:06;
032ad:06;
032ae:0a;
032af:0c;
032b0:0c;
032b1:0c;
032b2:0c;
032b3:14;
032b4:16;
032b5:0c;
032b6:06;
032b7:06;
032b8:04;
032b9:04;
032ba:04;
032bb:04;
032bc:04;
032bd:06;
032be:0c;
032bf:0c;
032c0:0c;
032c1:11;
032c2:0c;
032c3:0c;
032c4:0c;
032c5:0a;
032c6:0c;
032c7:0c;
032c8:0c;
032c9:06;
032ca:09;
032cb:0a;
032cc:0c;
032cd:0c;
032ce:0c;
032cf:06;
032d0:09;
032d1:06;
032d2:09;
032d3:11;
032d4:11;
032d5:0c;
032d6:06;
032d7:06;
032d8:04;
032d9:06;
032da:0a;
032db:0c;
032dc:11;
032dd:0c;
032de:0c;
032df:06;
032e0:06;
032e1:06;
032e2:04;
032e3:04;
032e4:06;
032e5:06;
032e6:16;
032e7:1f;
032e8:14;
032e9:16;
032ea:0a;
032eb:06;
032ec:09;
032ed:16;
032ee:15;
032ef:14;
032f0:0c;
032f1:16;
032f2:0c;
032f3:06;
032f4:06;
032f5:06;
032f6:04;
032f7:06;
032f8:16;
032f9:11;
032fa:14;
032fb:0c;
032fc:0c;
032fd:0b;
032fe:0a;
032ff:0c;
03300:0a;
03301:06;
03302:06;
03303:06;
03304:0a;
03305:06;
03306:06;
03307:09;
03308:0c;
03309:0c;
0330a:16;
0330b:0c;
0330c:09;
0330d:0a;
0330e:09;
0330f:0c;
03310:0a;
03311:09;
03312:06;
03313:04;
03314:06;
03315:09;
03316:0c;
03317:0c;
03318:16;
03319:0b;
0331a:0c;
0331b:16;
0331c:16;
0331d:0c;
0331e:0a;
0331f:06;
03320:0a;
03321:0a;
03322:09;
03323:04;
03324:0f;
03325:09;
03326:16;
03327:16;
03328:1f;
03329:16;
0332a:16;
0332b:16;
0332c:1f;
0332d:11;
0332e:0a;
0332f:06;
03330:04;
03331:06;
03332:06;
03333:05;
03334:0c;
03335:06;
03336:06;
03337:06;
03338:0c;
03339:06;
0333a:09;
0333b:04;
0333c:06;
0333d:16;
0333e:04;
0333f:09;
03340:16;
03341:1f;
03342:22;
03343:09;
03344:0a;
03345:16;
03346:11;
03347:05;
03348:0a;
03349:0a;
0334a:04;
0334b:06;
0334c:04;
0334d:04;
0334e:0f;
0334f:04;
03350:04;
03351:04;
03352:04;
03353:09;
03354:09;
03355:11;
03356:16;
03357:0a;
03358:09;
03359:0f;
0335a:04;
0335b:04;
0335c:0a;
0335d:11;
0335e:11;
0335f:0a;
03360:04;
03361:04;
03362:11;
03363:1f;
03364:1f;
03365:11;
03366:0c;
03367:09;
03368:04;
03369:06;
0336a:09;
0336b:16;
0336c:16;
0336d:1f;
0336e:15;
0336f:16;
03370:14;
03371:1f;
03372:15;
03373:16;
03374:09;
03375:04;
03376:0a;
03377:16;
03378:15;
03379:1f;
0337a:1f;
0337b:16;
0337c:0a;
0337d:16;
0337e:16;
0337f:16;
03380:0a;
03381:06;
03382:09;
03383:09;
03384:0c;
03385:1f;
03386:1f;
03387:15;
03388:13;
03389:09;
0338a:16;
0338b:14;
0338c:14;
0338d:16;
0338e:09;
0338f:04;
03390:09;
03391:0c;
03392:1e;
03393:1f;
03394:1f;
03395:1c;
03396:16;
03397:13;
03398:16;
03399:1c;
0339a:14;
0339b:0c;
0339c:09;
0339d:0a;
0339e:10;
0339f:1f;
033a0:11;
033a1:06;
033a2:0c;
033a3:04;
033a4:13;
033a5:11;
033a6:1f;
033a7:0b;
033a8:16;
033a9:1c;
033aa:26;
033ab:26;
033ac:2b;
033ad:26;
033ae:13;
033af:09;
033b0:0f;
033b1:09;
033b2:09;
033b3:16;
033b4:1f;
033b5:1f;
033b6:1f;
033b7:1f;
033b8:1f;
033b9:16;
033ba:09;
033bb:09;
033bc:0a;
033bd:16;
033be:11;
033bf:11;
033c0:15;
033c1:09;
033c2:06;
033c3:0c;
033c4:16;
033c5:15;
033c6:14;
033c7:15;
033c8:1e;
033c9:1f;
033ca:1f;
033cb:1f;
033cc:0c;
033cd:09;
033ce:06;
033cf:06;
033d0:0a;
033d1:09;
033d2:0c;
033d3:09;
033d4:09;
033d5:0c;
033d6:16;
033d7:1f;
033d8:1f;
033d9:15;
033da:09;
033db:09;
033dc:0b;
033dd:09;
033de:09;
033df:06;
033e0:16;
033e1:14;
033e2:16;
033e3:14;
033e4:14;
033e5:1f;
033e6:15;
033e7:16;
033e8:0b;
033e9:09;
033ea:16;
033eb:11;
033ec:1f;
033ed:1f;
033ee:11;
033ef:09;
033f0:09;
033f1:09;
033f2:18;
033f3:1f;
033f4:1f;
033f5:20;
033f6:16;
033f7:28;
033f8:29;
033f9:16;
033fa:0a;
033fb:09;
033fc:16;
033fd:16;
033fe:1f;
033ff:1c;
03400:16;
03401:1c;
03402:26;
03403:16;
03404:1c;
03405:1c;
03406:16;
03407:09;
03408:16;
03409:16;
0340a:0c;
0340b:09;
0340c:04;
0340d:04;
0340e:03;
0340f:06;
03410:0c;
03411:1f;
03412:2e;
03413:2e;
03414:26;
03415:26;
03416:26;
03417:1f;
03418:1f;
03419:15;
0341a:0c;
0341b:05;
0341c:06;
0341d:06;
0341e:0c;
0341f:14;
03420:1f;
03421:1c;
03422:16;
03423:16;
03424:16;
03425:1f;
03426:16;
03427:16;
03428:16;
03429:1c;
0342a:1f;
0342b:1f;
0342c:1f;
0342d:1f;
0342e:1f;
0342f:1c;
03430:16;
03431:13;
03432:13;
03433:16;
03434:1f;
03435:1f;
03436:26;
03437:16;
03438:20;
03439:16;
0343a:1f;
0343b:11;
0343c:1f;
0343d:11;
0343e:22;
0343f:1f;
03440:15;
03441:0a;
03442:04;
03443:09;
03444:16;
03445:1c;
03446:28;
03447:26;
03448:1c;
03449:28;
0344a:28;
0344b:28;
0344c:1f;
0344d:26;
0344e:16;
0344f:17;
03450:16;
03451:26;
03452:23;
03453:34;
03454:1d;
03455:1b;
03456:25;
03457:23;
03458:2b;
03459:26;
0345a:16;
0345b:16;
0345c:16;
0345d:0c;
0345e:15;
0345f:1c;
03460:16;
03461:20;
03462:20;
03463:2b;
03464:34;
03465:2e;
03466:30;
03467:2b;
03468:2b;
03469:23;
0346a:1d;
0346b:14;
0346c:13;
0346d:1b;
0346e:26;
0346f:2b;
03470:2b;
03471:2b;
03472:1c;
03473:0b;
03474:13;
03475:13;
03476:26;
03477:28;
03478:30;
03479:28;
0347a:25;
0347b:26;
0347c:34;
0347d:34;
0347e:28;
0347f:26;
03480:13;
03481:1b;
03482:2b;
03483:2b;
03484:29;
03485:1f;
03486:14;
03487:0c;
03488:0b;
03489:1b;
0348a:1c;
0348b:30;
0348c:28;
0348d:30;
0348e:30;
0348f:2f;
03490:34;
03491:34;
03492:26;
03493:13;
03494:17;
03495:16;
03496:1f;
03497:22;
03498:11;
03499:16;
0349a:16;
0349b:26;
0349c:30;
0349d:30;
0349e:2d;
0349f:2d;
034a0:20;
034a1:20;
034a2:2b;
034a3:2e;
034a4:29;
034a5:1f;
034a6:16;
034a7:0c;
034a8:09;
034a9:09;
034aa:09;
034ab:16;
034ac:2b;
034ad:34;
034ae:2b;
034af:28;
034b0:26;
034b1:26;
034b2:1f;
034b3:2e;
034b4:16;
034b5:13;
034b6:09;
034b7:09;
034b8:13;
034b9:22;
034ba:26;
034bb:1f;
034bc:1c;
034bd:17;
034be:17;
034bf:13;
034c0:20;
034c1:26;
034c2:28;
034c3:20;
034c4:13;
034c5:1c;
034c6:2b;
034c7:2b;
034c8:1c;
034c9:1c;
034ca:13;
034cb:13;
034cc:13;
034cd:13;
034ce:26;
034cf:30;
034d0:2b;
034d1:30;
034d2:28;
034d3:26;
034d4:2d;
034d5:30;
034d6:30;
034d7:2f;
034d8:2d;
034d9:2d;
034da:2b;
034db:2b;
034dc:28;
034dd:20;
034de:20;
034df:13;
034e0:20;
034e1:28;
034e2:30;
034e3:2e;
034e4:25;
034e5:25;
034e6:30;
034e7:30;
034e8:30;
034e9:26;
034ea:1b;
034eb:20;
034ec:13;
034ed:25;
034ee:26;
034ef:26;
034f0:20;
034f1:13;
034f2:20;
034f3:26;
034f4:26;
034f5:2e;
034f6:2e;
034f7:30;
034f8:2e;
034f9:30;
034fa:26;
034fb:20;
034fc:20;
034fd:1b;
034fe:26;
034ff:2b;
03500:2b;
03501:30;
03502:25;
03503:25;
03504:25;
03505:2d;
03506:30;
03507:2d;
03508:25;
03509:25;
0350a:26;
0350b:30;
0350c:2b;
0350d:2b;
0350e:30;
0350f:1c;
03510:16;
03511:0b;
03512:16;
03513:1c;
03514:3a;
03515:2b;
03516:3a;
03517:3a;
03518:3a;
03519:3a;
0351a:30;
0351b:30;
0351c:25;
0351d:1b;
0351e:1c;
0351f:28;
03520:26;
03521:26;
03522:20;
03523:17;
03524:25;
03525:2d;
03526:2f;
03527:30;
03528:35;
03529:30;
0352a:30;
0352b:26;
0352c:20;
0352d:20;
0352e:13;
0352f:13;
03530:13;
03531:20;
03532:1f;
03533:1f;
03534:2e;
03535:26;
03536:26;
03537:20;
03538:25;
03539:23;
0353a:30;
0353b:30;
0353c:26;
0353d:22;
0353e:20;
0353f:20;
03540:20;
03541:34;
03542:2b;
03543:30;
03544:2f;
03545:27;
03546:27;
03547:25;
03548:25;
03549:20;
0354a:20;
0354b:26;
0354c:26;
0354d:2b;
0354e:30;
0354f:2b;
03550:26;
03551:25;
03552:20;
03553:20;
03554:26;
03555:34;
03556:30;
03557:30;
03558:35;
03559:30;
0355a:30;
0355b:2f;
0355c:30;
0355d:35;
0355e:30;
0355f:35;
03560:20;
03561:13;
03562:20;
03563:20;
03564:25;
03565:2e;
03566:30;
03567:30;
03568:30;
03569:30;
0356a:30;
0356b:2f;
0356c:30;
0356d:30;
0356e:30;
0356f:1b;
03570:1b;
03571:2b;
03572:23;
03573:2b;
03574:1f;
03575:1f;
03576:16;
03577:20;
03578:25;
03579:3a;
0357a:3a;
0357b:35;
0357c:36;
0357d:2d;
0357e:2f;
0357f:30;
03580:26;
03581:20;
03582:25;
03583:34;
03584:30;
03585:30;
03586:36;
03587:36;
03588:30;
03589:30;
0358a:26;
0358b:26;
0358c:20;
0358d:17;
0358e:09;
0358f:13;
03590:16;
03591:2e;
03592:34;
03593:3a;
03594:3a;
03595:36;
03596:36;
03597:36;
03598:36;
03599:2e;
0359a:30;
0359b:34;
0359c:3a;
0359d:36;
0359e:3a;
0359f:30;
035a0:3a;
035a1:30;
035a2:30;
035a3:2e;
035a4:20;
035a5:2e;
035a6:30;
035a7:30;
035a8:30;
035a9:2f;
035aa:3a;
035ab:39;
035ac:34;
035ad:43;
035ae:35;
035af:3e;
035b0:34;
035b1:3a;
035b2:2d;
035b3:2d;
035b4:2d;
035b5:2d;
035b6:3a;
035b7:35;
035b8:3f;
035b9:4a;
035ba:4b;
035bb:43;
035bc:43;
035bd:43;
035be:4f;
035bf:4f;
035c0:62;
035c1:5f;
035c2:62;
035c3:62;
035c4:72;
035c5:72;
035c6:72;
035c7:62;
035c8:72;
035c9:6f;
035ca:6f;
035cb:6f;
035cc:6f;
035cd:62;
035ce:53;
035cf:5f;
035d0:62;
035d1:62;
035d2:5f;
035d3:6f;
035d4:60;
035d5:5c;
035d6:5c;
035d7:59;
035d8:43;
035d9:43;
035da:43;
035db:3e;
035dc:49;
035dd:4f;
035de:39;
035df:49;
035e0:60;
035e1:73;
035e2:64;
035e3:73;
035e4:6f;
035e5:72;
035e6:73;
035e7:8b;
035e8:8b;
035e9:6f;
035ea:5c;
035eb:45;
035ec:33;
035ed:38;
035ee:38;
035ef:38;
035f0:39;
035f1:39;
035f2:3f;
035f3:60;
035f4:73;
035f5:84;
035f6:73;
035f7:60;
035f8:4f;
035f9:3e;
035fa:39;
035fb:33;
035fc:33;
035fd:39;
035fe:33;
035ff:38;
03600:41;
03601:4d;
03602:4a;
03603:60;
03604:57;
03605:60;
03606:4b;
03607:43;
03608:36;
03609:2d;
0360a:25;
0360b:20;
0360c:17;
0360d:17;
0360e:13;
0360f:20;
03610:2e;
03611:38;
03612:2e;
03613:2d;
03614:20;
03615:33;
03616:25;
03617:33;
03618:25;
03619:26;
0361a:26;
0361b:20;
0361c:20;
0361d:18;
0361e:20;
0361f:26;
03620:2b;
03621:26;
03622:26;
03623:20;
03624:26;
03625:30;
03626:2e;
03627:2e;
03628:20;
03629:25;
0362a:33;
0362b:20;
0362c:2e;
0362d:22;
0362e:18;
0362f:17;
03630:22;
03631:2e;
03632:26;
03633:25;
03634:25;
03635:25;
03636:25;
03637:20;
03638:20;
03639:17;
0363a:17;
0363b:17;
0363c:17;
0363d:22;
0363e:2e;
0363f:2e;
03640:2e;
03641:2d;
03642:33;
03643:2d;
03644:30;
03645:26;
03646:26;
03647:13;
03648:09;
03649:09;
0364a:13;
0364b:1b;
0364c:20;
0364d:25;
0364e:25;
0364f:20;
03650:33;
03651:20;
03652:2e;
03653:2e;
03654:2e;
03655:2b;
03656:1f;
03657:1c;
03658:20;
03659:16;
0365a:20;
0365b:2d;
0365c:2d;
0365d:33;
0365e:3e;
0365f:49;
03660:62;
03661:8b;
03662:9f;
03663:84;
03664:74;
03665:74;
03666:4a;
03667:3e;
03668:3e;
03669:39;
0366a:39;
0366b:2d;
0366c:33;
0366d:33;
0366e:33;
0366f:33;
03670:33;
03671:2d;
03672:33;
03673:20;
03674:20;
03675:21;
03676:20;
03677:17;
03678:20;
03679:20;
0367a:20;
0367b:20;
0367c:20;
0367d:33;
0367e:33;
0367f:2d;
03680:39;
03681:39;
03682:39;
03683:39;
03684:2d;
03685:39;
03686:33;
03687:2d;
03688:33;
03689:2d;
0368a:33;
0368b:2d;
0368c:20;
0368d:20;
0368e:20;
0368f:20;
03690:20;
03691:20;
03692:20;
03693:25;
03694:2e;
03695:2d;
03696:2d;
03697:2d;
03698:2d;
03699:2d;
0369a:2d;
0369b:2d;
0369c:2e;
0369d:2d;
0369e:33;
0369f:2d;
036a0:39;
036a1:2d;
036a2:2d;
036a3:39;
036a4:2d;
036a5:2d;
036a6:39;
036a7:36;
036a8:39;
036a9:3e;
036aa:43;
036ab:43;
036ac:3e;
036ad:36;
036ae:3e;
036af:3e;
036b0:43;
036b1:43;
036b2:43;
036b3:4f;
036b4:4f;
036b5:49;
036b6:4f;
036b7:4f;
036b8:4f;
036b9:59;
036ba:4f;
036bb:5f;
036bc:6f;
036bd:62;
036be:62;
036bf:62;
036c0:62;
036c1:62;
036c2:72;
036c3:86;
036c4:86;
036c5:a2;
036c6:b6;
036c7:ca;
036c8:db;
036c9:e6;
036ca:d6;
036cb:ed;
036cc:fd;
036cd:fd;
036ce:fe;
036cf:fe;
036d0:fe;
036d1:fe;
036d2:fe;
036d3:fe;
036d4:fe;
036d5:fe;
036d6:fe;
036d7:fe;
036d8:fd;
036d9:ed;
036da:d6;
036db:c6;
036dc:db;
036dd:b3;
036de:a3;
036df:8b;
036e0:67;
036e1:7e;
036e2:8c;
036e3:a3;
036e4:be;
036e5:cc;
036e6:db;
036e7:a9;
036e8:b6;
036e9:bf;
036ea:b3;
036eb:b3;
036ec:b4;
036ed:b4;
036ee:be;
036ef:e2;
036f0:ec;
036f1:c5;
036f2:c6;
036f3:b4;
036f4:c5;
036f5:d6;
036f6:c5;
036f7:c5;
036f8:cc;
036f9:8b;
036fa:60;
036fb:5f;
036fc:49;
036fd:43;
036fe:53;
036ff:43;
03700:04;
03701:04;
03702:04;
03703:06;
03704:06;
03705:04;
03706:04;
03707:04;
03708:04;
03709:04;
0370a:04;
0370b:04;
0370c:04;
0370d:04;
0370e:04;
0370f:04;
03710:04;
03711:02;
03712:02;
03713:02;
03714:02;
03715:04;
03716:04;
03717:0a;
03718:05;
03719:06;
0371a:04;
0371b:03;
0371c:04;
0371d:02;
0371e:02;
0371f:04;
03720:04;
03721:04;
03722:04;
03723:04;
03724:04;
03725:06;
03726:06;
03727:06;
03728:06;
03729:04;
0372a:04;
0372b:04;
0372c:04;
0372d:04;
0372e:04;
0372f:04;
03730:02;
03731:04;
03732:04;
03733:0a;
03734:11;
03735:11;
03736:0c;
03737:0a;
03738:0a;
03739:0a;
0373a:0a;
0373b:06;
0373c:04;
0373d:04;
0373e:04;
0373f:06;
03740:04;
03741:06;
03742:0a;
03743:06;
03744:06;
03745:04;
03746:04;
03747:02;
03748:04;
03749:04;
0374a:06;
0374b:00;
0374c:04;
0374d:04;
0374e:04;
0374f:04;
03750:06;
03751:06;
03752:06;
03753:0a;
03754:0c;
03755:0a;
03756:0c;
03757:06;
03758:06;
03759:04;
0375a:04;
0375b:06;
0375c:06;
0375d:0a;
0375e:06;
0375f:04;
03760:04;
03761:04;
03762:09;
03763:0a;
03764:0c;
03765:16;
03766:0c;
03767:0c;
03768:0a;
03769:06;
0376a:06;
0376b:04;
0376c:04;
0376d:04;
0376e:06;
0376f:0a;
03770:0c;
03771:11;
03772:11;
03773:11;
03774:16;
03775:0a;
03776:16;
03777:0a;
03778:05;
03779:04;
0377a:04;
0377b:04;
0377c:04;
0377d:04;
0377e:04;
0377f:06;
03780:0a;
03781:11;
03782:15;
03783:0c;
03784:0a;
03785:06;
03786:06;
03787:04;
03788:04;
03789:04;
0378a:04;
0378b:04;
0378c:06;
0378d:06;
0378e:0c;
0378f:11;
03790:16;
03791:0c;
03792:0c;
03793:06;
03794:04;
03795:04;
03796:06;
03797:06;
03798:06;
03799:06;
0379a:06;
0379b:0a;
0379c:0c;
0379d:11;
0379e:15;
0379f:11;
037a0:0c;
037a1:0c;
037a2:06;
037a3:06;
037a4:06;
037a5:0c;
037a6:0c;
037a7:0c;
037a8:06;
037a9:06;
037aa:04;
037ab:06;
037ac:06;
037ad:06;
037ae:0c;
037af:0c;
037b0:11;
037b1:16;
037b2:16;
037b3:0c;
037b4:0c;
037b5:0a;
037b6:06;
037b7:04;
037b8:04;
037b9:04;
037ba:04;
037bb:04;
037bc:06;
037bd:06;
037be:0c;
037bf:0c;
037c0:11;
037c1:0c;
037c2:0c;
037c3:0a;
037c4:0a;
037c5:0c;
037c6:0c;
037c7:0c;
037c8:0a;
037c9:09;
037ca:06;
037cb:0c;
037cc:0c;
037cd:0c;
037ce:0a;
037cf:06;
037d0:06;
037d1:06;
037d2:0c;
037d3:11;
037d4:16;
037d5:0c;
037d6:06;
037d7:04;
037d8:04;
037d9:09;
037da:0c;
037db:16;
037dc:11;
037dd:0c;
037de:0a;
037df:06;
037e0:04;
037e1:04;
037e2:04;
037e3:04;
037e4:06;
037e5:16;
037e6:15;
037e7:1f;
037e8:14;
037e9:0a;
037ea:09;
037eb:06;
037ec:0a;
037ed:16;
037ee:14;
037ef:16;
037f0:16;
037f1:0c;
037f2:0c;
037f3:06;
037f4:06;
037f5:04;
037f6:04;
037f7:0c;
037f8:15;
037f9:15;
037fa:16;
037fb:0c;
037fc:06;
037fd:09;
037fe:0c;
037ff:06;
03800:06;
03801:06;
03802:0a;
03803:0a;
03804:06;
03805:06;
03806:06;
03807:0b;
03808:0c;
03809:16;
0380a:0c;
0380b:0c;
0380c:09;
0380d:0a;
0380e:0b;
0380f:0c;
03810:09;
03811:06;
03812:04;
03813:04;
03814:06;
03815:0a;
03816:09;
03817:16;
03818:09;
03819:0c;
0381a:16;
0381b:16;
0381c:0c;
0381d:0a;
0381e:06;
0381f:06;
03820:0a;
03821:0a;
03822:09;
03823:04;
03824:09;
03825:0a;
03826:16;
03827:1f;
03828:16;
03829:16;
0382a:16;
0382b:16;
0382c:11;
0382d:11;
0382e:0a;
0382f:04;
03830:04;
03831:06;
03832:06;
03833:0c;
03834:06;
03835:06;
03836:06;
03837:06;
03838:0a;
03839:06;
0383a:06;
0383b:09;
0383c:09;
0383d:0a;
0383e:09;
0383f:0a;
03840:16;
03841:1f;
03842:16;
03843:09;
03844:0a;
03845:16;
03846:11;
03847:0a;
03848:06;
03849:06;
0384a:06;
0384b:04;
0384c:0a;
0384d:04;
0384e:04;
0384f:04;
03850:0f;
03851:04;
03852:09;
03853:0a;
03854:16;
03855:11;
03856:16;
03857:0a;
03858:04;
03859:0f;
0385a:06;
0385b:0a;
0385c:16;
0385d:11;
0385e:11;
0385f:0a;
03860:04;
03861:09;
03862:11;
03863:15;
03864:15;
03865:11;
03866:16;
03867:0a;
03868:09;
03869:09;
0386a:0a;
0386b:14;
0386c:15;
0386d:15;
0386e:14;
0386f:16;
03870:16;
03871:1f;
03872:15;
03873:16;
03874:06;
03875:09;
03876:16;
03877:14;
03878:11;
03879:16;
0387a:0a;
0387b:16;
0387c:16;
0387d:11;
0387e:16;
0387f:0a;
03880:09;
03881:09;
03882:04;
03883:09;
03884:16;
03885:1f;
03886:1f;
03887:1f;
03888:0c;
03889:13;
0388a:14;
0388b:11;
0388c:16;
0388d:0c;
0388e:06;
0388f:09;
03890:09;
03891:16;
03892:1f;
03893:1f;
03894:1f;
03895:16;
03896:13;
03897:09;
03898:14;
03899:1f;
0389a:0c;
0389b:09;
0389c:0a;
0389d:15;
0389e:29;
0389f:1f;
038a0:0a;
038a1:06;
038a2:09;
038a3:09;
038a4:16;
038a5:1c;
038a6:1f;
038a7:13;
038a8:16;
038a9:1c;
038aa:1c;
038ab:1f;
038ac:2b;
038ad:1c;
038ae:13;
038af:09;
038b0:09;
038b1:09;
038b2:17;
038b3:1c;
038b4:1f;
038b5:1e;
038b6:2b;
038b7:29;
038b8:1f;
038b9:16;
038ba:09;
038bb:09;
038bc:0c;
038bd:11;
038be:1f;
038bf:1f;
038c0:11;
038c1:09;
038c2:09;
038c3:0c;
038c4:14;
038c5:1f;
038c6:14;
038c7:14;
038c8:1f;
038c9:1f;
038ca:1e;
038cb:15;
038cc:0c;
038cd:09;
038ce:06;
038cf:09;
038d0:0a;
038d1:0c;
038d2:13;
038d3:0c;
038d4:16;
038d5:16;
038d6:16;
038d7:16;
038d8:16;
038d9:0c;
038da:09;
038db:09;
038dc:09;
038dd:0b;
038de:09;
038df:09;
038e0:16;
038e1:14;
038e2:1c;
038e3:16;
038e4:14;
038e5:1f;
038e6:16;
038e7:16;
038e8:09;
038e9:09;
038ea:16;
038eb:1f;
038ec:1f;
038ed:11;
038ee:16;
038ef:09;
038f0:09;
038f1:18;
038f2:16;
038f3:1f;
038f4:26;
038f5:1c;
038f6:26;
038f7:26;
038f8:2b;
038f9:18;
038fa:0c;
038fb:16;
038fc:16;
038fd:1f;
038fe:1c;
038ff:16;
03900:26;
03901:1c;
03902:22;
03903:1c;
03904:1c;
03905:16;
03906:16;
03907:0b;
03908:16;
03909:0c;
0390a:0c;
0390b:06;
0390c:04;
0390d:04;
0390e:06;
0390f:0a;
03910:0c;
03911:16;
03912:20;
03913:20;
03914:20;
03915:20;
03916:26;
03917:1f;
03918:11;
03919:11;
0391a:0a;
0391b:06;
0391c:06;
0391d:06;
0391e:0c;
0391f:14;
03920:1f;
03921:14;
03922:16;
03923:1c;
03924:1c;
03925:16;
03926:13;
03927:09;
03928:16;
03929:1f;
0392a:2b;
0392b:1f;
0392c:1f;
0392d:1f;
0392e:1f;
0392f:1c;
03930:0b;
03931:13;
03932:16;
03933:16;
03934:1c;
03935:26;
03936:20;
03937:16;
03938:16;
03939:16;
0393a:1f;
0393b:11;
0393c:11;
0393d:11;
0393e:1f;
0393f:19;
03940:22;
03941:0a;
03942:0f;
03943:09;
03944:16;
03945:28;
03946:26;
03947:28;
03948:26;
03949:2b;
0394a:28;
0394b:2b;
0394c:1c;
0394d:20;
0394e:13;
0394f:09;
03950:13;
03951:26;
03952:2b;
03953:34;
03954:1d;
03955:1b;
03956:27;
03957:30;
03958:2b;
03959:28;
0395a:16;
0395b:20;
0395c:16;
0395d:16;
0395e:1e;
0395f:1f;
03960:26;
03961:20;
03962:20;
03963:41;
03964:2b;
03965:2e;
03966:30;
03967:34;
03968:23;
03969:28;
0396a:1c;
0396b:1b;
0396c:13;
0396d:1b;
0396e:26;
0396f:2b;
03970:2b;
03971:1e;
03972:1c;
03973:13;
03974:13;
03975:13;
03976:1b;
03977:30;
03978:28;
03979:28;
0397a:25;
0397b:25;
0397c:34;
0397d:34;
0397e:30;
0397f:1c;
03980:13;
03981:26;
03982:2b;
03983:2b;
03984:29;
03985:1f;
03986:15;
03987:09;
03988:13;
03989:16;
0398a:28;
0398b:2b;
0398c:23;
0398d:30;
0398e:30;
0398f:2f;
03990:34;
03991:2b;
03992:26;
03993:13;
03994:17;
03995:16;
03996:11;
03997:11;
03998:11;
03999:16;
0399a:1c;
0399b:26;
0399c:2b;
0399d:34;
0399e:36;
0399f:2f;
039a0:20;
039a1:22;
039a2:30;
039a3:2b;
039a4:2b;
039a5:1f;
039a6:11;
039a7:0c;
039a8:09;
039a9:09;
039aa:13;
039ab:20;
039ac:34;
039ad:3f;
039ae:34;
039af:2b;
039b0:26;
039b1:26;
039b2:1f;
039b3:1f;
039b4:16;
039b5:17;
039b6:09;
039b7:09;
039b8:17;
039b9:1f;
039ba:1f;
039bb:26;
039bc:20;
039bd:18;
039be:13;
039bf:20;
039c0:20;
039c1:1c;
039c2:26;
039c3:13;
039c4:13;
039c5:26;
039c6:1e;
039c7:2b;
039c8:1c;
039c9:16;
039ca:13;
039cb:13;
039cc:17;
039cd:13;
039ce:30;
039cf:2b;
039d0:34;
039d1:30;
039d2:27;
039d3:2d;
039d4:30;
039d5:30;
039d6:30;
039d7:2f;
039d8:2e;
039d9:30;
039da:30;
039db:34;
039dc:2b;
039dd:20;
039de:20;
039df:1b;
039e0:20;
039e1:28;
039e2:2b;
039e3:30;
039e4:25;
039e5:20;
039e6:30;
039e7:30;
039e8:30;
039e9:28;
039ea:26;
039eb:13;
039ec:20;
039ed:26;
039ee:26;
039ef:26;
039f0:1b;
039f1:20;
039f2:20;
039f3:2b;
039f4:30;
039f5:2e;
039f6:28;
039f7:2e;
039f8:2b;
039f9:2b;
039fa:20;
039fb:20;
039fc:20;
039fd:1c;
039fe:26;
039ff:2b;
03a00:34;
03a01:2e;
03a02:25;
03a03:25;
03a04:20;
03a05:30;
03a06:2d;
03a07:2d;
03a08:25;
03a09:20;
03a0a:26;
03a0b:30;
03a0c:2b;
03a0d:2b;
03a0e:28;
03a0f:13;
03a10:13;
03a11:0b;
03a12:13;
03a13:1c;
03a14:2b;
03a15:41;
03a16:30;
03a17:2e;
03a18:39;
03a19:3a;
03a1a:35;
03a1b:30;
03a1c:25;
03a1d:1b;
03a1e:26;
03a1f:28;
03a20:1f;
03a21:26;
03a22:16;
03a23:20;
03a24:2d;
03a25:2f;
03a26:30;
03a27:30;
03a28:30;
03a29:2b;
03a2a:30;
03a2b:26;
03a2c:25;
03a2d:13;
03a2e:13;
03a2f:13;
03a30:13;
03a31:13;
03a32:26;
03a33:2e;
03a34:2b;
03a35:26;
03a36:26;
03a37:20;
03a38:25;
03a39:30;
03a3a:35;
03a3b:30;
03a3c:26;
03a3d:26;
03a3e:20;
03a3f:20;
03a40:20;
03a41:34;
03a42:2b;
03a43:2f;
03a44:27;
03a45:27;
03a46:2f;
03a47:25;
03a48:25;
03a49:26;
03a4a:26;
03a4b:2e;
03a4c:2b;
03a4d:28;
03a4e:2b;
03a4f:2b;
03a50:26;
03a51:1b;
03a52:13;
03a53:25;
03a54:26;
03a55:34;
03a56:30;
03a57:30;
03a58:30;
03a59:30;
03a5a:2f;
03a5b:30;
03a5c:35;
03a5d:30;
03a5e:30;
03a5f:2f;
03a60:20;
03a61:20;
03a62:13;
03a63:20;
03a64:25;
03a65:2e;
03a66:30;
03a67:30;
03a68:30;
03a69:3a;
03a6a:30;
03a6b:2d;
03a6c:25;
03a6d:28;
03a6e:26;
03a6f:20;
03a70:26;
03a71:28;
03a72:2b;
03a73:29;
03a74:1f;
03a75:16;
03a76:16;
03a77:20;
03a78:25;
03a79:3a;
03a7a:3a;
03a7b:3a;
03a7c:36;
03a7d:2f;
03a7e:2f;
03a7f:30;
03a80:26;
03a81:13;
03a82:26;
03a83:34;
03a84:30;
03a85:2f;
03a86:36;
03a87:2f;
03a88:30;
03a89:30;
03a8a:2e;
03a8b:26;
03a8c:16;
03a8d:13;
03a8e:09;
03a8f:18;
03a90:20;
03a91:2e;
03a92:34;
03a93:41;
03a94:3a;
03a95:3e;
03a96:36;
03a97:36;
03a98:2d;
03a99:30;
03a9a:30;
03a9b:34;
03a9c:3a;
03a9d:36;
03a9e:30;
03a9f:3a;
03aa0:2f;
03aa1:30;
03aa2:3a;
03aa3:25;
03aa4:20;
03aa5:30;
03aa6:2f;
03aa7:3a;
03aa8:2f;
03aa9:2d;
03aaa:3a;
03aab:36;
03aac:3a;
03aad:43;
03aae:36;
03aaf:3e;
03ab0:34;
03ab1:3a;
03ab2:2d;
03ab3:2d;
03ab4:25;
03ab5:2d;
03ab6:36;
03ab7:3a;
03ab8:4a;
03ab9:44;
03aba:4a;
03abb:4f;
03abc:4f;
03abd:4f;
03abe:4f;
03abf:5f;
03ac0:62;
03ac1:62;
03ac2:72;
03ac3:72;
03ac4:8a;
03ac5:75;
03ac6:8a;
03ac7:86;
03ac8:86;
03ac9:75;
03aca:8b;
03acb:72;
03acc:6f;
03acd:62;
03ace:72;
03acf:6f;
03ad0:72;
03ad1:6f;
03ad2:6f;
03ad3:6f;
03ad4:71;
03ad5:5c;
03ad6:5c;
03ad7:59;
03ad8:43;
03ad9:43;
03ada:43;
03adb:43;
03adc:43;
03add:43;
03ade:49;
03adf:49;
03ae0:60;
03ae1:73;
03ae2:60;
03ae3:62;
03ae4:62;
03ae5:62;
03ae6:62;
03ae7:62;
03ae8:6f;
03ae9:5f;
03aea:49;
03aeb:49;
03aec:33;
03aed:38;
03aee:41;
03aef:3e;
03af0:3e;
03af1:4a;
03af2:60;
03af3:73;
03af4:74;
03af5:64;
03af6:53;
03af7:43;
03af8:3e;
03af9:36;
03afa:39;
03afb:33;
03afc:33;
03afd:38;
03afe:38;
03aff:41;
03b00:3f;
03b01:48;
03b02:57;
03b03:74;
03b04:60;
03b05:4b;
03b06:3e;
03b07:3a;
03b08:36;
03b09:2d;
03b0a:1b;
03b0b:13;
03b0c:09;
03b0d:09;
03b0e:13;
03b0f:20;
03b10:26;
03b11:2e;
03b12:2e;
03b13:33;
03b14:20;
03b15:33;
03b16:25;
03b17:2e;
03b18:30;
03b19:26;
03b1a:2e;
03b1b:1c;
03b1c:20;
03b1d:16;
03b1e:20;
03b1f:1f;
03b20:2b;
03b21:26;
03b22:20;
03b23:20;
03b24:26;
03b25:2e;
03b26:30;
03b27:26;
03b28:2d;
03b29:2e;
03b2a:20;
03b2b:26;
03b2c:22;
03b2d:22;
03b2e:20;
03b2f:17;
03b30:22;
03b31:2e;
03b32:25;
03b33:25;
03b34:1b;
03b35:25;
03b36:1b;
03b37:20;
03b38:13;
03b39:18;
03b3a:17;
03b3b:17;
03b3c:18;
03b3d:1c;
03b3e:2e;
03b3f:2e;
03b40:2e;
03b41:33;
03b42:20;
03b43:2d;
03b44:2e;
03b45:28;
03b46:1c;
03b47:13;
03b48:09;
03b49:0b;
03b4a:13;
03b4b:1b;
03b4c:25;
03b4d:25;
03b4e:25;
03b4f:25;
03b50:20;
03b51:20;
03b52:1b;
03b53:26;
03b54:26;
03b55:26;
03b56:22;
03b57:20;
03b58:20;
03b59:33;
03b5a:33;
03b5b:2d;
03b5c:33;
03b5d:45;
03b5e:49;
03b5f:6f;
03b60:8c;
03b61:b6;
03b62:a9;
03b63:8b;
03b64:56;
03b65:4a;
03b66:3a;
03b67:2d;
03b68:2d;
03b69:39;
03b6a:2d;
03b6b:2d;
03b6c:33;
03b6d:20;
03b6e:20;
03b6f:2d;
03b70:26;
03b71:33;
03b72:20;
03b73:20;
03b74:20;
03b75:20;
03b76:17;
03b77:17;
03b78:20;
03b79:13;
03b7a:20;
03b7b:25;
03b7c:20;
03b7d:25;
03b7e:25;
03b7f:25;
03b80:2d;
03b81:2d;
03b82:25;
03b83:2d;
03b84:20;
03b85:2d;
03b86:20;
03b87:25;
03b88:20;
03b89:25;
03b8a:20;
03b8b:1b;
03b8c:25;
03b8d:25;
03b8e:25;
03b8f:1b;
03b90:20;
03b91:20;
03b92:1b;
03b93:26;
03b94:2d;
03b95:25;
03b96:2e;
03b97:25;
03b98:25;
03b99:25;
03b9a:26;
03b9b:2e;
03b9c:2d;
03b9d:25;
03b9e:20;
03b9f:25;
03ba0:2d;
03ba1:25;
03ba2:2d;
03ba3:2d;
03ba4:20;
03ba5:2d;
03ba6:2d;
03ba7:2d;
03ba8:36;
03ba9:36;
03baa:3a;
03bab:35;
03bac:3e;
03bad:39;
03bae:36;
03baf:36;
03bb0:3e;
03bb1:3e;
03bb2:43;
03bb3:43;
03bb4:4f;
03bb5:4f;
03bb6:4f;
03bb7:4f;
03bb8:4f;
03bb9:4f;
03bba:4f;
03bbb:4f;
03bbc:60;
03bbd:53;
03bbe:53;
03bbf:53;
03bc0:55;
03bc1:62;
03bc2:67;
03bc3:72;
03bc4:8a;
03bc5:8a;
03bc6:a2;
03bc7:ca;
03bc8:ca;
03bc9:db;
03bca:dd;
03bcb:de;
03bcc:ed;
03bcd:fd;
03bce:fd;
03bcf:fd;
03bd0:fd;
03bd1:fe;
03bd2:fe;
03bd3:fd;
03bd4:fd;
03bd5:fe;
03bd6:fd;
03bd7:f4;
03bd8:e7;
03bd9:c5;
03bda:c6;
03bdb:cb;
03bdc:b3;
03bdd:a6;
03bde:a5;
03bdf:8c;
03be0:8c;
03be1:be;
03be2:cc;
03be3:ec;
03be4:ec;
03be5:e7;
03be6:cc;
03be7:a9;
03be8:b6;
03be9:8b;
03bea:b6;
03beb:b6;
03bec:93;
03bed:b4;
03bee:c2;
03bef:e2;
03bf0:e1;
03bf1:ec;
03bf2:c0;
03bf3:c6;
03bf4:e4;
03bf5:f7;
03bf6:f7;
03bf7:e4;
03bf8:e4;
03bf9:c5;
03bfa:a9;
03bfb:8c;
03bfc:64;
03bfd:53;
03bfe:53;
03bff:44;
03c00:04;
03c01:04;
03c02:04;
03c03:06;
03c04:06;
03c05:06;
03c06:04;
03c07:04;
03c08:04;
03c09:04;
03c0a:06;
03c0b:04;
03c0c:04;
03c0d:04;
03c0e:04;
03c0f:04;
03c10:02;
03c11:02;
03c12:02;
03c13:02;
03c14:04;
03c15:04;
03c16:06;
03c17:06;
03c18:06;
03c19:06;
03c1a:04;
03c1b:04;
03c1c:04;
03c1d:02;
03c1e:02;
03c1f:04;
03c20:04;
03c21:04;
03c22:04;
03c23:04;
03c24:06;
03c25:04;
03c26:06;
03c27:0a;
03c28:06;
03c29:0f;
03c2a:04;
03c2b:04;
03c2c:04;
03c2d:04;
03c2e:04;
03c2f:02;
03c30:04;
03c31:04;
03c32:0a;
03c33:0c;
03c34:11;
03c35:11;
03c36:11;
03c37:0a;
03c38:0a;
03c39:0a;
03c3a:06;
03c3b:06;
03c3c:04;
03c3d:04;
03c3e:06;
03c3f:04;
03c40:06;
03c41:06;
03c42:06;
03c43:06;
03c44:06;
03c45:06;
03c46:04;
03c47:04;
03c48:04;
03c49:04;
03c4a:06;
03c4b:04;
03c4c:02;
03c4d:02;
03c4e:04;
03c4f:04;
03c50:06;
03c51:06;
03c52:0a;
03c53:06;
03c54:0a;
03c55:06;
03c56:0a;
03c57:06;
03c58:04;
03c59:04;
03c5a:06;
03c5b:06;
03c5c:06;
03c5d:0a;
03c5e:06;
03c5f:04;
03c60:0f;
03c61:04;
03c62:06;
03c63:09;
03c64:0c;
03c65:0a;
03c66:16;
03c67:0a;
03c68:0c;
03c69:06;
03c6a:04;
03c6b:04;
03c6c:04;
03c6d:04;
03c6e:06;
03c6f:0c;
03c70:11;
03c71:16;
03c72:11;
03c73:11;
03c74:0a;
03c75:11;
03c76:11;
03c77:0a;
03c78:04;
03c79:04;
03c7a:04;
03c7b:04;
03c7c:04;
03c7d:04;
03c7e:04;
03c7f:06;
03c80:05;
03c81:11;
03c82:11;
03c83:11;
03c84:0c;
03c85:0a;
03c86:06;
03c87:04;
03c88:04;
03c89:04;
03c8a:04;
03c8b:04;
03c8c:06;
03c8d:06;
03c8e:0c;
03c8f:14;
03c90:11;
03c91:0c;
03c92:09;
03c93:04;
03c94:06;
03c95:04;
03c96:06;
03c97:04;
03c98:06;
03c99:06;
03c9a:06;
03c9b:0c;
03c9c:0c;
03c9d:15;
03c9e:15;
03c9f:11;
03ca0:0c;
03ca1:06;
03ca2:06;
03ca3:06;
03ca4:0b;
03ca5:0c;
03ca6:0a;
03ca7:06;
03ca8:06;
03ca9:06;
03caa:06;
03cab:06;
03cac:06;
03cad:06;
03cae:0c;
03caf:0c;
03cb0:11;
03cb1:14;
03cb2:16;
03cb3:0c;
03cb4:0c;
03cb5:06;
03cb6:06;
03cb7:04;
03cb8:04;
03cb9:04;
03cba:06;
03cbb:04;
03cbc:06;
03cbd:09;
03cbe:0c;
03cbf:0c;
03cc0:16;
03cc1:11;
03cc2:0c;
03cc3:0c;
03cc4:0a;
03cc5:0c;
03cc6:0c;
03cc7:0c;
03cc8:0a;
03cc9:09;
03cca:0c;
03ccb:0c;
03ccc:0c;
03ccd:0c;
03cce:06;
03ccf:04;
03cd0:06;
03cd1:09;
03cd2:16;
03cd3:0c;
03cd4:0c;
03cd5:06;
03cd6:06;
03cd7:04;
03cd8:06;
03cd9:0c;
03cda:0c;
03cdb:16;
03cdc:11;
03cdd:0c;
03cde:0a;
03cdf:06;
03ce0:04;
03ce1:04;
03ce2:04;
03ce3:06;
03ce4:0c;
03ce5:14;
03ce6:1f;
03ce7:15;
03ce8:16;
03ce9:0a;
03cea:06;
03ceb:09;
03cec:09;
03ced:16;
03cee:0c;
03cef:0c;
03cf0:0c;
03cf1:16;
03cf2:0c;
03cf3:06;
03cf4:06;
03cf5:06;
03cf6:06;
03cf7:0c;
03cf8:15;
03cf9:15;
03cfa:0c;
03cfb:0c;
03cfc:0b;
03cfd:06;
03cfe:0a;
03cff:06;
03d00:06;
03d01:06;
03d02:06;
03d03:0a;
03d04:06;
03d05:04;
03d06:09;
03d07:0c;
03d08:14;
03d09:16;
03d0a:0c;
03d0b:09;
03d0c:06;
03d0d:0a;
03d0e:0a;
03d0f:0a;
03d10:09;
03d11:04;
03d12:04;
03d13:06;
03d14:09;
03d15:09;
03d16:0a;
03d17:0b;
03d18:09;
03d19:0c;
03d1a:16;
03d1b:16;
03d1c:0c;
03d1d:0a;
03d1e:06;
03d1f:0a;
03d20:0a;
03d21:0a;
03d22:06;
03d23:0f;
03d24:09;
03d25:16;
03d26:1c;
03d27:16;
03d28:16;
03d29:0b;
03d2a:16;
03d2b:14;
03d2c:11;
03d2d:16;
03d2e:06;
03d2f:04;
03d30:04;
03d31:06;
03d32:0c;
03d33:05;
03d34:0c;
03d35:06;
03d36:0c;
03d37:0c;
03d38:0c;
03d39:0a;
03d3a:06;
03d3b:06;
03d3c:0a;
03d3d:09;
03d3e:09;
03d3f:16;
03d40:1f;
03d41:1f;
03d42:0a;
03d43:09;
03d44:16;
03d45:11;
03d46:0a;
03d47:05;
03d48:06;
03d49:0a;
03d4a:0a;
03d4b:06;
03d4c:04;
03d4d:0f;
03d4e:04;
03d4f:0f;
03d50:04;
03d51:04;
03d52:0f;
03d53:0c;
03d54:16;
03d55:11;
03d56:16;
03d57:09;
03d58:04;
03d59:0f;
03d5a:0a;
03d5b:0a;
03d5c:0c;
03d5d:11;
03d5e:0a;
03d5f:0a;
03d60:0a;
03d61:0a;
03d62:1f;
03d63:11;
03d64:0c;
03d65:0c;
03d66:0a;
03d67:06;
03d68:09;
03d69:0a;
03d6a:16;
03d6b:15;
03d6c:1f;
03d6d:15;
03d6e:0c;
03d6f:09;
03d70:16;
03d71:15;
03d72:16;
03d73:09;
03d74:09;
03d75:16;
03d76:11;
03d77:15;
03d78:16;
03d79:09;
03d7a:09;
03d7b:11;
03d7c:1f;
03d7d:1f;
03d7e:0c;
03d7f:0f;
03d80:04;
03d81:06;
03d82:09;
03d83:09;
03d84:14;
03d85:1f;
03d86:1f;
03d87:14;
03d88:16;
03d89:16;
03d8a:1c;
03d8b:16;
03d8c:16;
03d8d:09;
03d8e:06;
03d8f:09;
03d90:0c;
03d91:16;
03d92:15;
03d93:1f;
03d94:1f;
03d95:0b;
03d96:09;
03d97:09;
03d98:16;
03d99:1f;
03d9a:0c;
03d9b:09;
03d9c:0a;
03d9d:1f;
03d9e:29;
03d9f:15;
03da0:0a;
03da1:06;
03da2:06;
03da3:0a;
03da4:14;
03da5:1f;
03da6:1f;
03da7:14;
03da8:16;
03da9:20;
03daa:1c;
03dab:26;
03dac:1f;
03dad:1c;
03dae:13;
03daf:13;
03db0:09;
03db1:09;
03db2:13;
03db3:13;
03db4:1f;
03db5:1f;
03db6:29;
03db7:29;
03db8:1f;
03db9:16;
03dba:09;
03dbb:09;
03dbc:09;
03dbd:1f;
03dbe:1f;
03dbf:11;
03dc0:16;
03dc1:0c;
03dc2:0c;
03dc3:16;
03dc4:14;
03dc5:15;
03dc6:16;
03dc7:15;
03dc8:15;
03dc9:1f;
03dca:1f;
03dcb:14;
03dcc:0a;
03dcd:09;
03dce:04;
03dcf:0a;
03dd0:0c;
03dd1:16;
03dd2:14;
03dd3:11;
03dd4:15;
03dd5:1f;
03dd6:1f;
03dd7:11;
03dd8:16;
03dd9:0c;
03dda:09;
03ddb:09;
03ddc:16;
03ddd:0c;
03dde:09;
03ddf:09;
03de0:14;
03de1:1f;
03de2:14;
03de3:13;
03de4:16;
03de5:16;
03de6:0c;
03de7:0b;
03de8:09;
03de9:09;
03dea:16;
03deb:1f;
03dec:1f;
03ded:11;
03dee:09;
03def:17;
03df0:17;
03df1:16;
03df2:26;
03df3:2b;
03df4:16;
03df5:1c;
03df6:26;
03df7:1f;
03df8:2b;
03df9:09;
03dfa:0a;
03dfb:16;
03dfc:16;
03dfd:1f;
03dfe:1f;
03dff:1f;
03e00:16;
03e01:26;
03e02:26;
03e03:1c;
03e04:1c;
03e05:16;
03e06:16;
03e07:16;
03e08:0c;
03e09:16;
03e0a:0c;
03e0b:09;
03e0c:04;
03e0d:04;
03e0e:05;
03e0f:0a;
03e10:16;
03e11:16;
03e12:20;
03e13:13;
03e14:20;
03e15:20;
03e16:26;
03e17:1f;
03e18:16;
03e19:11;
03e1a:06;
03e1b:06;
03e1c:06;
03e1d:09;
03e1e:0c;
03e1f:14;
03e20:1f;
03e21:16;
03e22:16;
03e23:16;
03e24:1f;
03e25:16;
03e26:09;
03e27:09;
03e28:1c;
03e29:1f;
03e2a:1f;
03e2b:1e;
03e2c:1f;
03e2d:1f;
03e2e:1f;
03e2f:16;
03e30:09;
03e31:16;
03e32:16;
03e33:1f;
03e34:1c;
03e35:1c;
03e36:16;
03e37:13;
03e38:13;
03e39:16;
03e3a:22;
03e3b:16;
03e3c:11;
03e3d:1f;
03e3e:1f;
03e3f:2b;
03e40:11;
03e41:0a;
03e42:09;
03e43:09;
03e44:26;
03e45:2b;
03e46:2b;
03e47:28;
03e48:28;
03e49:2b;
03e4a:2b;
03e4b:2b;
03e4c:26;
03e4d:16;
03e4e:09;
03e4f:17;
03e50:13;
03e51:1c;
03e52:2b;
03e53:34;
03e54:27;
03e55:27;
03e56:28;
03e57:23;
03e58:2b;
03e59:1c;
03e5a:16;
03e5b:18;
03e5c:16;
03e5d:0c;
03e5e:2b;
03e5f:1f;
03e60:26;
03e61:20;
03e62:2e;
03e63:2b;
03e64:2e;
03e65:30;
03e66:2b;
03e67:34;
03e68:23;
03e69:1c;
03e6a:14;
03e6b:1c;
03e6c:1b;
03e6d:13;
03e6e:26;
03e6f:2b;
03e70:34;
03e71:1c;
03e72:1b;
03e73:14;
03e74:13;
03e75:1b;
03e76:26;
03e77:28;
03e78:30;
03e79:30;
03e7a:28;
03e7b:25;
03e7c:34;
03e7d:34;
03e7e:2b;
03e7f:20;
03e80:13;
03e81:26;
03e82:34;
03e83:29;
03e84:2b;
03e85:1f;
03e86:0c;
03e87:0c;
03e88:13;
03e89:1c;
03e8a:28;
03e8b:34;
03e8c:34;
03e8d:35;
03e8e:30;
03e8f:2f;
03e90:2b;
03e91:30;
03e92:26;
03e93:17;
03e94:09;
03e95:1f;
03e96:1f;
03e97:22;
03e98:16;
03e99:16;
03e9a:1c;
03e9b:2b;
03e9c:34;
03e9d:34;
03e9e:3a;
03e9f:30;
03ea0:20;
03ea1:2e;
03ea2:2b;
03ea3:2b;
03ea4:29;
03ea5:15;
03ea6:16;
03ea7:0c;
03ea8:0c;
03ea9:09;
03eaa:0b;
03eab:22;
03eac:34;
03ead:31;
03eae:3f;
03eaf:34;
03eb0:2b;
03eb1:26;
03eb2:26;
03eb3:16;
03eb4:13;
03eb5:09;
03eb6:09;
03eb7:09;
03eb8:13;
03eb9:1f;
03eba:26;
03ebb:1f;
03ebc:20;
03ebd:17;
03ebe:20;
03ebf:22;
03ec0:26;
03ec1:1b;
03ec2:20;
03ec3:13;
03ec4:13;
03ec5:1c;
03ec6:2b;
03ec7:2b;
03ec8:14;
03ec9:16;
03eca:13;
03ecb:13;
03ecc:17;
03ecd:1b;
03ece:26;
03ecf:34;
03ed0:2b;
03ed1:30;
03ed2:25;
03ed3:2e;
03ed4:30;
03ed5:35;
03ed6:3a;
03ed7:30;
03ed8:2d;
03ed9:30;
03eda:2b;
03edb:34;
03edc:30;
03edd:26;
03ede:1b;
03edf:20;
03ee0:20;
03ee1:30;
03ee2:2b;
03ee3:2e;
03ee4:25;
03ee5:2d;
03ee6:30;
03ee7:3a;
03ee8:2b;
03ee9:2b;
03eea:26;
03eeb:20;
03eec:26;
03eed:26;
03eee:28;
03eef:26;
03ef0:20;
03ef1:20;
03ef2:26;
03ef3:30;
03ef4:2b;
03ef5:2b;
03ef6:2e;
03ef7:30;
03ef8:2e;
03ef9:2b;
03efa:25;
03efb:20;
03efc:13;
03efd:26;
03efe:28;
03eff:30;
03f00:2b;
03f01:28;
03f02:2e;
03f03:25;
03f04:25;
03f05:30;
03f06:2f;
03f07:2d;
03f08:25;
03f09:25;
03f0a:26;
03f0b:30;
03f0c:2b;
03f0d:30;
03f0e:26;
03f0f:13;
03f10:13;
03f11:0b;
03f12:0c;
03f13:20;
03f14:2b;
03f15:30;
03f16:38;
03f17:2d;
03f18:36;
03f19:3a;
03f1a:30;
03f1b:30;
03f1c:25;
03f1d:1b;
03f1e:28;
03f1f:2b;
03f20:26;
03f21:26;
03f22:13;
03f23:20;
03f24:25;
03f25:36;
03f26:30;
03f27:3a;
03f28:34;
03f29:30;
03f2a:30;
03f2b:26;
03f2c:1c;
03f2d:20;
03f2e:17;
03f2f:13;
03f30:13;
03f31:20;
03f32:1f;
03f33:26;
03f34:2b;
03f35:2b;
03f36:2e;
03f37:26;
03f38:27;
03f39:30;
03f3a:30;
03f3b:30;
03f3c:26;
03f3d:20;
03f3e:20;
03f3f:13;
03f40:20;
03f41:34;
03f42:2b;
03f43:30;
03f44:30;
03f45:27;
03f46:30;
03f47:30;
03f48:30;
03f49:2e;
03f4a:1f;
03f4b:2e;
03f4c:26;
03f4d:28;
03f4e:28;
03f4f:2b;
03f50:26;
03f51:25;
03f52:20;
03f53:1b;
03f54:30;
03f55:34;
03f56:30;
03f57:30;
03f58:35;
03f59:30;
03f5a:30;
03f5b:2f;
03f5c:30;
03f5d:35;
03f5e:2f;
03f5f:30;
03f60:20;
03f61:1b;
03f62:20;
03f63:20;
03f64:20;
03f65:2d;
03f66:30;
03f67:30;
03f68:30;
03f69:30;
03f6a:30;
03f6b:2f;
03f6c:2d;
03f6d:25;
03f6e:25;
03f6f:1b;
03f70:26;
03f71:2b;
03f72:2b;
03f73:2b;
03f74:1f;
03f75:16;
03f76:13;
03f77:13;
03f78:20;
03f79:36;
03f7a:3a;
03f7b:3a;
03f7c:36;
03f7d:2d;
03f7e:2d;
03f7f:30;
03f80:26;
03f81:20;
03f82:26;
03f83:35;
03f84:30;
03f85:2f;
03f86:36;
03f87:36;
03f88:30;
03f89:30;
03f8a:25;
03f8b:26;
03f8c:20;
03f8d:17;
03f8e:09;
03f8f:16;
03f90:16;
03f91:2e;
03f92:34;
03f93:3a;
03f94:3a;
03f95:3a;
03f96:36;
03f97:2d;
03f98:36;
03f99:30;
03f9a:30;
03f9b:2b;
03f9c:35;
03f9d:36;
03f9e:3a;
03f9f:30;
03fa0:36;
03fa1:30;
03fa2:30;
03fa3:2d;
03fa4:20;
03fa5:2d;
03fa6:30;
03fa7:30;
03fa8:30;
03fa9:2f;
03faa:3a;
03fab:36;
03fac:41;
03fad:43;
03fae:35;
03faf:3e;
03fb0:34;
03fb1:30;
03fb2:2d;
03fb3:25;
03fb4:2d;
03fb5:2d;
03fb6:36;
03fb7:35;
03fb8:3f;
03fb9:4a;
03fba:4b;
03fbb:43;
03fbc:4f;
03fbd:4f;
03fbe:53;
03fbf:62;
03fc0:6f;
03fc1:72;
03fc2:67;
03fc3:72;
03fc4:8a;
03fc5:8a;
03fc6:8a;
03fc7:8a;
03fc8:8a;
03fc9:90;
03fca:8b;
03fcb:73;
03fcc:75;
03fcd:6f;
03fce:71;
03fcf:62;
03fd0:62;
03fd1:72;
03fd2:72;
03fd3:6f;
03fd4:5c;
03fd5:71;
03fd6:5c;
03fd7:5c;
03fd8:43;
03fd9:43;
03fda:43;
03fdb:49;
03fdc:43;
03fdd:49;
03fde:39;
03fdf:49;
03fe0:60;
03fe1:60;
03fe2:62;
03fe3:62;
03fe4:62;
03fe5:62;
03fe6:72;
03fe7:6f;
03fe8:73;
03fe9:6f;
03fea:62;
03feb:59;
03fec:48;
03fed:3f;
03fee:4a;
03fef:4a;
03ff0:4a;
03ff1:64;
03ff2:74;
03ff3:73;
03ff4:60;
03ff5:4f;
03ff6:43;
03ff7:39;
03ff8:39;
03ff9:39;
03ffa:3e;
03ffb:39;
03ffc:33;
03ffd:33;
03ffe:4d;
03fff:48;
04000:57;
04001:6a;
04002:74;
04003:48;
04004:3f;
04005:3e;
04006:3e;
04007:35;
04008:2f;
04009:2d;
0400a:25;
0400b:17;
0400c:09;
0400d:09;
0400e:09;
0400f:20;
04010:2e;
04011:2e;
04012:2e;
04013:2e;
04014:2d;
04015:30;
04016:3a;
04017:34;
04018:2b;
04019:2b;
0401a:2e;
0401b:20;
0401c:26;
0401d:20;
0401e:22;
0401f:2e;
04020:2b;
04021:26;
04022:26;
04023:20;
04024:20;
04025:26;
04026:26;
04027:2e;
04028:26;
04029:30;
0402a:26;
0402b:2e;
0402c:33;
0402d:22;
0402e:17;
0402f:17;
04030:22;
04031:26;
04032:25;
04033:20;
04034:25;
04035:1b;
04036:20;
04037:20;
04038:20;
04039:17;
0403a:17;
0403b:17;
0403c:17;
0403d:22;
0403e:26;
0403f:2e;
04040:25;
04041:33;
04042:20;
04043:2d;
04044:26;
04045:28;
04046:1c;
04047:13;
04048:0b;
04049:0b;
0404a:1b;
0404b:1b;
0404c:1b;
0404d:25;
0404e:1b;
0404f:1b;
04050:1b;
04051:25;
04052:20;
04053:26;
04054:26;
04055:26;
04056:16;
04057:20;
04058:22;
04059:20;
0405a:20;
0405b:33;
0405c:39;
0405d:4f;
0405e:6f;
0405f:9f;
04060:a9;
04061:a3;
04062:a2;
04063:6f;
04064:3f;
04065:3a;
04066:33;
04067:33;
04068:33;
04069:2d;
0406a:39;
0406b:2d;
0406c:2d;
0406d:33;
0406e:20;
0406f:2e;
04070:2d;
04071:22;
04072:20;
04073:20;
04074:20;
04075:21;
04076:17;
04077:17;
04078:17;
04079:13;
0407a:13;
0407b:13;
0407c:20;
0407d:20;
0407e:20;
0407f:25;
04080:33;
04081:25;
04082:2d;
04083:2d;
04084:25;
04085:2d;
04086:2d;
04087:2d;
04088:25;
04089:25;
0408a:25;
0408b:1b;
0408c:1b;
0408d:20;
0408e:13;
0408f:13;
04090:13;
04091:13;
04092:20;
04093:20;
04094:25;
04095:26;
04096:30;
04097:30;
04098:30;
04099:2e;
0409a:30;
0409b:30;
0409c:30;
0409d:2e;
0409e:20;
0409f:2e;
040a0:30;
040a1:30;
040a2:2e;
040a3:2d;
040a4:2d;
040a5:2d;
040a6:2d;
040a7:36;
040a8:3a;
040a9:36;
040aa:43;
040ab:3f;
040ac:3e;
040ad:36;
040ae:36;
040af:43;
040b0:3e;
040b1:43;
040b2:43;
040b3:44;
040b4:4f;
040b5:4f;
040b6:4f;
040b7:53;
040b8:5f;
040b9:5c;
040ba:53;
040bb:53;
040bc:67;
040bd:55;
040be:55;
040bf:55;
040c0:55;
040c1:67;
040c2:67;
040c3:75;
040c4:8a;
040c5:a2;
040c6:a2;
040c7:b2;
040c8:b2;
040c9:ca;
040ca:db;
040cb:dd;
040cc:d6;
040cd:e4;
040ce:ed;
040cf:f4;
040d0:f4;
040d1:f4;
040d2:f4;
040d3:f4;
040d4:f4;
040d5:f4;
040d6:ed;
040d7:e7;
040d8:c5;
040d9:c6;
040da:b4;
040db:cb;
040dc:b9;
040dd:b2;
040de:a6;
040df:c2;
040e0:e7;
040e1:ed;
040e2:ed;
040e3:fb;
040e4:f7;
040e5:e7;
040e6:e6;
040e7:b6;
040e8:8b;
040e9:b6;
040ea:bf;
040eb:e6;
040ec:e7;
040ed:e4;
040ee:fa;
040ef:e2;
040f0:c0;
040f1:cd;
040f2:cd;
040f3:cd;
040f4:c0;
040f5:e1;
040f6:c5;
040f7:e4;
040f8:fb;
040f9:f4;
040fa:ed;
040fb:e0;
040fc:bf;
040fd:8c;
040fe:67;
040ff:53;
04100:04;
04101:04;
04102:06;
04103:06;
04104:06;
04105:06;
04106:06;
04107:04;
04108:04;
04109:04;
0410a:04;
0410b:04;
0410c:04;
0410d:04;
0410e:04;
0410f:04;
04110:02;
04111:02;
04112:02;
04113:02;
04114:04;
04115:06;
04116:04;
04117:06;
04118:04;
04119:06;
0411a:04;
0411b:04;
0411c:02;
0411d:04;
0411e:04;
0411f:04;
04120:04;
04121:06;
04122:04;
04123:06;
04124:04;
04125:06;
04126:0a;
04127:06;
04128:04;
04129:04;
0412a:04;
0412b:04;
0412c:04;
0412d:04;
0412e:04;
0412f:04;
04130:04;
04131:06;
04132:0c;
04133:11;
04134:15;
04135:11;
04136:16;
04137:0a;
04138:06;
04139:04;
0413a:06;
0413b:04;
0413c:04;
0413d:06;
0413e:06;
0413f:06;
04140:06;
04141:06;
04142:0a;
04143:06;
04144:06;
04145:06;
04146:04;
04147:04;
04148:04;
04149:06;
0414a:04;
0414b:00;
0414c:04;
0414d:02;
0414e:04;
0414f:04;
04150:06;
04151:0a;
04152:0a;
04153:0a;
04154:0a;
04155:06;
04156:06;
04157:04;
04158:04;
04159:06;
0415a:06;
0415b:0a;
0415c:06;
0415d:06;
0415e:04;
0415f:04;
04160:06;
04161:04;
04162:0a;
04163:06;
04164:09;
04165:16;
04166:0a;
04167:0c;
04168:0a;
04169:04;
0416a:04;
0416b:04;
0416c:04;
0416d:06;
0416e:06;
0416f:0c;
04170:0c;
04171:0c;
04172:0c;
04173:0a;
04174:11;
04175:0a;
04176:0a;
04177:06;
04178:04;
04179:04;
0417a:04;
0417b:04;
0417c:04;
0417d:04;
0417e:06;
0417f:06;
04180:11;
04181:15;
04182:0c;
04183:0a;
04184:0a;
04185:06;
04186:04;
04187:04;
04188:04;
04189:04;
0418a:04;
0418b:04;
0418c:06;
0418d:0c;
0418e:11;
0418f:14;
04190:0c;
04191:0c;
04192:06;
04193:06;
04194:06;
04195:06;
04196:06;
04197:04;
04198:06;
04199:06;
0419a:0a;
0419b:0c;
0419c:15;
0419d:15;
0419e:15;
0419f:0c;
041a0:05;
041a1:06;
041a2:06;
041a3:0b;
041a4:0c;
041a5:0c;
041a6:06;
041a7:06;
041a8:04;
041a9:06;
041aa:06;
041ab:06;
041ac:06;
041ad:0c;
041ae:0c;
041af:16;
041b0:15;
041b1:16;
041b2:0c;
041b3:0c;
041b4:06;
041b5:06;
041b6:04;
041b7:06;
041b8:04;
041b9:06;
041ba:04;
041bb:06;
041bc:06;
041bd:0c;
041be:16;
041bf:0c;
041c0:0c;
041c1:0c;
041c2:0c;
041c3:0a;
041c4:0c;
041c5:0a;
041c6:0a;
041c7:09;
041c8:0a;
041c9:0c;
041ca:14;
041cb:0c;
041cc:0c;
041cd:0a;
041ce:04;
041cf:04;
041d0:06;
041d1:09;
041d2:0c;
041d3:0c;
041d4:06;
041d5:06;
041d6:04;
041d7:06;
041d8:0c;
041d9:11;
041da:15;
041db:16;
041dc:11;
041dd:06;
041de:06;
041df:04;
041e0:06;
041e1:04;
041e2:04;
041e3:0a;
041e4:16;
041e5:1f;
041e6:15;
041e7:14;
041e8:0c;
041e9:09;
041ea:09;
041eb:0c;
041ec:0c;
041ed:0c;
041ee:0c;
041ef:0c;
041f0:0c;
041f1:0c;
041f2:0a;
041f3:06;
041f4:06;
041f5:06;
041f6:0a;
041f7:15;
041f8:15;
041f9:11;
041fa:0c;
041fb:0b;
041fc:0b;
041fd:0a;
041fe:06;
041ff:06;
04200:06;
04201:06;
04202:0a;
04203:06;
04204:04;
04205:04;
04206:0a;
04207:14;
04208:11;
04209:16;
0420a:0c;
0420b:09;
0420c:0c;
0420d:0c;
0420e:0c;
0420f:0a;
04210:04;
04211:04;
04212:09;
04213:09;
04214:0a;
04215:0b;
04216:09;
04217:09;
04218:0c;
04219:16;
0421a:16;
0421b:0c;
0421c:09;
0421d:09;
0421e:06;
0421f:0c;
04220:0a;
04221:06;
04222:0a;
04223:06;
04224:09;
04225:16;
04226:16;
04227:16;
04228:13;
04229:16;
0422a:15;
0422b:11;
0422c:16;
0422d:0a;
0422e:06;
0422f:04;
04230:0a;
04231:0a;
04232:0c;
04233:06;
04234:06;
04235:0a;
04236:11;
04237:15;
04238:0c;
04239:06;
0423a:06;
0423b:09;
0423c:0a;
0423d:04;
0423e:16;
0423f:1f;
04240:1f;
04241:16;
04242:09;
04243:0a;
04244:16;
04245:16;
04246:0a;
04247:06;
04248:0a;
04249:0a;
0424a:06;
0424b:06;
0424c:04;
0424d:04;
0424e:09;
0424f:06;
04250:09;
04251:09;
04252:09;
04253:0c;
04254:11;
04255:16;
04256:0c;
04257:09;
04258:09;
04259:0a;
0425a:11;
0425b:11;
0425c:11;
0425d:0a;
0425e:09;
0425f:06;
04260:0a;
04261:15;
04262:11;
04263:16;
04264:0c;
04265:06;
04266:04;
04267:09;
04268:0a;
04269:0c;
0426a:15;
0426b:1f;
0426c:1f;
0426d:15;
0426e:09;
0426f:09;
04270:14;
04271:11;
04272:16;
04273:0b;
04274:0c;
04275:1f;
04276:16;
04277:16;
04278:16;
04279:0c;
0427a:16;
0427b:15;
0427c:15;
0427d:16;
0427e:06;
0427f:04;
04280:09;
04281:09;
04282:09;
04283:14;
04284:1f;
04285:15;
04286:16;
04287:14;
04288:1f;
04289:14;
0428a:15;
0428b:16;
0428c:09;
0428d:09;
0428e:06;
0428f:09;
04290:16;
04291:14;
04292:1f;
04293:16;
04294:14;
04295:0a;
04296:09;
04297:13;
04298:11;
04299:1c;
0429a:09;
0429b:09;
0429c:0c;
0429d:1f;
0429e:19;
0429f:0a;
042a0:06;
042a1:06;
042a2:09;
042a3:1f;
042a4:1f;
042a5:1c;
042a6:16;
042a7:1c;
042a8:1c;
042a9:1c;
042aa:1c;
042ab:1c;
042ac:26;
042ad:1c;
042ae:13;
042af:09;
042b0:13;
042b1:09;
042b2:13;
042b3:13;
042b4:14;
042b5:1f;
042b6:29;
042b7:1f;
042b8:11;
042b9:16;
042ba:09;
042bb:09;
042bc:06;
042bd:1f;
042be:15;
042bf:0a;
042c0:09;
042c1:09;
042c2:16;
042c3:1f;
042c4:15;
042c5:16;
042c6:14;
042c7:1c;
042c8:1f;
042c9:15;
042ca:1f;
042cb:16;
042cc:0a;
042cd:09;
042ce:0a;
042cf:0a;
042d0:16;
042d1:1f;
042d2:1f;
042d3:1f;
042d4:1f;
042d5:1f;
042d6:1f;
042d7:1f;
042d8:16;
042d9:0c;
042da:09;
042db:16;
042dc:16;
042dd:16;
042de:0c;
042df:16;
042e0:14;
042e1:1f;
042e2:14;
042e3:09;
042e4:0b;
042e5:0c;
042e6:09;
042e7:09;
042e8:09;
042e9:09;
042ea:16;
042eb:1f;
042ec:1f;
042ed:16;
042ee:09;
042ef:18;
042f0:13;
042f1:16;
042f2:2e;
042f3:2b;
042f4:18;
042f5:2e;
042f6:2e;
042f7:2e;
042f8:22;
042f9:09;
042fa:0b;
042fb:16;
042fc:1f;
042fd:1f;
042fe:26;
042ff:1c;
04300:20;
04301:1c;
04302:1f;
04303:2b;
04304:16;
04305:13;
04306:16;
04307:1f;
04308:16;
04309:0b;
0430a:0a;
0430b:06;
0430c:06;
0430d:06;
0430e:06;
0430f:0c;
04310:1f;
04311:1f;
04312:26;
04313:20;
04314:26;
04315:26;
04316:26;
04317:1f;
04318:11;
04319:0c;
0431a:0a;
0431b:06;
0431c:06;
0431d:0c;
0431e:0c;
0431f:14;
04320:1c;
04321:16;
04322:16;
04323:1c;
04324:1c;
04325:16;
04326:09;
04327:1f;
04328:1f;
04329:29;
0432a:1f;
0432b:1f;
0432c:2b;
0432d:1f;
0432e:14;
0432f:13;
04330:13;
04331:16;
04332:1f;
04333:1f;
04334:1f;
04335:1c;
04336:13;
04337:13;
04338:16;
04339:1f;
0433a:1f;
0433b:1f;
0433c:11;
0433d:1f;
0433e:1f;
0433f:19;
04340:16;
04341:0a;
04342:09;
04343:16;
04344:2b;
04345:2b;
04346:2b;
04347:30;
04348:28;
04349:34;
0434a:2b;
0434b:2b;
0434c:1e;
0434d:22;
0434e:13;
0434f:17;
04350:16;
04351:28;
04352:34;
04353:23;
04354:28;
04355:30;
04356:23;
04357:34;
04358:30;
04359:1c;
0435a:17;
0435b:09;
0435c:17;
0435d:1c;
0435e:2b;
0435f:1f;
04360:20;
04361:20;
04362:2b;
04363:41;
04364:2e;
04365:30;
04366:2b;
04367:34;
04368:28;
04369:28;
0436a:1c;
0436b:14;
0436c:13;
0436d:26;
0436e:2b;
0436f:2b;
04370:2b;
04371:13;
04372:13;
04373:0b;
04374:1b;
04375:1c;
04376:25;
04377:28;
04378:30;
04379:28;
0437a:30;
0437b:26;
0437c:34;
0437d:34;
0437e:28;
0437f:13;
04380:13;
04381:2b;
04382:2b;
04383:34;
04384:1f;
04385:16;
04386:0c;
04387:09;
04388:13;
04389:16;
0438a:1c;
0438b:34;
0438c:34;
0438d:34;
0438e:30;
0438f:35;
04390:34;
04391:2b;
04392:26;
04393:09;
04394:09;
04395:1f;
04396:1f;
04397:1f;
04398:1f;
04399:16;
0439a:26;
0439b:26;
0439c:34;
0439d:3f;
0439e:3a;
0439f:30;
043a0:25;
043a1:26;
043a2:34;
043a3:29;
043a4:29;
043a5:1f;
043a6:11;
043a7:0a;
043a8:09;
043a9:0a;
043aa:13;
043ab:1f;
043ac:2b;
043ad:34;
043ae:34;
043af:34;
043b0:2b;
043b1:2b;
043b2:1f;
043b3:16;
043b4:17;
043b5:09;
043b6:09;
043b7:17;
043b8:16;
043b9:1f;
043ba:2e;
043bb:1f;
043bc:16;
043bd:17;
043be:20;
043bf:26;
043c0:26;
043c1:20;
043c2:1b;
043c3:17;
043c4:13;
043c5:28;
043c6:2b;
043c7:1e;
043c8:16;
043c9:16;
043ca:13;
043cb:13;
043cc:17;
043cd:1b;
043ce:2b;
043cf:34;
043d0:34;
043d1:30;
043d2:25;
043d3:30;
043d4:30;
043d5:30;
043d6:30;
043d7:30;
043d8:25;
043d9:30;
043da:2b;
043db:34;
043dc:2b;
043dd:20;
043de:1b;
043df:20;
043e0:1b;
043e1:26;
043e2:2b;
043e3:30;
043e4:25;
043e5:25;
043e6:30;
043e7:3a;
043e8:34;
043e9:2b;
043ea:26;
043eb:1b;
043ec:26;
043ed:28;
043ee:2b;
043ef:26;
043f0:1b;
043f1:20;
043f2:26;
043f3:2b;
043f4:2b;
043f5:2e;
043f6:2e;
043f7:2e;
043f8:2b;
043f9:2b;
043fa:25;
043fb:20;
043fc:20;
043fd:26;
043fe:26;
043ff:2b;
04400:2b;
04401:30;
04402:25;
04403:20;
04404:25;
04405:30;
04406:2e;
04407:2e;
04408:2f;
04409:26;
0440a:30;
0440b:2b;
0440c:2b;
0440d:30;
0440e:26;
0440f:13;
04410:13;
04411:0b;
04412:0b;
04413:20;
04414:2b;
04415:41;
04416:30;
04417:38;
04418:2d;
04419:3a;
0441a:35;
0441b:30;
0441c:25;
0441d:1b;
0441e:2b;
0441f:2b;
04420:28;
04421:1c;
04422:17;
04423:20;
04424:25;
04425:30;
04426:2f;
04427:35;
04428:2b;
04429:35;
0442a:2b;
0442b:26;
0442c:20;
0442d:13;
0442e:17;
0442f:20;
04430:20;
04431:26;
04432:2b;
04433:2b;
04434:2b;
04435:2b;
04436:30;
04437:20;
04438:2f;
04439:30;
0443a:35;
0443b:28;
0443c:26;
0443d:20;
0443e:20;
0443f:20;
04440:20;
04441:34;
04442:30;
04443:30;
04444:2f;
04445:27;
04446:35;
04447:34;
04448:30;
04449:28;
0444a:2e;
0444b:26;
0444c:26;
0444d:2b;
0444e:26;
0444f:28;
04450:25;
04451:1c;
04452:1b;
04453:26;
04454:26;
04455:30;
04456:30;
04457:28;
04458:30;
04459:35;
0445a:30;
0445b:35;
0445c:23;
0445d:30;
0445e:2f;
0445f:2f;
04460:1b;
04461:20;
04462:20;
04463:1b;
04464:26;
04465:30;
04466:30;
04467:30;
04468:30;
04469:30;
0446a:30;
0446b:2d;
0446c:25;
0446d:26;
0446e:25;
0446f:13;
04470:26;
04471:2b;
04472:34;
04473:2b;
04474:1f;
04475:16;
04476:13;
04477:17;
04478:20;
04479:2d;
0447a:3a;
0447b:35;
0447c:36;
0447d:36;
0447e:25;
0447f:30;
04480:26;
04481:20;
04482:28;
04483:34;
04484:35;
04485:30;
04486:35;
04487:36;
04488:34;
04489:30;
0448a:26;
0448b:1b;
0448c:16;
0448d:13;
0448e:0a;
0448f:13;
04490:20;
04491:26;
04492:2b;
04493:3a;
04494:43;
04495:3a;
04496:3e;
04497:36;
04498:2f;
04499:30;
0449a:30;
0449b:30;
0449c:3a;
0449d:35;
0449e:3a;
0449f:30;
044a0:2d;
044a1:30;
044a2:30;
044a3:2d;
044a4:20;
044a5:25;
044a6:30;
044a7:3a;
044a8:30;
044a9:2d;
044aa:3a;
044ab:36;
044ac:3f;
044ad:43;
044ae:3a;
044af:36;
044b0:34;
044b1:3a;
044b2:25;
044b3:25;
044b4:25;
044b5:2d;
044b6:36;
044b7:36;
044b8:43;
044b9:4a;
044ba:4f;
044bb:4f;
044bc:53;
044bd:62;
044be:62;
044bf:72;
044c0:8a;
044c1:8a;
044c2:8a;
044c3:a5;
044c4:a2;
044c5:b2;
044c6:a5;
044c7:a2;
044c8:b2;
044c9:a5;
044ca:b6;
044cb:a3;
044cc:a3;
044cd:a2;
044ce:8a;
044cf:8a;
044d0:91;
044d1:a2;
044d2:8a;
044d3:86;
044d4:86;
044d5:86;
044d6:71;
044d7:71;
044d8:53;
044d9:43;
044da:4f;
044db:43;
044dc:49;
044dd:3e;
044de:49;
044df:4f;
044e0:53;
044e1:60;
044e2:6f;
044e3:67;
044e4:67;
044e5:73;
044e6:79;
044e7:92;
044e8:bf;
044e9:84;
044ea:73;
044eb:64;
044ec:79;
044ed:79;
044ee:73;
044ef:74;
044f0:64;
044f1:74;
044f2:60;
044f3:48;
044f4:45;
044f5:38;
044f6:45;
044f7:33;
044f8:33;
044f9:39;
044fa:39;
044fb:3e;
044fc:3e;
044fd:4b;
044fe:60;
044ff:74;
04500:57;
04501:48;
04502:3a;
04503:2d;
04504:33;
04505:36;
04506:3f;
04507:35;
04508:2d;
04509:13;
0450a:13;
0450b:09;
0450c:09;
0450d:09;
0450e:16;
0450f:16;
04510:26;
04511:2e;
04512:30;
04513:3a;
04514:3a;
04515:41;
04516:34;
04517:34;
04518:34;
04519:3a;
0451a:2e;
0451b:1c;
0451c:20;
0451d:17;
0451e:16;
0451f:26;
04520:34;
04521:2b;
04522:26;
04523:13;
04524:20;
04525:25;
04526:26;
04527:25;
04528:25;
04529:25;
0452a:2e;
0452b:22;
0452c:26;
0452d:18;
0452e:17;
0452f:0f;
04530:20;
04531:20;
04532:26;
04533:25;
04534:13;
04535:20;
04536:20;
04537:20;
04538:20;
04539:18;
0453a:17;
0453b:17;
0453c:13;
0453d:20;
0453e:33;
0453f:26;
04540:33;
04541:20;
04542:25;
04543:25;
04544:26;
04545:26;
04546:1c;
04547:09;
04548:09;
04549:16;
0454a:16;
0454b:1c;
0454c:25;
0454d:25;
0454e:25;
0454f:13;
04550:14;
04551:0b;
04552:14;
04553:25;
04554:2d;
04555:39;
04556:45;
04557:49;
04558:59;
04559:59;
0455a:59;
0455b:6f;
0455c:8b;
0455d:8b;
0455e:9f;
0455f:84;
04560:73;
04561:53;
04562:43;
04563:2d;
04564:17;
04565:33;
04566:2e;
04567:34;
04568:2b;
04569:41;
0456a:2b;
0456b:25;
0456c:17;
0456d:20;
0456e:20;
0456f:20;
04570:22;
04571:20;
04572:20;
04573:16;
04574:18;
04575:18;
04576:17;
04577:16;
04578:16;
04579:14;
0457a:1c;
0457b:1c;
0457c:26;
0457d:1c;
0457e:26;
0457f:26;
04580:28;
04581:25;
04582:20;
04583:1b;
04584:20;
04585:13;
04586:1b;
04587:13;
04588:13;
04589:13;
0458a:20;
0458b:1c;
0458c:1f;
0458d:26;
0458e:1c;
0458f:26;
04590:1b;
04591:1c;
04592:1c;
04593:1c;
04594:28;
04595:30;
04596:26;
04597:2b;
04598:26;
04599:26;
0459a:30;
0459b:2b;
0459c:30;
0459d:2e;
0459e:20;
0459f:2e;
045a0:30;
045a1:2e;
045a2:2f;
045a3:25;
045a4:25;
045a5:25;
045a6:2d;
045a7:2d;
045a8:36;
045a9:3a;
045aa:43;
045ab:35;
045ac:3e;
045ad:36;
045ae:36;
045af:35;
045b0:36;
045b1:3e;
045b2:43;
045b3:4a;
045b4:4f;
045b5:43;
045b6:43;
045b7:4f;
045b8:4a;
045b9:4f;
045ba:4f;
045bb:4a;
045bc:60;
045bd:53;
045be:53;
045bf:62;
045c0:53;
045c1:55;
045c2:72;
045c3:75;
045c4:75;
045c5:8a;
045c6:8a;
045c7:b6;
045c8:ca;
045c9:ca;
045ca:b3;
045cb:d4;
045cc:c2;
045cd:dd;
045ce:c5;
045cf:ec;
045d0:e4;
045d1:c5;
045d2:e4;
045d3:de;
045d4:e7;
045d5:ec;
045d6:d6;
045d7:cc;
045d8:b4;
045d9:b4;
045da:b3;
045db:cb;
045dc:b9;
045dd:c6;
045de:e7;
045df:ed;
045e0:fd;
045e1:f7;
045e2:ec;
045e3:c0;
045e4:e2;
045e5:e1;
045e6:f7;
045e7:f7;
045e8:fb;
045e9:fb;
045ea:fa;
045eb:fa;
045ec:fa;
045ed:fc;
045ee:f9;
045ef:bf;
045f0:6f;
045f1:5f;
045f2:74;
045f3:a7;
045f4:97;
045f5:be;
045f6:be;
045f7:c6;
045f8:cc;
045f9:de;
045fa:ed;
045fb:f4;
045fc:fb;
045fd:ed;
045fe:d6;
045ff:c2;
04600:00;
04601:04;
04602:06;
04603:06;
04604:0a;
04605:06;
04606:04;
04607:04;
04608:04;
04609:04;
0460a:04;
0460b:04;
0460c:04;
0460d:04;
0460e:04;
0460f:04;
04610:02;
04611:02;
04612:02;
04613:04;
04614:04;
04615:06;
04616:04;
04617:0f;
04618:04;
04619:04;
0461a:04;
0461b:04;
0461c:04;
0461d:04;
0461e:04;
0461f:04;
04620:04;
04621:04;
04622:06;
04623:06;
04624:06;
04625:06;
04626:04;
04627:06;
04628:04;
04629:04;
0462a:04;
0462b:04;
0462c:04;
0462d:04;
0462e:02;
0462f:04;
04630:06;
04631:0a;
04632:0c;
04633:11;
04634:11;
04635:11;
04636:0c;
04637:06;
04638:0f;
04639:06;
0463a:04;
0463b:04;
0463c:04;
0463d:04;
0463e:04;
0463f:06;
04640:0a;
04641:06;
04642:06;
04643:05;
04644:0a;
04645:06;
04646:06;
04647:04;
04648:00;
04649:06;
0464a:04;
0464b:04;
0464c:02;
0464d:04;
0464e:04;
0464f:04;
04650:06;
04651:06;
04652:06;
04653:0a;
04654:06;
04655:0a;
04656:04;
04657:04;
04658:04;
04659:06;
0465a:0a;
0465b:0a;
0465c:06;
0465d:09;
0465e:09;
0465f:0a;
04660:04;
04661:04;
04662:04;
04663:06;
04664:0c;
04665:0a;
04666:0c;
04667:0a;
04668:06;
04669:04;
0466a:04;
0466b:04;
0466c:04;
0466d:06;
0466e:0a;
0466f:0c;
04670:0c;
04671:0a;
04672:0a;
04673:06;
04674:0a;
04675:0a;
04676:06;
04677:04;
04678:04;
04679:04;
0467a:04;
0467b:04;
0467c:04;
0467d:06;
0467e:06;
0467f:0c;
04680:0c;
04681:0c;
04682:11;
04683:06;
04684:06;
04685:04;
04686:06;
04687:04;
04688:04;
04689:04;
0468a:04;
0468b:04;
0468c:06;
0468d:0c;
0468e:0c;
0468f:0c;
04690:0c;
04691:0a;
04692:06;
04693:06;
04694:06;
04695:06;
04696:0a;
04697:04;
04698:06;
04699:06;
0469a:0c;
0469b:0c;
0469c:15;
0469d:15;
0469e:0c;
0469f:0c;
046a0:06;
046a1:06;
046a2:0c;
046a3:0c;
046a4:0c;
046a5:0c;
046a6:06;
046a7:04;
046a8:06;
046a9:06;
046aa:06;
046ab:09;
046ac:06;
046ad:0b;
046ae:0c;
046af:16;
046b0:16;
046b1:14;
046b2:16;
046b3:0c;
046b4:06;
046b5:06;
046b6:04;
046b7:06;
046b8:04;
046b9:06;
046ba:04;
046bb:06;
046bc:0c;
046bd:0c;
046be:15;
046bf:16;
046c0:0c;
046c1:0c;
046c2:09;
046c3:0c;
046c4:0a;
046c5:0b;
046c6:0a;
046c7:0b;
046c8:0a;
046c9:14;
046ca:15;
046cb:0c;
046cc:0a;
046cd:06;
046ce:04;
046cf:04;
046d0:06;
046d1:0c;
046d2:06;
046d3:09;
046d4:04;
046d5:04;
046d6:06;
046d7:06;
046d8:11;
046d9:15;
046da:15;
046db:16;
046dc:0c;
046dd:0a;
046de:06;
046df:04;
046e0:04;
046e1:06;
046e2:04;
046e3:0c;
046e4:15;
046e5:15;
046e6:1f;
046e7:11;
046e8:06;
046e9:0b;
046ea:09;
046eb:0c;
046ec:16;
046ed:0a;
046ee:0c;
046ef:09;
046f0:0c;
046f1:0b;
046f2:0a;
046f3:09;
046f4:06;
046f5:06;
046f6:0a;
046f7:15;
046f8:11;
046f9:16;
046fa:0c;
046fb:0c;
046fc:0c;
046fd:0a;
046fe:06;
046ff:06;
04700:06;
04701:0a;
04702:06;
04703:0a;
04704:04;
04705:06;
04706:0a;
04707:0c;
04708:16;
04709:16;
0470a:0c;
0470b:0a;
0470c:0a;
0470d:0a;
0470e:0a;
0470f:06;
04710:04;
04711:04;
04712:06;
04713:13;
04714:16;
04715:0a;
04716:0c;
04717:09;
04718:09;
04719:0c;
0471a:16;
0471b:16;
0471c:0c;
0471d:0a;
0471e:0c;
0471f:0c;
04720:0c;
04721:06;
04722:04;
04723:09;
04724:09;
04725:0b;
04726:09;
04727:13;
04728:16;
04729:1f;
0472a:1f;
0472b:1f;
0472c:0c;
0472d:0a;
0472e:06;
0472f:0a;
04730:0c;
04731:11;
04732:0c;
04733:04;
04734:06;
04735:05;
04736:0c;
04737:15;
04738:0a;
04739:06;
0473a:06;
0473b:09;
0473c:0a;
0473d:0f;
0473e:11;
0473f:1f;
04740:1f;
04741:16;
04742:09;
04743:16;
04744:16;
04745:0c;
04746:06;
04747:05;
04748:06;
04749:0a;
0474a:0a;
0474b:0a;
0474c:04;
0474d:0f;
0474e:04;
0474f:0a;
04750:09;
04751:06;
04752:09;
04753:0a;
04754:16;
04755:16;
04756:0a;
04757:09;
04758:0a;
04759:0a;
0475a:16;
0475b:11;
0475c:0a;
0475d:0a;
0475e:04;
0475f:06;
04760:16;
04761:11;
04762:15;
04763:16;
04764:0a;
04765:09;
04766:04;
04767:06;
04768:0a;
04769:16;
0476a:1f;
0476b:15;
0476c:15;
0476d:16;
0476e:0c;
0476f:09;
04770:1f;
04771:15;
04772:16;
04773:0c;
04774:0c;
04775:1f;
04776:0c;
04777:16;
04778:15;
04779:1f;
0477a:15;
0477b:11;
0477c:0c;
0477d:0a;
0477e:06;
0477f:04;
04780:06;
04781:09;
04782:16;
04783:15;
04784:1f;
04785:15;
04786:16;
04787:16;
04788:1c;
04789:1f;
0478a:14;
0478b:0c;
0478c:09;
0478d:06;
0478e:09;
0478f:0b;
04790:16;
04791:16;
04792:14;
04793:16;
04794:16;
04795:13;
04796:0a;
04797:13;
04798:16;
04799:15;
0479a:09;
0479b:06;
0479c:11;
0479d:1f;
0479e:14;
0479f:0a;
047a0:06;
047a1:0a;
047a2:06;
047a3:29;
047a4:2b;
047a5:1c;
047a6:16;
047a7:1c;
047a8:1c;
047a9:1c;
047aa:1c;
047ab:1c;
047ac:1c;
047ad:1c;
047ae:16;
047af:09;
047b0:09;
047b1:0b;
047b2:09;
047b3:15;
047b4:2b;
047b5:29;
047b6:2b;
047b7:11;
047b8:0b;
047b9:09;
047ba:09;
047bb:0a;
047bc:0b;
047bd:1f;
047be:11;
047bf:0a;
047c0:06;
047c1:16;
047c2:16;
047c3:14;
047c4:1f;
047c5:14;
047c6:16;
047c7:1c;
047c8:15;
047c9:1f;
047ca:14;
047cb:0c;
047cc:0a;
047cd:09;
047ce:0a;
047cf:0a;
047d0:0a;
047d1:15;
047d2:1f;
047d3:1f;
047d4:15;
047d5:1f;
047d6:1f;
047d7:16;
047d8:16;
047d9:09;
047da:06;
047db:0c;
047dc:16;
047dd:16;
047de:0b;
047df:16;
047e0:1f;
047e1:1f;
047e2:1c;
047e3:0b;
047e4:09;
047e5:16;
047e6:0c;
047e7:09;
047e8:06;
047e9:0b;
047ea:16;
047eb:1f;
047ec:1f;
047ed:11;
047ee:09;
047ef:16;
047f0:16;
047f1:22;
047f2:1f;
047f3:2e;
047f4:17;
047f5:22;
047f6:1f;
047f7:2e;
047f8:20;
047f9:09;
047fa:09;
047fb:16;
047fc:1f;
047fd:1f;
047fe:1c;
047ff:16;
04800:16;
04801:26;
04802:1f;
04803:2b;
04804:16;
04805:09;
04806:14;
04807:1f;
04808:0c;
04809:09;
0480a:0a;
0480b:0c;
0480c:04;
0480d:06;
0480e:06;
0480f:0a;
04810:16;
04811:1f;
04812:2e;
04813:26;
04814:20;
04815:20;
04816:22;
04817:1f;
04818:11;
04819:0c;
0481a:0a;
0481b:06;
0481c:06;
0481d:0b;
0481e:0b;
0481f:13;
04820:16;
04821:13;
04822:16;
04823:16;
04824:1c;
04825:16;
04826:09;
04827:1f;
04828:29;
04829:2b;
0482a:1c;
0482b:1f;
0482c:1f;
0482d:1f;
0482e:16;
0482f:13;
04830:13;
04831:1f;
04832:1f;
04833:1f;
04834:1f;
04835:1c;
04836:16;
04837:1c;
04838:1f;
04839:1f;
0483a:1f;
0483b:16;
0483c:11;
0483d:11;
0483e:1f;
0483f:1f;
04840:16;
04841:04;
04842:09;
04843:17;
04844:1c;
04845:28;
04846:28;
04847:26;
04848:28;
04849:34;
0484a:2b;
0484b:2b;
0484c:26;
0484d:1c;
0484e:16;
0484f:17;
04850:1c;
04851:2b;
04852:29;
04853:34;
04854:23;
04855:34;
04856:23;
04857:34;
04858:28;
04859:1c;
0485a:17;
0485b:17;
0485c:0a;
0485d:1e;
0485e:1f;
0485f:1c;
04860:20;
04861:20;
04862:3a;
04863:2b;
04864:2e;
04865:2e;
04866:30;
04867:2e;
04868:23;
04869:1c;
0486a:13;
0486b:13;
0486c:13;
0486d:26;
0486e:2b;
0486f:2b;
04870:1f;
04871:0b;
04872:13;
04873:14;
04874:1c;
04875:1c;
04876:1b;
04877:28;
04878:30;
04879:28;
0487a:34;
0487b:30;
0487c:34;
0487d:34;
0487e:26;
0487f:20;
04880:13;
04881:2b;
04882:34;
04883:2b;
04884:1f;
04885:16;
04886:0c;
04887:16;
04888:16;
04889:1b;
0488a:1c;
0488b:30;
0488c:23;
0488d:34;
0488e:35;
0488f:30;
04890:34;
04891:2b;
04892:26;
04893:17;
04894:09;
04895:1f;
04896:19;
04897:1f;
04898:11;
04899:16;
0489a:20;
0489b:26;
0489c:30;
0489d:34;
0489e:3a;
0489f:30;
048a0:20;
048a1:2e;
048a2:2b;
048a3:34;
048a4:29;
048a5:1f;
048a6:0c;
048a7:0a;
048a8:16;
048a9:09;
048aa:16;
048ab:26;
048ac:26;
048ad:2e;
048ae:28;
048af:2b;
048b0:2b;
048b1:26;
048b2:26;
048b3:16;
048b4:13;
048b5:17;
048b6:09;
048b7:17;
048b8:16;
048b9:1f;
048ba:1f;
048bb:26;
048bc:16;
048bd:17;
048be:20;
048bf:26;
048c0:26;
048c1:1b;
048c2:20;
048c3:13;
048c4:20;
048c5:1e;
048c6:2b;
048c7:2b;
048c8:1c;
048c9:16;
048ca:13;
048cb:13;
048cc:09;
048cd:20;
048ce:2b;
048cf:34;
048d0:2b;
048d1:30;
048d2:25;
048d3:2e;
048d4:30;
048d5:30;
048d6:30;
048d7:30;
048d8:25;
048d9:28;
048da:30;
048db:2b;
048dc:30;
048dd:1c;
048de:20;
048df:25;
048e0:13;
048e1:30;
048e2:2b;
048e3:30;
048e4:25;
048e5:25;
048e6:30;
048e7:30;
048e8:34;
048e9:34;
048ea:26;
048eb:20;
048ec:26;
048ed:26;
048ee:30;
048ef:26;
048f0:20;
048f1:17;
048f2:26;
048f3:30;
048f4:2b;
048f5:2e;
048f6:26;
048f7:2e;
048f8:30;
048f9:2b;
048fa:26;
048fb:20;
048fc:20;
048fd:1c;
048fe:26;
048ff:30;
04900:2b;
04901:2e;
04902:25;
04903:25;
04904:25;
04905:2e;
04906:30;
04907:30;
04908:30;
04909:2e;
0490a:30;
0490b:2b;
0490c:2b;
0490d:2b;
0490e:26;
0490f:13;
04910:0b;
04911:0b;
04912:16;
04913:26;
04914:2b;
04915:2b;
04916:3a;
04917:2e;
04918:36;
04919:34;
0491a:35;
0491b:30;
0491c:25;
0491d:1b;
0491e:28;
0491f:2b;
04920:2b;
04921:26;
04922:13;
04923:13;
04924:2d;
04925:2f;
04926:30;
04927:35;
04928:2b;
04929:2b;
0492a:30;
0492b:1c;
0492c:20;
0492d:17;
0492e:13;
0492f:16;
04930:20;
04931:1f;
04932:2e;
04933:2b;
04934:3a;
04935:2b;
04936:26;
04937:25;
04938:25;
04939:30;
0493a:30;
0493b:30;
0493c:25;
0493d:22;
0493e:20;
0493f:13;
04940:20;
04941:2b;
04942:30;
04943:30;
04944:27;
04945:27;
04946:30;
04947:34;
04948:30;
04949:2b;
0494a:20;
0494b:20;
0494c:26;
0494d:28;
0494e:26;
0494f:26;
04950:25;
04951:20;
04952:25;
04953:26;
04954:30;
04955:30;
04956:27;
04957:30;
04958:30;
04959:35;
0495a:30;
0495b:30;
0495c:30;
0495d:35;
0495e:30;
0495f:27;
04960:20;
04961:20;
04962:1b;
04963:25;
04964:30;
04965:30;
04966:34;
04967:3a;
04968:30;
04969:2f;
0496a:30;
0496b:30;
0496c:2f;
0496d:25;
0496e:25;
0496f:13;
04970:26;
04971:1e;
04972:2b;
04973:2b;
04974:1f;
04975:16;
04976:13;
04977:17;
04978:20;
04979:30;
0497a:3a;
0497b:3a;
0497c:35;
0497d:36;
0497e:2d;
0497f:30;
04980:26;
04981:20;
04982:30;
04983:34;
04984:34;
04985:35;
04986:35;
04987:35;
04988:35;
04989:30;
0498a:26;
0498b:20;
0498c:13;
0498d:17;
0498e:16;
0498f:13;
04990:22;
04991:20;
04992:3a;
04993:3a;
04994:3a;
04995:3a;
04996:36;
04997:36;
04998:2d;
04999:2e;
0499a:25;
0499b:30;
0499c:35;
0499d:3a;
0499e:3a;
0499f:30;
049a0:36;
049a1:30;
049a2:30;
049a3:25;
049a4:20;
049a5:2d;
049a6:30;
049a7:35;
049a8:30;
049a9:30;
049aa:3a;
049ab:36;
049ac:3f;
049ad:43;
049ae:35;
049af:3e;
049b0:34;
049b1:2b;
049b2:25;
049b3:25;
049b4:25;
049b5:2d;
049b6:2d;
049b7:35;
049b8:43;
049b9:43;
049ba:4f;
049bb:4f;
049bc:53;
049bd:62;
049be:72;
049bf:75;
049c0:8a;
049c1:a3;
049c2:8c;
049c3:b6;
049c4:b2;
049c5:b2;
049c6:b2;
049c7:b9;
049c8:b6;
049c9:b6;
049ca:b3;
049cb:a9;
049cc:b6;
049cd:a9;
049ce:b3;
049cf:ad;
049d0:b6;
049d1:a3;
049d2:a2;
049d3:a2;
049d4:86;
049d5:86;
049d6:71;
049d7:71;
049d8:53;
049d9:49;
049da:43;
049db:49;
049dc:4f;
049dd:49;
049de:4f;
049df:53;
049e0:53;
049e1:62;
049e2:6f;
049e3:64;
049e4:73;
049e5:79;
049e6:79;
049e7:a9;
049e8:a9;
049e9:84;
049ea:73;
049eb:60;
049ec:84;
049ed:84;
049ee:7d;
049ef:74;
049f0:73;
049f1:4b;
049f2:4d;
049f3:49;
049f4:38;
049f5:45;
049f6:38;
049f7:45;
049f8:41;
049f9:41;
049fa:38;
049fb:43;
049fc:4b;
049fd:60;
049fe:56;
049ff:4b;
04a00:3f;
04a01:2e;
04a02:2d;
04a03:3a;
04a04:3a;
04a05:3a;
04a06:36;
04a07:2d;
04a08:2d;
04a09:26;
04a0a:13;
04a0b:09;
04a0c:09;
04a0d:09;
04a0e:13;
04a0f:1c;
04a10:26;
04a11:2e;
04a12:2d;
04a13:2e;
04a14:2d;
04a15:2e;
04a16:30;
04a17:38;
04a18:2b;
04a19:2b;
04a1a:26;
04a1b:26;
04a1c:20;
04a1d:20;
04a1e:18;
04a1f:2b;
04a20:2b;
04a21:26;
04a22:26;
04a23:20;
04a24:20;
04a25:26;
04a26:25;
04a27:26;
04a28:20;
04a29:25;
04a2a:26;
04a2b:2e;
04a2c:2e;
04a2d:22;
04a2e:17;
04a2f:0f;
04a30:22;
04a31:20;
04a32:26;
04a33:20;
04a34:25;
04a35:25;
04a36:25;
04a37:20;
04a38:20;
04a39:20;
04a3a:17;
04a3b:17;
04a3c:17;
04a3d:20;
04a3e:25;
04a3f:25;
04a40:20;
04a41:33;
04a42:20;
04a43:25;
04a44:26;
04a45:26;
04a46:1c;
04a47:13;
04a48:09;
04a49:13;
04a4a:14;
04a4b:26;
04a4c:1c;
04a4d:25;
04a4e:20;
04a4f:14;
04a50:0b;
04a51:0b;
04a52:14;
04a53:1b;
04a54:33;
04a55:39;
04a56:33;
04a57:49;
04a58:59;
04a59:6f;
04a5a:9f;
04a5b:9f;
04a5c:9f;
04a5d:9f;
04a5e:73;
04a5f:6f;
04a60:60;
04a61:43;
04a62:2d;
04a63:2d;
04a64:25;
04a65:25;
04a66:20;
04a67:2e;
04a68:30;
04a69:30;
04a6a:2e;
04a6b:20;
04a6c:17;
04a6d:17;
04a6e:20;
04a6f:22;
04a70:26;
04a71:22;
04a72:20;
04a73:20;
04a74:22;
04a75:20;
04a76:17;
04a77:16;
04a78:16;
04a79:16;
04a7a:14;
04a7b:16;
04a7c:1b;
04a7d:1b;
04a7e:13;
04a7f:1b;
04a80:20;
04a81:20;
04a82:1b;
04a83:20;
04a84:20;
04a85:25;
04a86:13;
04a87:20;
04a88:1b;
04a89:20;
04a8a:1b;
04a8b:16;
04a8c:1b;
04a8d:1c;
04a8e:1b;
04a8f:13;
04a90:13;
04a91:13;
04a92:20;
04a93:1b;
04a94:26;
04a95:2b;
04a96:2b;
04a97:30;
04a98:26;
04a99:26;
04a9a:26;
04a9b:2e;
04a9c:30;
04a9d:26;
04a9e:20;
04a9f:2e;
04aa0:30;
04aa1:30;
04aa2:30;
04aa3:2d;
04aa4:2d;
04aa5:25;
04aa6:2d;
04aa7:2f;
04aa8:36;
04aa9:36;
04aaa:35;
04aab:3f;
04aac:3e;
04aad:36;
04aae:35;
04aaf:3e;
04ab0:3e;
04ab1:35;
04ab2:43;
04ab3:44;
04ab4:4f;
04ab5:43;
04ab6:4f;
04ab7:4f;
04ab8:4f;
04ab9:4f;
04aba:4f;
04abb:4f;
04abc:60;
04abd:55;
04abe:53;
04abf:55;
04ac0:53;
04ac1:62;
04ac2:67;
04ac3:72;
04ac4:72;
04ac5:8a;
04ac6:86;
04ac7:a2;
04ac8:b6;
04ac9:ca;
04aca:ca;
04acb:ca;
04acc:cd;
04acd:dd;
04ace:c5;
04acf:c5;
04ad0:c5;
04ad1:c5;
04ad2:c5;
04ad3:d6;
04ad4:d6;
04ad5:d6;
04ad6:cc;
04ad7:db;
04ad8:db;
04ad9:ca;
04ada:b9;
04adb:a5;
04adc:cb;
04add:de;
04ade:f4;
04adf:fb;
04ae0:fb;
04ae1:ec;
04ae2:c5;
04ae3:ec;
04ae4:e4;
04ae5:fa;
04ae6:fb;
04ae7:f7;
04ae8:f7;
04ae9:e4;
04aea:f7;
04aeb:fa;
04aec:fa;
04aed:e1;
04aee:e1;
04aef:8b;
04af0:6f;
04af1:6f;
04af2:6f;
04af3:6f;
04af4:6f;
04af5:79;
04af6:93;
04af7:9e;
04af8:cc;
04af9:cc;
04afa:d6;
04afb:de;
04afc:ed;
04afd:f7;
04afe:e7;
04aff:de;
04b00:04;
04b01:04;
04b02:06;
04b03:06;
04b04:06;
04b05:06;
04b06:04;
04b07:06;
04b08:04;
04b09:04;
04b0a:04;
04b0b:04;
04b0c:04;
04b0d:04;
04b0e:04;
04b0f:04;
04b10:02;
04b11:02;
04b12:04;
04b13:04;
04b14:04;
04b15:06;
04b16:04;
04b17:06;
04b18:04;
04b19:04;
04b1a:04;
04b1b:04;
04b1c:04;
04b1d:04;
04b1e:04;
04b1f:06;
04b20:04;
04b21:06;
04b22:06;
04b23:06;
04b24:04;
04b25:06;
04b26:04;
04b27:04;
04b28:04;
04b29:04;
04b2a:04;
04b2b:04;
04b2c:04;
04b2d:02;
04b2e:04;
04b2f:04;
04b30:06;
04b31:0c;
04b32:11;
04b33:11;
04b34:0c;
04b35:0a;
04b36:06;
04b37:0a;
04b38:04;
04b39:04;
04b3a:04;
04b3b:04;
04b3c:04;
04b3d:04;
04b3e:06;
04b3f:06;
04b40:05;
04b41:06;
04b42:0a;
04b43:06;
04b44:06;
04b45:05;
04b46:04;
04b47:04;
04b48:06;
04b49:04;
04b4a:04;
04b4b:04;
04b4c:00;
04b4d:04;
04b4e:04;
04b4f:04;
04b50:06;
04b51:06;
04b52:0a;
04b53:06;
04b54:06;
04b55:04;
04b56:04;
04b57:04;
04b58:06;
04b59:0a;
04b5a:0c;
04b5b:09;
04b5c:0a;
04b5d:09;
04b5e:06;
04b5f:04;
04b60:04;
04b61:0f;
04b62:06;
04b63:0a;
04b64:0c;
04b65:0a;
04b66:0c;
04b67:0a;
04b68:06;
04b69:04;
04b6a:04;
04b6b:04;
04b6c:04;
04b6d:06;
04b6e:0c;
04b6f:0a;
04b70:0a;
04b71:06;
04b72:06;
04b73:06;
04b74:0a;
04b75:06;
04b76:06;
04b77:04;
04b78:04;
04b79:04;
04b7a:04;
04b7b:04;
04b7c:06;
04b7d:06;
04b7e:05;
04b7f:0c;
04b80:11;
04b81:11;
04b82:0a;
04b83:06;
04b84:06;
04b85:04;
04b86:04;
04b87:04;
04b88:04;
04b89:04;
04b8a:06;
04b8b:06;
04b8c:06;
04b8d:0c;
04b8e:0c;
04b8f:0c;
04b90:0c;
04b91:0a;
04b92:06;
04b93:04;
04b94:06;
04b95:06;
04b96:05;
04b97:06;
04b98:06;
04b99:06;
04b9a:0c;
04b9b:0c;
04b9c:11;
04b9d:0c;
04b9e:0c;
04b9f:06;
04ba0:06;
04ba1:0c;
04ba2:0c;
04ba3:0c;
04ba4:0c;
04ba5:0c;
04ba6:04;
04ba7:06;
04ba8:06;
04ba9:06;
04baa:06;
04bab:09;
04bac:06;
04bad:0b;
04bae:16;
04baf:14;
04bb0:16;
04bb1:16;
04bb2:0c;
04bb3:0a;
04bb4:06;
04bb5:06;
04bb6:06;
04bb7:06;
04bb8:06;
04bb9:04;
04bba:04;
04bbb:0a;
04bbc:0c;
04bbd:11;
04bbe:15;
04bbf:0c;
04bc0:0c;
04bc1:09;
04bc2:06;
04bc3:06;
04bc4:0a;
04bc5:09;
04bc6:09;
04bc7:09;
04bc8:0c;
04bc9:15;
04bca:11;
04bcb:0c;
04bcc:06;
04bcd:04;
04bce:04;
04bcf:06;
04bd0:0a;
04bd1:0c;
04bd2:0a;
04bd3:06;
04bd4:04;
04bd5:06;
04bd6:06;
04bd7:0c;
04bd8:14;
04bd9:11;
04bda:15;
04bdb:0c;
04bdc:0c;
04bdd:06;
04bde:06;
04bdf:04;
04be0:06;
04be1:04;
04be2:09;
04be3:16;
04be4:1f;
04be5:1f;
04be6:15;
04be7:0c;
04be8:09;
04be9:06;
04bea:0c;
04beb:0c;
04bec:0c;
04bed:0c;
04bee:0a;
04bef:09;
04bf0:09;
04bf1:06;
04bf2:06;
04bf3:06;
04bf4:06;
04bf5:0a;
04bf6:0c;
04bf7:15;
04bf8:11;
04bf9:0c;
04bfa:0c;
04bfb:0c;
04bfc:0c;
04bfd:0a;
04bfe:06;
04bff:06;
04c00:06;
04c01:0a;
04c02:06;
04c03:06;
04c04:06;
04c05:09;
04c06:0a;
04c07:16;
04c08:0c;
04c09:16;
04c0a:0c;
04c0b:09;
04c0c:0c;
04c0d:0c;
04c0e:0a;
04c0f:06;
04c10:04;
04c11:04;
04c12:09;
04c13:16;
04c14:16;
04c15:16;
04c16:09;
04c17:09;
04c18:16;
04c19:16;
04c1a:16;
04c1b:0c;
04c1c:09;
04c1d:0c;
04c1e:0c;
04c1f:11;
04c20:05;
04c21:06;
04c22:09;
04c23:09;
04c24:09;
04c25:09;
04c26:09;
04c27:16;
04c28:1f;
04c29:1f;
04c2a:1f;
04c2b:15;
04c2c:16;
04c2d:06;
04c2e:06;
04c2f:0a;
04c30:0c;
04c31:05;
04c32:06;
04c33:04;
04c34:0c;
04c35:0c;
04c36:15;
04c37:11;
04c38:06;
04c39:06;
04c3a:06;
04c3b:09;
04c3c:0a;
04c3d:09;
04c3e:1f;
04c3f:1f;
04c40:1f;
04c41:0a;
04c42:09;
04c43:16;
04c44:16;
04c45:0a;
04c46:0a;
04c47:04;
04c48:0a;
04c49:06;
04c4a:0a;
04c4b:06;
04c4c:04;
04c4d:06;
04c4e:0a;
04c4f:09;
04c50:06;
04c51:09;
04c52:0c;
04c53:16;
04c54:11;
04c55:0a;
04c56:09;
04c57:09;
04c58:16;
04c59:16;
04c5a:11;
04c5b:11;
04c5c:16;
04c5d:06;
04c5e:09;
04c5f:0a;
04c60:16;
04c61:15;
04c62:11;
04c63:16;
04c64:06;
04c65:09;
04c66:04;
04c67:09;
04c68:0c;
04c69:16;
04c6a:1e;
04c6b:15;
04c6c:16;
04c6d:0c;
04c6e:16;
04c6f:16;
04c70:15;
04c71:15;
04c72:0c;
04c73:09;
04c74:16;
04c75:15;
04c76:16;
04c77:16;
04c78:15;
04c79:15;
04c7a:15;
04c7b:16;
04c7c:09;
04c7d:06;
04c7e:04;
04c7f:09;
04c80:09;
04c81:0c;
04c82:16;
04c83:1f;
04c84:1f;
04c85:14;
04c86:16;
04c87:14;
04c88:1f;
04c89:15;
04c8a:16;
04c8b:0a;
04c8c:09;
04c8d:09;
04c8e:09;
04c8f:16;
04c90:15;
04c91:1f;
04c92:14;
04c93:0a;
04c94:0b;
04c95:16;
04c96:16;
04c97:16;
04c98:1f;
04c99:16;
04c9a:09;
04c9b:16;
04c9c:15;
04c9d:15;
04c9e:0c;
04c9f:06;
04ca0:09;
04ca1:06;
04ca2:0c;
04ca3:2b;
04ca4:1e;
04ca5:14;
04ca6:13;
04ca7:1e;
04ca8:1c;
04ca9:1c;
04caa:20;
04cab:1c;
04cac:1c;
04cad:1c;
04cae:13;
04caf:09;
04cb0:09;
04cb1:09;
04cb2:16;
04cb3:1f;
04cb4:2b;
04cb5:29;
04cb6:1f;
04cb7:1f;
04cb8:0b;
04cb9:09;
04cba:09;
04cbb:0c;
04cbc:16;
04cbd:15;
04cbe:16;
04cbf:0a;
04cc0:09;
04cc1:0c;
04cc2:16;
04cc3:14;
04cc4:16;
04cc5:14;
04cc6:16;
04cc7:1f;
04cc8:14;
04cc9:1f;
04cca:16;
04ccb:0c;
04ccc:09;
04ccd:0f;
04cce:0a;
04ccf:11;
04cd0:11;
04cd1:16;
04cd2:16;
04cd3:11;
04cd4:16;
04cd5:16;
04cd6:15;
04cd7:16;
04cd8:0c;
04cd9:09;
04cda:09;
04cdb:0c;
04cdc:16;
04cdd:16;
04cde:14;
04cdf:15;
04ce0:1f;
04ce1:1f;
04ce2:14;
04ce3:13;
04ce4:0b;
04ce5:0c;
04ce6:16;
04ce7:0c;
04ce8:09;
04ce9:09;
04cea:11;
04ceb:1f;
04cec:1f;
04ced:16;
04cee:09;
04cef:17;
04cf0:20;
04cf1:1f;
04cf2:26;
04cf3:22;
04cf4:20;
04cf5:26;
04cf6:2e;
04cf7:26;
04cf8:18;
04cf9:09;
04cfa:13;
04cfb:1c;
04cfc:1f;
04cfd:1e;
04cfe:26;
04cff:16;
04d00:1c;
04d01:1c;
04d02:26;
04d03:26;
04d04:16;
04d05:13;
04d06:16;
04d07:1f;
04d08:14;
04d09:0a;
04d0a:09;
04d0b:06;
04d0c:04;
04d0d:0a;
04d0e:06;
04d0f:16;
04d10:14;
04d11:1f;
04d12:2e;
04d13:26;
04d14:20;
04d15:16;
04d16:20;
04d17:1f;
04d18:11;
04d19:16;
04d1a:0a;
04d1b:06;
04d1c:0a;
04d1d:0c;
04d1e:13;
04d1f:14;
04d20:13;
04d21:1c;
04d22:16;
04d23:16;
04d24:13;
04d25:09;
04d26:13;
04d27:1f;
04d28:2b;
04d29:29;
04d2a:1f;
04d2b:1f;
04d2c:1f;
04d2d:16;
04d2e:13;
04d2f:09;
04d30:1c;
04d31:1f;
04d32:2b;
04d33:1f;
04d34:1f;
04d35:1c;
04d36:16;
04d37:16;
04d38:1c;
04d39:1f;
04d3a:1f;
04d3b:1f;
04d3c:11;
04d3d:11;
04d3e:1f;
04d3f:11;
04d40:0a;
04d41:0f;
04d42:09;
04d43:13;
04d44:26;
04d45:28;
04d46:26;
04d47:27;
04d48:28;
04d49:28;
04d4a:2b;
04d4b:28;
04d4c:1f;
04d4d:20;
04d4e:16;
04d4f:17;
04d50:16;
04d51:2b;
04d52:34;
04d53:28;
04d54:27;
04d55:23;
04d56:34;
04d57:34;
04d58:28;
04d59:16;
04d5a:17;
04d5b:09;
04d5c:13;
04d5d:1c;
04d5e:1c;
04d5f:20;
04d60:20;
04d61:2e;
04d62:2b;
04d63:41;
04d64:2e;
04d65:30;
04d66:30;
04d67:28;
04d68:30;
04d69:1c;
04d6a:13;
04d6b:0b;
04d6c:13;
04d6d:2b;
04d6e:2b;
04d6f:2e;
04d70:1f;
04d71:13;
04d72:0b;
04d73:1b;
04d74:1c;
04d75:28;
04d76:28;
04d77:30;
04d78:2b;
04d79:34;
04d7a:34;
04d7b:30;
04d7c:34;
04d7d:34;
04d7e:25;
04d7f:1b;
04d80:26;
04d81:2b;
04d82:34;
04d83:29;
04d84:26;
04d85:16;
04d86:0c;
04d87:0b;
04d88:13;
04d89:1c;
04d8a:28;
04d8b:30;
04d8c:34;
04d8d:35;
04d8e:34;
04d8f:34;
04d90:34;
04d91:30;
04d92:1b;
04d93:17;
04d94:13;
04d95:1f;
04d96:1f;
04d97:1f;
04d98:11;
04d99:16;
04d9a:20;
04d9b:26;
04d9c:30;
04d9d:2b;
04d9e:36;
04d9f:2e;
04da0:20;
04da1:28;
04da2:34;
04da3:29;
04da4:2b;
04da5:15;
04da6:0c;
04da7:0a;
04da8:0b;
04da9:0a;
04daa:20;
04dab:26;
04dac:26;
04dad:26;
04dae:28;
04daf:2b;
04db0:30;
04db1:2b;
04db2:1c;
04db3:16;
04db4:13;
04db5:09;
04db6:09;
04db7:16;
04db8:1f;
04db9:2b;
04dba:2e;
04dbb:1f;
04dbc:13;
04dbd:17;
04dbe:20;
04dbf:26;
04dc0:26;
04dc1:25;
04dc2:13;
04dc3:13;
04dc4:26;
04dc5:2b;
04dc6:2b;
04dc7:2b;
04dc8:14;
04dc9:16;
04dca:09;
04dcb:09;
04dcc:17;
04dcd:26;
04dce:2b;
04dcf:34;
04dd0:34;
04dd1:2e;
04dd2:25;
04dd3:30;
04dd4:30;
04dd5:35;
04dd6:30;
04dd7:2f;
04dd8:26;
04dd9:30;
04dda:28;
04ddb:2e;
04ddc:1c;
04ddd:13;
04dde:1b;
04ddf:20;
04de0:1c;
04de1:30;
04de2:26;
04de3:26;
04de4:25;
04de5:25;
04de6:30;
04de7:30;
04de8:30;
04de9:2b;
04dea:1b;
04deb:25;
04dec:26;
04ded:2b;
04dee:2e;
04def:1c;
04df0:20;
04df1:13;
04df2:26;
04df3:2e;
04df4:26;
04df5:2e;
04df6:26;
04df7:30;
04df8:2b;
04df9:2e;
04dfa:25;
04dfb:20;
04dfc:16;
04dfd:26;
04dfe:26;
04dff:2b;
04e00:2b;
04e01:30;
04e02:26;
04e03:20;
04e04:25;
04e05:2e;
04e06:30;
04e07:3a;
04e08:2b;
04e09:30;
04e0a:2b;
04e0b:2b;
04e0c:2b;
04e0d:30;
04e0e:26;
04e0f:13;
04e10:09;
04e11:0b;
04e12:13;
04e13:1c;
04e14:34;
04e15:41;
04e16:3a;
04e17:2d;
04e18:3a;
04e19:3a;
04e1a:3a;
04e1b:30;
04e1c:1b;
04e1d:1b;
04e1e:2b;
04e1f:2b;
04e20:2b;
04e21:16;
04e22:17;
04e23:20;
04e24:2e;
04e25:2f;
04e26:35;
04e27:34;
04e28:34;
04e29:2b;
04e2a:28;
04e2b:20;
04e2c:16;
04e2d:13;
04e2e:17;
04e2f:20;
04e30:16;
04e31:26;
04e32:2b;
04e33:34;
04e34:2b;
04e35:2e;
04e36:25;
04e37:25;
04e38:30;
04e39:30;
04e3a:30;
04e3b:26;
04e3c:26;
04e3d:20;
04e3e:20;
04e3f:20;
04e40:20;
04e41:34;
04e42:2b;
04e43:30;
04e44:30;
04e45:30;
04e46:35;
04e47:28;
04e48:30;
04e49:25;
04e4a:20;
04e4b:13;
04e4c:26;
04e4d:2b;
04e4e:28;
04e4f:26;
04e50:26;
04e51:20;
04e52:1c;
04e53:26;
04e54:30;
04e55:30;
04e56:26;
04e57:27;
04e58:30;
04e59:35;
04e5a:30;
04e5b:35;
04e5c:30;
04e5d:30;
04e5e:2f;
04e5f:27;
04e60:20;
04e61:1b;
04e62:25;
04e63:26;
04e64:30;
04e65:34;
04e66:3a;
04e67:30;
04e68:30;
04e69:30;
04e6a:30;
04e6b:2d;
04e6c:30;
04e6d:26;
04e6e:25;
04e6f:13;
04e70:26;
04e71:2b;
04e72:2b;
04e73:1e;
04e74:1f;
04e75:16;
04e76:13;
04e77:17;
04e78:20;
04e79:36;
04e7a:3a;
04e7b:3a;
04e7c:36;
04e7d:3a;
04e7e:2f;
04e7f:26;
04e80:25;
04e81:26;
04e82:2b;
04e83:34;
04e84:30;
04e85:30;
04e86:36;
04e87:35;
04e88:34;
04e89:30;
04e8a:25;
04e8b:13;
04e8c:13;
04e8d:16;
04e8e:09;
04e8f:09;
04e90:20;
04e91:26;
04e92:30;
04e93:3a;
04e94:3a;
04e95:35;
04e96:3a;
04e97:36;
04e98:2d;
04e99:2f;
04e9a:28;
04e9b:30;
04e9c:3a;
04e9d:3a;
04e9e:3a;
04e9f:3a;
04ea0:30;
04ea1:30;
04ea2:2f;
04ea3:25;
04ea4:20;
04ea5:2e;
04ea6:30;
04ea7:30;
04ea8:3a;
04ea9:36;
04eaa:3a;
04eab:36;
04eac:35;
04ead:3f;
04eae:43;
04eaf:36;
04eb0:34;
04eb1:2b;
04eb2:2d;
04eb3:25;
04eb4:2d;
04eb5:2d;
04eb6:36;
04eb7:43;
04eb8:43;
04eb9:4a;
04eba:4f;
04ebb:53;
04ebc:62;
04ebd:62;
04ebe:72;
04ebf:8a;
04ec0:a3;
04ec1:a3;
04ec2:b2;
04ec3:b6;
04ec4:b3;
04ec5:b3;
04ec6:a9;
04ec7:be;
04ec8:c8;
04ec9:e0;
04eca:e0;
04ecb:d7;
04ecc:e0;
04ecd:d7;
04ece:e0;
04ecf:c8;
04ed0:d6;
04ed1:cc;
04ed2:be;
04ed3:b3;
04ed4:8a;
04ed5:86;
04ed6:86;
04ed7:72;
04ed8:53;
04ed9:4f;
04eda:4f;
04edb:53;
04edc:5f;
04edd:4f;
04ede:53;
04edf:53;
04ee0:5f;
04ee1:62;
04ee2:62;
04ee3:55;
04ee4:6f;
04ee5:55;
04ee6:6f;
04ee7:64;
04ee8:73;
04ee9:64;
04eea:60;
04eeb:73;
04eec:7d;
04eed:79;
04eee:73;
04eef:64;
04ef0:60;
04ef1:4a;
04ef2:39;
04ef3:39;
04ef4:45;
04ef5:41;
04ef6:41;
04ef7:4d;
04ef8:4a;
04ef9:4d;
04efa:4a;
04efb:4a;
04efc:57;
04efd:60;
04efe:48;
04eff:34;
04f00:2e;
04f01:26;
04f02:2d;
04f03:30;
04f04:3a;
04f05:35;
04f06:2d;
04f07:25;
04f08:25;
04f09:1c;
04f0a:13;
04f0b:09;
04f0c:09;
04f0d:09;
04f0e:16;
04f0f:16;
04f10:26;
04f11:26;
04f12:2e;
04f13:2d;
04f14:2d;
04f15:20;
04f16:2d;
04f17:2e;
04f18:30;
04f19:2e;
04f1a:2e;
04f1b:1c;
04f1c:20;
04f1d:17;
04f1e:18;
04f1f:26;
04f20:2b;
04f21:2e;
04f22:26;
04f23:20;
04f24:26;
04f25:26;
04f26:26;
04f27:20;
04f28:20;
04f29:1b;
04f2a:2e;
04f2b:26;
04f2c:1f;
04f2d:22;
04f2e:17;
04f2f:0f;
04f30:20;
04f31:26;
04f32:26;
04f33:25;
04f34:25;
04f35:1b;
04f36:20;
04f37:20;
04f38:20;
04f39:22;
04f3a:17;
04f3b:17;
04f3c:20;
04f3d:20;
04f3e:2d;
04f3f:20;
04f40:33;
04f41:20;
04f42:20;
04f43:2d;
04f44:26;
04f45:1f;
04f46:1f;
04f47:09;
04f48:0f;
04f49:16;
04f4a:11;
04f4b:2e;
04f4c:26;
04f4d:2e;
04f4e:20;
04f4f:20;
04f50:16;
04f51:16;
04f52:1b;
04f53:33;
04f54:2d;
04f55:3e;
04f56:4f;
04f57:72;
04f58:90;
04f59:a3;
04f5a:a9;
04f5b:a9;
04f5c:9f;
04f5d:73;
04f5e:62;
04f5f:4a;
04f60:3e;
04f61:2e;
04f62:22;
04f63:2e;
04f64:20;
04f65:20;
04f66:20;
04f67:20;
04f68:26;
04f69:2e;
04f6a:26;
04f6b:20;
04f6c:17;
04f6d:18;
04f6e:20;
04f6f:22;
04f70:26;
04f71:20;
04f72:16;
04f73:16;
04f74:20;
04f75:18;
04f76:18;
04f77:0a;
04f78:16;
04f79:16;
04f7a:16;
04f7b:26;
04f7c:20;
04f7d:20;
04f7e:20;
04f7f:20;
04f80:20;
04f81:25;
04f82:20;
04f83:20;
04f84:25;
04f85:20;
04f86:20;
04f87:20;
04f88:20;
04f89:20;
04f8a:20;
04f8b:1c;
04f8c:20;
04f8d:13;
04f8e:20;
04f8f:13;
04f90:20;
04f91:13;
04f92:20;
04f93:20;
04f94:26;
04f95:26;
04f96:2e;
04f97:26;
04f98:2e;
04f99:25;
04f9a:2e;
04f9b:2e;
04f9c:2e;
04f9d:2d;
04f9e:20;
04f9f:2e;
04fa0:30;
04fa1:38;
04fa2:30;
04fa3:2e;
04fa4:2d;
04fa5:2d;
04fa6:2d;
04fa7:36;
04fa8:39;
04fa9:3a;
04faa:43;
04fab:43;
04fac:43;
04fad:36;
04fae:3e;
04faf:3e;
04fb0:43;
04fb1:3e;
04fb2:43;
04fb3:4a;
04fb4:4f;
04fb5:4f;
04fb6:43;
04fb7:4f;
04fb8:5f;
04fb9:4f;
04fba:4f;
04fbb:4f;
04fbc:53;
04fbd:53;
04fbe:53;
04fbf:62;
04fc0:53;
04fc1:62;
04fc2:72;
04fc3:72;
04fc4:75;
04fc5:86;
04fc6:86;
04fc7:a2;
04fc8:a2;
04fc9:b2;
04fca:b2;
04fcb:b9;
04fcc:cb;
04fcd:c6;
04fce:dd;
04fcf:e2;
04fd0:c0;
04fd1:cc;
04fd2:c5;
04fd3:c5;
04fd4:e6;
04fd5:d6;
04fd6:db;
04fd7:db;
04fd8:b3;
04fd9:ca;
04fda:b2;
04fdb:a5;
04fdc:c5;
04fdd:f7;
04fde:fb;
04fdf:fb;
04fe0:e7;
04fe1:be;
04fe2:c5;
04fe3:fa;
04fe4:fb;
04fe5:ed;
04fe6:ec;
04fe7:ec;
04fe8:e4;
04fe9:f7;
04fea:e7;
04feb:ec;
04fec:d6;
04fed:cd;
04fee:b3;
04fef:73;
04ff0:60;
04ff1:5c;
04ff2:4d;
04ff3:38;
04ff4:3e;
04ff5:4f;
04ff6:55;
04ff7:7e;
04ff8:a9;
04ff9:93;
04ffa:a9;
04ffb:cc;
04ffc:d6;
04ffd:e7;
04ffe:ed;
04fff:f7;
05000:04;
05001:04;
05002:04;
05003:06;
05004:06;
05005:04;
05006:06;
05007:04;
05008:04;
05009:04;
0500a:04;
0500b:04;
0500c:04;
0500d:04;
0500e:04;
0500f:04;
05010:04;
05011:04;
05012:04;
05013:04;
05014:04;
05015:04;
05016:04;
05017:06;
05018:0a;
05019:04;
0501a:04;
0501b:04;
0501c:04;
0501d:04;
0501e:04;
0501f:04;
05020:04;
05021:06;
05022:06;
05023:06;
05024:06;
05025:0a;
05026:04;
05027:04;
05028:04;
05029:04;
0502a:04;
0502b:04;
0502c:04;
0502d:00;
0502e:02;
0502f:04;
05030:06;
05031:0c;
05032:11;
05033:0c;
05034:0a;
05035:0a;
05036:06;
05037:06;
05038:09;
05039:04;
0503a:04;
0503b:02;
0503c:04;
0503d:04;
0503e:06;
0503f:06;
05040:06;
05041:06;
05042:06;
05043:0a;
05044:06;
05045:06;
05046:06;
05047:04;
05048:04;
05049:06;
0504a:06;
0504b:00;
0504c:04;
0504d:04;
0504e:04;
0504f:04;
05050:06;
05051:06;
05052:0a;
05053:06;
05054:06;
05055:04;
05056:04;
05057:04;
05058:04;
05059:06;
0505a:0c;
0505b:0a;
0505c:0a;
0505d:09;
0505e:0a;
0505f:0f;
05060:04;
05061:06;
05062:09;
05063:0a;
05064:0c;
05065:0a;
05066:0a;
05067:06;
05068:04;
05069:02;
0506a:04;
0506b:04;
0506c:06;
0506d:06;
0506e:0c;
0506f:0c;
05070:0a;
05071:06;
05072:06;
05073:06;
05074:0a;
05075:06;
05076:04;
05077:04;
05078:04;
05079:04;
0507a:04;
0507b:04;
0507c:06;
0507d:06;
0507e:0c;
0507f:0c;
05080:0c;
05081:11;
05082:0a;
05083:06;
05084:04;
05085:06;
05086:04;
05087:06;
05088:04;
05089:04;
0508a:06;
0508b:06;
0508c:0c;
0508d:0c;
0508e:0c;
0508f:0c;
05090:0c;
05091:0a;
05092:04;
05093:04;
05094:06;
05095:06;
05096:06;
05097:06;
05098:06;
05099:0b;
0509a:0c;
0509b:0c;
0509c:0c;
0509d:0c;
0509e:06;
0509f:06;
050a0:06;
050a1:0c;
050a2:0c;
050a3:0c;
050a4:06;
050a5:06;
050a6:04;
050a7:04;
050a8:06;
050a9:09;
050aa:06;
050ab:06;
050ac:09;
050ad:0b;
050ae:16;
050af:16;
050b0:14;
050b1:16;
050b2:0c;
050b3:06;
050b4:06;
050b5:06;
050b6:04;
050b7:04;
050b8:06;
050b9:06;
050ba:04;
050bb:0c;
050bc:11;
050bd:14;
050be:11;
050bf:0c;
050c0:0c;
050c1:0a;
050c2:06;
050c3:09;
050c4:06;
050c5:06;
050c6:09;
050c7:0c;
050c8:16;
050c9:15;
050ca:15;
050cb:0a;
050cc:06;
050cd:04;
050ce:06;
050cf:06;
050d0:0a;
050d1:0a;
050d2:06;
050d3:06;
050d4:04;
050d5:04;
050d6:06;
050d7:0a;
050d8:14;
050d9:11;
050da:16;
050db:0c;
050dc:06;
050dd:06;
050de:06;
050df:04;
050e0:04;
050e1:06;
050e2:09;
050e3:15;
050e4:1f;
050e5:1f;
050e6:15;
050e7:0c;
050e8:06;
050e9:09;
050ea:0c;
050eb:0c;
050ec:0c;
050ed:0c;
050ee:0a;
050ef:06;
050f0:06;
050f1:06;
050f2:06;
050f3:06;
050f4:06;
050f5:0c;
050f6:0c;
050f7:11;
050f8:16;
050f9:0c;
050fa:0c;
050fb:0c;
050fc:0c;
050fd:06;
050fe:09;
050ff:06;
05100:06;
05101:0c;
05102:0a;
05103:0a;
05104:06;
05105:0c;
05106:0c;
05107:16;
05108:0c;
05109:0c;
0510a:0a;
0510b:09;
0510c:0c;
0510d:0a;
0510e:09;
0510f:04;
05110:04;
05111:09;
05112:0c;
05113:16;
05114:16;
05115:09;
05116:09;
05117:0c;
05118:16;
05119:16;
0511a:0c;
0511b:16;
0511c:09;
0511d:0a;
0511e:0c;
0511f:0c;
05120:06;
05121:06;
05122:06;
05123:09;
05124:09;
05125:09;
05126:16;
05127:15;
05128:1f;
05129:1f;
0512a:15;
0512b:16;
0512c:09;
0512d:06;
0512e:0a;
0512f:05;
05130:06;
05131:04;
05132:04;
05133:05;
05134:11;
05135:15;
05136:11;
05137:0c;
05138:06;
05139:06;
0513a:09;
0513b:0b;
0513c:0a;
0513d:0a;
0513e:1f;
0513f:2b;
05140:11;
05141:09;
05142:0f;
05143:11;
05144:16;
05145:0a;
05146:06;
05147:0a;
05148:06;
05149:06;
0514a:06;
0514b:06;
0514c:0a;
0514d:04;
0514e:09;
0514f:04;
05150:06;
05151:0a;
05152:16;
05153:11;
05154:16;
05155:0a;
05156:0f;
05157:09;
05158:16;
05159:11;
0515a:15;
0515b:11;
0515c:0c;
0515d:09;
0515e:0a;
0515f:0c;
05160:11;
05161:1f;
05162:11;
05163:0c;
05164:06;
05165:09;
05166:06;
05167:09;
05168:0c;
05169:15;
0516a:1f;
0516b:1f;
0516c:16;
0516d:0c;
0516e:0c;
0516f:11;
05170:15;
05171:0c;
05172:09;
05173:09;
05174:0c;
05175:16;
05176:15;
05177:16;
05178:16;
05179:11;
0517a:16;
0517b:0c;
0517c:06;
0517d:09;
0517e:04;
0517f:09;
05180:0b;
05181:16;
05182:15;
05183:1f;
05184:1f;
05185:1f;
05186:14;
05187:16;
05188:1f;
05189:14;
0518a:16;
0518b:09;
0518c:06;
0518d:09;
0518e:0c;
0518f:14;
05190:1f;
05191:1f;
05192:16;
05193:0c;
05194:0b;
05195:16;
05196:1f;
05197:1f;
05198:1f;
05199:09;
0519a:0c;
0519b:15;
0519c:1f;
0519d:15;
0519e:0a;
0519f:06;
051a0:06;
051a1:0a;
051a2:15;
051a3:29;
051a4:14;
051a5:13;
051a6:16;
051a7:1c;
051a8:1c;
051a9:1c;
051aa:1c;
051ab:1c;
051ac:1c;
051ad:1c;
051ae:16;
051af:09;
051b0:09;
051b1:09;
051b2:14;
051b3:1f;
051b4:1f;
051b5:1f;
051b6:1f;
051b7:1f;
051b8:16;
051b9:09;
051ba:09;
051bb:0b;
051bc:1f;
051bd:15;
051be:16;
051bf:0b;
051c0:09;
051c1:16;
051c2:14;
051c3:16;
051c4:14;
051c5:16;
051c6:15;
051c7:1c;
051c8:15;
051c9:1f;
051ca:1c;
051cb:0a;
051cc:09;
051cd:0a;
051ce:0a;
051cf:16;
051d0:11;
051d1:16;
051d2:16;
051d3:16;
051d4:16;
051d5:16;
051d6:16;
051d7:15;
051d8:16;
051d9:09;
051da:09;
051db:0b;
051dc:0c;
051dd:16;
051de:1f;
051df:1f;
051e0:1f;
051e1:14;
051e2:16;
051e3:13;
051e4:0b;
051e5:0c;
051e6:0c;
051e7:16;
051e8:06;
051e9:09;
051ea:14;
051eb:11;
051ec:16;
051ed:09;
051ee:16;
051ef:09;
051f0:22;
051f1:1f;
051f2:1f;
051f3:26;
051f4:22;
051f5:26;
051f6:22;
051f7:20;
051f8:17;
051f9:0b;
051fa:16;
051fb:14;
051fc:26;
051fd:1f;
051fe:1c;
051ff:13;
05200:1c;
05201:1c;
05202:2b;
05203:13;
05204:13;
05205:16;
05206:14;
05207:1f;
05208:1f;
05209:0c;
0520a:09;
0520b:06;
0520c:04;
0520d:06;
0520e:0c;
0520f:16;
05210:1f;
05211:26;
05212:26;
05213:26;
05214:26;
05215:20;
05216:16;
05217:16;
05218:11;
05219:0c;
0521a:06;
0521b:06;
0521c:0c;
0521d:16;
0521e:14;
0521f:1b;
05220:13;
05221:1f;
05222:1c;
05223:16;
05224:13;
05225:09;
05226:16;
05227:16;
05228:1f;
05229:1f;
0522a:2b;
0522b:1f;
0522c:1c;
0522d:16;
0522e:09;
0522f:09;
05230:1f;
05231:1f;
05232:1f;
05233:2b;
05234:1f;
05235:13;
05236:13;
05237:16;
05238:15;
05239:1f;
0523a:1f;
0523b:11;
0523c:1f;
0523d:11;
0523e:1f;
0523f:11;
05240:09;
05241:09;
05242:09;
05243:16;
05244:2b;
05245:30;
05246:28;
05247:27;
05248:30;
05249:28;
0524a:26;
0524b:1c;
0524c:1c;
0524d:16;
0524e:17;
0524f:17;
05250:13;
05251:26;
05252:28;
05253:27;
05254:25;
05255:28;
05256:23;
05257:35;
05258:2b;
05259:20;
0525a:09;
0525b:17;
0525c:16;
0525d:1c;
0525e:16;
0525f:1c;
05260:2e;
05261:2e;
05262:3a;
05263:2e;
05264:2e;
05265:3a;
05266:2b;
05267:30;
05268:2b;
05269:1b;
0526a:13;
0526b:0b;
0526c:1c;
0526d:2b;
0526e:2b;
0526f:26;
05270:1c;
05271:0b;
05272:09;
05273:14;
05274:1e;
05275:2b;
05276:28;
05277:30;
05278:34;
05279:34;
0527a:34;
0527b:34;
0527c:34;
0527d:30;
0527e:26;
0527f:1b;
05280:26;
05281:34;
05282:29;
05283:34;
05284:1f;
05285:16;
05286:09;
05287:09;
05288:16;
05289:1c;
0528a:2b;
0528b:35;
0528c:34;
0528d:34;
0528e:35;
0528f:34;
05290:30;
05291:28;
05292:20;
05293:13;
05294:16;
05295:1f;
05296:1f;
05297:11;
05298:16;
05299:16;
0529a:20;
0529b:20;
0529c:30;
0529d:3a;
0529e:30;
0529f:20;
052a0:25;
052a1:2e;
052a2:34;
052a3:29;
052a4:1f;
052a5:0c;
052a6:0a;
052a7:0c;
052a8:09;
052a9:09;
052aa:16;
052ab:26;
052ac:2b;
052ad:2e;
052ae:30;
052af:28;
052b0:2b;
052b1:2b;
052b2:26;
052b3:16;
052b4:17;
052b5:17;
052b6:09;
052b7:16;
052b8:1f;
052b9:2b;
052ba:1f;
052bb:16;
052bc:17;
052bd:16;
052be:20;
052bf:26;
052c0:26;
052c1:26;
052c2:25;
052c3:13;
052c4:1c;
052c5:2b;
052c6:2b;
052c7:2b;
052c8:16;
052c9:09;
052ca:09;
052cb:09;
052cc:13;
052cd:26;
052ce:34;
052cf:34;
052d0:30;
052d1:25;
052d2:25;
052d3:30;
052d4:2b;
052d5:35;
052d6:30;
052d7:30;
052d8:28;
052d9:2e;
052da:28;
052db:25;
052dc:13;
052dd:20;
052de:13;
052df:20;
052e0:26;
052e1:28;
052e2:26;
052e3:26;
052e4:25;
052e5:25;
052e6:2d;
052e7:2f;
052e8:2e;
052e9:26;
052ea:13;
052eb:20;
052ec:2b;
052ed:2b;
052ee:28;
052ef:20;
052f0:13;
052f1:20;
052f2:26;
052f3:26;
052f4:26;
052f5:26;
052f6:2e;
052f7:2e;
052f8:30;
052f9:2e;
052fa:20;
052fb:20;
052fc:20;
052fd:26;
052fe:26;
052ff:2b;
05300:2b;
05301:30;
05302:26;
05303:2d;
05304:20;
05305:2d;
05306:2b;
05307:34;
05308:3a;
05309:2b;
0530a:30;
0530b:2b;
0530c:30;
0530d:26;
0530e:1c;
0530f:20;
05310:0b;
05311:09;
05312:13;
05313:1f;
05314:34;
05315:38;
05316:2e;
05317:2d;
05318:36;
05319:3a;
0531a:2f;
0531b:25;
0531c:25;
0531d:1c;
0531e:34;
0531f:2b;
05320:28;
05321:16;
05322:17;
05323:20;
05324:28;
05325:35;
05326:35;
05327:30;
05328:34;
05329:2b;
0532a:2e;
0532b:16;
0532c:20;
0532d:20;
0532e:13;
0532f:13;
05330:20;
05331:1f;
05332:2b;
05333:34;
05334:30;
05335:25;
05336:20;
05337:25;
05338:30;
05339:30;
0533a:30;
0533b:25;
0533c:26;
0533d:20;
0533e:20;
0533f:20;
05340:26;
05341:34;
05342:30;
05343:30;
05344:30;
05345:23;
05346:30;
05347:27;
05348:1b;
05349:20;
0534a:20;
0534b:20;
0534c:26;
0534d:28;
0534e:2b;
0534f:26;
05350:1c;
05351:25;
05352:1b;
05353:26;
05354:28;
05355:30;
05356:25;
05357:25;
05358:30;
05359:35;
0535a:30;
0535b:35;
0535c:30;
0535d:35;
0535e:30;
0535f:27;
05360:20;
05361:1b;
05362:26;
05363:30;
05364:34;
05365:3a;
05366:34;
05367:30;
05368:30;
05369:2f;
0536a:2d;
0536b:2e;
0536c:30;
0536d:30;
0536e:25;
0536f:13;
05370:26;
05371:2b;
05372:29;
05373:2b;
05374:11;
05375:16;
05376:17;
05377:13;
05378:25;
05379:30;
0537a:36;
0537b:36;
0537c:36;
0537d:30;
0537e:2f;
0537f:25;
05380:25;
05381:26;
05382:2b;
05383:34;
05384:30;
05385:2f;
05386:36;
05387:3a;
05388:3a;
05389:28;
0538a:25;
0538b:20;
0538c:13;
0538d:09;
0538e:09;
0538f:09;
05390:16;
05391:2e;
05392:30;
05393:3a;
05394:3a;
05395:3e;
05396:35;
05397:36;
05398:2d;
05399:30;
0539a:30;
0539b:30;
0539c:3a;
0539d:3a;
0539e:3a;
0539f:3a;
053a0:3a;
053a1:30;
053a2:2d;
053a3:20;
053a4:25;
053a5:2e;
053a6:30;
053a7:30;
053a8:30;
053a9:2f;
053aa:3a;
053ab:35;
053ac:41;
053ad:43;
053ae:43;
053af:36;
053b0:3f;
053b1:2b;
053b2:2e;
053b3:25;
053b4:25;
053b5:36;
053b6:35;
053b7:3f;
053b8:4a;
053b9:53;
053ba:4f;
053bb:62;
053bc:72;
053bd:72;
053be:8a;
053bf:91;
053c0:b6;
053c1:b3;
053c2:b3;
053c3:b3;
053c4:a9;
053c5:bf;
053c6:c8;
053c7:e0;
053c8:d7;
053c9:f6;
053ca:f6;
053cb:f6;
053cc:f0;
053cd:f0;
053ce:f4;
053cf:f4;
053d0:ed;
053d1:ed;
053d2:de;
053d3:c8;
053d4:a6;
053d5:8a;
053d6:8a;
053d7:75;
053d8:62;
053d9:62;
053da:6f;
053db:67;
053dc:73;
053dd:6f;
053de:62;
053df:5f;
053e0:4b;
053e1:62;
053e2:62;
053e3:62;
053e4:53;
053e5:62;
053e6:53;
053e7:4b;
053e8:62;
053e9:60;
053ea:60;
053eb:64;
053ec:73;
053ed:64;
053ee:55;
053ef:4f;
053f0:4f;
053f1:3e;
053f2:45;
053f3:39;
053f4:41;
053f5:4d;
053f6:5b;
053f7:48;
053f8:48;
053f9:48;
053fa:48;
053fb:48;
053fc:4b;
053fd:44;
053fe:36;
053ff:25;
05400:20;
05401:26;
05402:2e;
05403:30;
05404:30;
05405:36;
05406:2d;
05407:25;
05408:25;
05409:1c;
0540a:1b;
0540b:09;
0540c:09;
0540d:09;
0540e:13;
0540f:16;
05410:20;
05411:26;
05412:2d;
05413:2e;
05414:33;
05415:20;
05416:20;
05417:2e;
05418:30;
05419:2b;
0541a:2e;
0541b:20;
0541c:13;
0541d:17;
0541e:17;
0541f:22;
05420:26;
05421:26;
05422:26;
05423:20;
05424:20;
05425:2e;
05426:20;
05427:1b;
05428:20;
05429:1b;
0542a:26;
0542b:2e;
0542c:26;
0542d:22;
0542e:0f;
0542f:09;
05430:17;
05431:26;
05432:26;
05433:30;
05434:26;
05435:25;
05436:25;
05437:20;
05438:20;
05439:20;
0543a:17;
0543b:17;
0543c:13;
0543d:1b;
0543e:2d;
0543f:2d;
05440:20;
05441:20;
05442:20;
05443:20;
05444:2e;
05445:1f;
05446:22;
05447:0f;
05448:0f;
05449:11;
0544a:22;
0544b:1f;
0544c:22;
0544d:38;
0544e:38;
0544f:20;
05450:18;
05451:22;
05452:33;
05453:2d;
05454:43;
05455:4a;
05456:8a;
05457:93;
05458:b3;
05459:a9;
0545a:b3;
0545b:b6;
0545c:73;
0545d:53;
0545e:49;
0545f:33;
05460:22;
05461:22;
05462:22;
05463:22;
05464:20;
05465:17;
05466:16;
05467:20;
05468:26;
05469:26;
0546a:26;
0546b:16;
0546c:17;
0546d:17;
0546e:16;
0546f:1c;
05470:22;
05471:16;
05472:18;
05473:18;
05474:18;
05475:18;
05476:09;
05477:17;
05478:09;
05479:16;
0547a:16;
0547b:1f;
0547c:26;
0547d:16;
0547e:20;
0547f:13;
05480:2e;
05481:20;
05482:20;
05483:26;
05484:20;
05485:25;
05486:20;
05487:20;
05488:22;
05489:20;
0548a:16;
0548b:20;
0548c:20;
0548d:20;
0548e:13;
0548f:20;
05490:17;
05491:20;
05492:20;
05493:20;
05494:20;
05495:26;
05496:2e;
05497:2e;
05498:2e;
05499:20;
0549a:2d;
0549b:2d;
0549c:2e;
0549d:33;
0549e:20;
0549f:2d;
054a0:2e;
054a1:38;
054a2:3a;
054a3:38;
054a4:2d;
054a5:2d;
054a6:2d;
054a7:2d;
054a8:3e;
054a9:3e;
054aa:41;
054ab:43;
054ac:3e;
054ad:43;
054ae:3e;
054af:43;
054b0:3e;
054b1:43;
054b2:43;
054b3:4f;
054b4:4f;
054b5:4f;
054b6:4f;
054b7:4f;
054b8:4f;
054b9:5c;
054ba:5f;
054bb:4a;
054bc:5f;
054bd:53;
054be:53;
054bf:53;
054c0:62;
054c1:62;
054c2:72;
054c3:72;
054c4:86;
054c5:86;
054c6:86;
054c7:a2;
054c8:a2;
054c9:a2;
054ca:b2;
054cb:b2;
054cc:cb;
054cd:cb;
054ce:c6;
054cf:cd;
054d0:c2;
054d1:cd;
054d2:db;
054d3:dd;
054d4:dd;
054d5:e6;
054d6:db;
054d7:ca;
054d8:ca;
054d9:b2;
054da:b2;
054db:b9;
054dc:ec;
054dd:fb;
054de:fb;
054df:fa;
054e0:cc;
054e1:cc;
054e2:e7;
054e3:fb;
054e4:f7;
054e5:e6;
054e6:a9;
054e7:dd;
054e8:f9;
054e9:f7;
054ea:de;
054eb:bf;
054ec:b6;
054ed:90;
054ee:72;
054ef:67;
054f0:4b;
054f1:4a;
054f2:3b;
054f3:3b;
054f4:3b;
054f5:33;
054f6:39;
054f7:4f;
054f8:67;
054f9:8b;
054fa:8b;
054fb:b6;
054fc:a9;
054fd:be;
054fe:e7;
054ff:e7;
05500:04;
05501:04;
05502:06;
05503:04;
05504:04;
05505:04;
05506:04;
05507:06;
05508:04;
05509:04;
0550a:04;
0550b:02;
0550c:04;
0550d:04;
0550e:04;
0550f:02;
05510:04;
05511:04;
05512:06;
05513:04;
05514:04;
05515:04;
05516:06;
05517:0a;
05518:06;
05519:04;
0551a:04;
0551b:04;
0551c:04;
0551d:04;
0551e:06;
0551f:04;
05520:06;
05521:06;
05522:06;
05523:06;
05524:06;
05525:06;
05526:04;
05527:04;
05528:04;
05529:04;
0552a:04;
0552b:04;
0552c:02;
0552d:02;
0552e:04;
0552f:06;
05530:0a;
05531:0c;
05532:0c;
05533:0c;
05534:0a;
05535:06;
05536:06;
05537:04;
05538:06;
05539:04;
0553a:04;
0553b:02;
0553c:02;
0553d:04;
0553e:06;
0553f:06;
05540:06;
05541:0a;
05542:05;
05543:06;
05544:05;
05545:06;
05546:04;
05547:04;
05548:06;
05549:06;
0554a:06;
0554b:04;
0554c:00;
0554d:04;
0554e:04;
0554f:04;
05550:09;
05551:09;
05552:0a;
05553:06;
05554:06;
05555:04;
05556:04;
05557:04;
05558:06;
05559:0a;
0555a:0a;
0555b:0a;
0555c:09;
0555d:09;
0555e:06;
0555f:0f;
05560:06;
05561:0a;
05562:0a;
05563:0c;
05564:0a;
05565:0c;
05566:06;
05567:04;
05568:04;
05569:04;
0556a:04;
0556b:06;
0556c:06;
0556d:0a;
0556e:0c;
0556f:0a;
05570:0c;
05571:06;
05572:06;
05573:06;
05574:06;
05575:06;
05576:04;
05577:04;
05578:04;
05579:04;
0557a:04;
0557b:06;
0557c:06;
0557d:05;
0557e:0c;
0557f:11;
05580:0c;
05581:11;
05582:0a;
05583:04;
05584:04;
05585:04;
05586:06;
05587:06;
05588:04;
05589:06;
0558a:09;
0558b:0c;
0558c:0c;
0558d:0c;
0558e:0c;
0558f:0c;
05590:06;
05591:06;
05592:04;
05593:06;
05594:06;
05595:05;
05596:06;
05597:06;
05598:0c;
05599:0c;
0559a:0c;
0559b:0c;
0559c:06;
0559d:06;
0559e:06;
0559f:06;
055a0:06;
055a1:0c;
055a2:0c;
055a3:0c;
055a4:06;
055a5:04;
055a6:06;
055a7:09;
055a8:09;
055a9:0b;
055aa:06;
055ab:06;
055ac:0b;
055ad:0c;
055ae:14;
055af:16;
055b0:16;
055b1:16;
055b2:0c;
055b3:06;
055b4:06;
055b5:04;
055b6:04;
055b7:04;
055b8:06;
055b9:06;
055ba:06;
055bb:16;
055bc:15;
055bd:1f;
055be:15;
055bf:0c;
055c0:0a;
055c1:0a;
055c2:06;
055c3:06;
055c4:06;
055c5:09;
055c6:0c;
055c7:0c;
055c8:15;
055c9:11;
055ca:0c;
055cb:06;
055cc:06;
055cd:04;
055ce:06;
055cf:0a;
055d0:0c;
055d1:0a;
055d2:06;
055d3:04;
055d4:04;
055d5:06;
055d6:09;
055d7:0c;
055d8:11;
055d9:16;
055da:0c;
055db:06;
055dc:06;
055dd:06;
055de:04;
055df:06;
055e0:04;
055e1:09;
055e2:0c;
055e3:1e;
055e4:1f;
055e5:1f;
055e6:14;
055e7:06;
055e8:06;
055e9:09;
055ea:0c;
055eb:0c;
055ec:0c;
055ed:0a;
055ee:09;
055ef:06;
055f0:06;
055f1:06;
055f2:06;
055f3:06;
055f4:0c;
055f5:0c;
055f6:11;
055f7:14;
055f8:0c;
055f9:11;
055fa:0c;
055fb:0c;
055fc:0a;
055fd:06;
055fe:06;
055ff:06;
05600:09;
05601:0c;
05602:0a;
05603:0c;
05604:0b;
05605:16;
05606:16;
05607:0c;
05608:0a;
05609:0a;
0560a:09;
0560b:0c;
0560c:0c;
0560d:09;
0560e:06;
0560f:04;
05610:04;
05611:09;
05612:0c;
05613:16;
05614:16;
05615:09;
05616:0c;
05617:16;
05618:16;
05619:16;
0561a:09;
0561b:09;
0561c:09;
0561d:0c;
0561e:0c;
0561f:0a;
05620:06;
05621:06;
05622:09;
05623:0a;
05624:13;
05625:16;
05626:14;
05627:1f;
05628:1f;
05629:1f;
0562a:16;
0562b:0c;
0562c:06;
0562d:06;
0562e:0a;
0562f:06;
05630:06;
05631:04;
05632:04;
05633:0c;
05634:0c;
05635:0e;
05636:0c;
05637:0c;
05638:06;
05639:06;
0563a:09;
0563b:0c;
0563c:0a;
0563d:16;
0563e:1f;
0563f:1f;
05640:16;
05641:09;
05642:09;
05643:16;
05644:16;
05645:0a;
05646:06;
05647:05;
05648:04;
05649:0a;
0564a:04;
0564b:06;
0564c:04;
0564d:04;
0564e:0f;
0564f:06;
05650:0a;
05651:0a;
05652:11;
05653:16;
05654:16;
05655:0a;
05656:04;
05657:09;
05658:16;
05659:11;
0565a:11;
0565b:11;
0565c:09;
0565d:06;
0565e:09;
0565f:0c;
05660:11;
05661:15;
05662:11;
05663:0a;
05664:06;
05665:04;
05666:09;
05667:0c;
05668:16;
05669:15;
0566a:1f;
0566b:15;
0566c:14;
0566d:16;
0566e:16;
0566f:15;
05670:11;
05671:0c;
05672:09;
05673:09;
05674:0c;
05675:15;
05676:11;
05677:16;
05678:16;
05679:16;
0567a:16;
0567b:0c;
0567c:0a;
0567d:06;
0567e:06;
0567f:09;
05680:09;
05681:16;
05682:1f;
05683:1f;
05684:15;
05685:16;
05686:16;
05687:1f;
05688:15;
05689:16;
0568a:0b;
0568b:09;
0568c:09;
0568d:06;
0568e:0b;
0568f:1c;
05690:1f;
05691:1f;
05692:16;
05693:0c;
05694:09;
05695:1c;
05696:1f;
05697:1f;
05698:1f;
05699:0a;
0569a:16;
0569b:11;
0569c:1f;
0569d:15;
0569e:06;
0569f:09;
056a0:06;
056a1:0c;
056a2:15;
056a3:1f;
056a4:1c;
056a5:13;
056a6:1c;
056a7:1e;
056a8:1c;
056a9:16;
056aa:1c;
056ab:16;
056ac:1c;
056ad:16;
056ae:13;
056af:13;
056b0:09;
056b1:16;
056b2:1c;
056b3:1f;
056b4:14;
056b5:1f;
056b6:15;
056b7:11;
056b8:0b;
056b9:09;
056ba:09;
056bb:16;
056bc:1f;
056bd:14;
056be:0a;
056bf:09;
056c0:09;
056c1:14;
056c2:1f;
056c3:1f;
056c4:1f;
056c5:1f;
056c6:1f;
056c7:1f;
056c8:1f;
056c9:14;
056ca:16;
056cb:0a;
056cc:09;
056cd:0a;
056ce:0a;
056cf:11;
056d0:0a;
056d1:1f;
056d2:1f;
056d3:1f;
056d4:16;
056d5:0c;
056d6:16;
056d7:16;
056d8:16;
056d9:09;
056da:09;
056db:0b;
056dc:16;
056dd:0c;
056de:16;
056df:14;
056e0:16;
056e1:16;
056e2:13;
056e3:0b;
056e4:09;
056e5:16;
056e6:0c;
056e7:0a;
056e8:09;
056e9:0c;
056ea:11;
056eb:16;
056ec:13;
056ed:09;
056ee:17;
056ef:16;
056f0:1c;
056f1:22;
056f2:26;
056f3:22;
056f4:26;
056f5:22;
056f6:20;
056f7:22;
056f8:17;
056f9:09;
056fa:16;
056fb:1c;
056fc:1c;
056fd:1c;
056fe:1b;
056ff:1b;
05700:1c;
05701:26;
05702:26;
05703:13;
05704:16;
05705:1c;
05706:14;
05707:1f;
05708:15;
05709:0a;
0570a:06;
0570b:06;
0570c:04;
0570d:0a;
0570e:0c;
0570f:16;
05710:1f;
05711:1f;
05712:26;
05713:26;
05714:20;
05715:26;
05716:22;
05717:16;
05718:0a;
05719:0a;
0571a:0a;
0571b:06;
0571c:0c;
0571d:14;
0571e:1c;
0571f:1c;
05720:1b;
05721:1f;
05722:1f;
05723:1c;
05724:16;
05725:13;
05726:16;
05727:16;
05728:1c;
05729:1f;
0572a:1f;
0572b:2b;
0572c:1f;
0572d:16;
0572e:13;
0572f:13;
05730:1f;
05731:1f;
05732:2b;
05733:1f;
05734:1f;
05735:13;
05736:16;
05737:1c;
05738:1f;
05739:1f;
0573a:1f;
0573b:11;
0573c:1f;
0573d:11;
0573e:1f;
0573f:16;
05740:09;
05741:09;
05742:0a;
05743:26;
05744:2b;
05745:2b;
05746:30;
05747:30;
05748:2b;
05749:23;
0574a:2b;
0574b:26;
0574c:16;
0574d:13;
0574e:17;
0574f:13;
05750:20;
05751:26;
05752:28;
05753:1b;
05754:27;
05755:28;
05756:23;
05757:34;
05758:28;
05759:13;
0575a:18;
0575b:17;
0575c:16;
0575d:1c;
0575e:1c;
0575f:20;
05760:2e;
05761:2e;
05762:3a;
05763:2e;
05764:2e;
05765:2e;
05766:30;
05767:30;
05768:2b;
05769:1b;
0576a:13;
0576b:13;
0576c:1c;
0576d:2b;
0576e:2b;
0576f:1f;
05770:22;
05771:0b;
05772:09;
05773:1c;
05774:1e;
05775:34;
05776:23;
05777:2b;
05778:34;
05779:34;
0577a:2b;
0577b:30;
0577c:34;
0577d:28;
0577e:25;
0577f:1b;
05780:26;
05781:2b;
05782:34;
05783:2b;
05784:1f;
05785:16;
05786:09;
05787:0b;
05788:16;
05789:26;
0578a:2b;
0578b:34;
0578c:34;
0578d:35;
0578e:3f;
0578f:34;
05790:30;
05791:26;
05792:1b;
05793:13;
05794:16;
05795:1f;
05796:19;
05797:1f;
05798:11;
05799:16;
0579a:20;
0579b:26;
0579c:2b;
0579d:34;
0579e:36;
0579f:20;
057a0:25;
057a1:26;
057a2:34;
057a3:29;
057a4:1f;
057a5:0c;
057a6:0a;
057a7:09;
057a8:09;
057a9:09;
057aa:22;
057ab:2b;
057ac:2b;
057ad:30;
057ae:2b;
057af:2b;
057b0:30;
057b1:1f;
057b2:26;
057b3:20;
057b4:09;
057b5:09;
057b6:09;
057b7:16;
057b8:1f;
057b9:2b;
057ba:1f;
057bb:20;
057bc:09;
057bd:17;
057be:26;
057bf:26;
057c0:26;
057c1:26;
057c2:13;
057c3:13;
057c4:26;
057c5:1e;
057c6:1f;
057c7:1e;
057c8:16;
057c9:13;
057ca:09;
057cb:09;
057cc:17;
057cd:28;
057ce:2b;
057cf:34;
057d0:2b;
057d1:25;
057d2:25;
057d3:30;
057d4:34;
057d5:34;
057d6:30;
057d7:30;
057d8:30;
057d9:30;
057da:28;
057db:26;
057dc:20;
057dd:1b;
057de:20;
057df:20;
057e0:26;
057e1:28;
057e2:26;
057e3:25;
057e4:25;
057e5:25;
057e6:30;
057e7:30;
057e8:30;
057e9:1b;
057ea:20;
057eb:1b;
057ec:2e;
057ed:28;
057ee:26;
057ef:20;
057f0:17;
057f1:20;
057f2:26;
057f3:30;
057f4:26;
057f5:2e;
057f6:26;
057f7:30;
057f8:2e;
057f9:26;
057fa:20;
057fb:20;
057fc:20;
057fd:1f;
057fe:28;
057ff:2b;
05800:2b;
05801:30;
05802:25;
05803:20;
05804:20;
05805:2d;
05806:2b;
05807:3a;
05808:2b;
05809:30;
0580a:2b;
0580b:30;
0580c:26;
0580d:26;
0580e:26;
0580f:13;
05810:09;
05811:0b;
05812:13;
05813:1f;
05814:34;
05815:38;
05816:2e;
05817:2d;
05818:3a;
05819:3a;
0581a:30;
0581b:2f;
0581c:25;
0581d:1b;
0581e:34;
0581f:2b;
05820:1e;
05821:20;
05822:17;
05823:13;
05824:2e;
05825:30;
05826:30;
05827:30;
05828:34;
05829:30;
0582a:26;
0582b:16;
0582c:20;
0582d:18;
0582e:16;
0582f:17;
05830:13;
05831:20;
05832:2b;
05833:34;
05834:2b;
05835:2d;
05836:25;
05837:2f;
05838:30;
05839:23;
0583a:30;
0583b:30;
0583c:26;
0583d:20;
0583e:20;
0583f:20;
05840:26;
05841:2b;
05842:30;
05843:30;
05844:30;
05845:30;
05846:2f;
05847:28;
05848:20;
05849:20;
0584a:13;
0584b:20;
0584c:2b;
0584d:2b;
0584e:2b;
0584f:30;
05850:1c;
05851:20;
05852:1b;
05853:26;
05854:28;
05855:30;
05856:26;
05857:25;
05858:30;
05859:30;
0585a:35;
0585b:30;
0585c:35;
0585d:30;
0585e:27;
0585f:25;
05860:20;
05861:1b;
05862:25;
05863:28;
05864:30;
05865:30;
05866:30;
05867:30;
05868:2f;
05869:2d;
0586a:30;
0586b:30;
0586c:30;
0586d:30;
0586e:26;
0586f:13;
05870:26;
05871:2b;
05872:34;
05873:2b;
05874:11;
05875:13;
05876:13;
05877:13;
05878:33;
05879:36;
0587a:30;
0587b:36;
0587c:36;
0587d:30;
0587e:2f;
0587f:25;
05880:25;
05881:26;
05882:30;
05883:30;
05884:2f;
05885:2f;
05886:2f;
05887:36;
05888:30;
05889:2d;
0588a:1b;
0588b:13;
0588c:1c;
0588d:16;
0588e:09;
0588f:09;
05890:20;
05891:2b;
05892:2e;
05893:3a;
05894:3a;
05895:35;
05896:3a;
05897:36;
05898:2d;
05899:27;
0589a:2e;
0589b:30;
0589c:35;
0589d:3a;
0589e:36;
0589f:3a;
058a0:3a;
058a1:2f;
058a2:25;
058a3:25;
058a4:25;
058a5:2e;
058a6:30;
058a7:3a;
058a8:30;
058a9:3a;
058aa:3a;
058ab:35;
058ac:43;
058ad:43;
058ae:3a;
058af:36;
058b0:2b;
058b1:2b;
058b2:25;
058b3:25;
058b4:2d;
058b5:30;
058b6:3f;
058b7:4b;
058b8:4b;
058b9:55;
058ba:53;
058bb:62;
058bc:67;
058bd:72;
058be:8a;
058bf:a3;
058c0:b9;
058c1:b3;
058c2:b3;
058c3:db;
058c4:a9;
058c5:e7;
058c6:f4;
058c7:f0;
058c8:fe;
058c9:f8;
058ca:fe;
058cb:f8;
058cc:fe;
058cd:fe;
058ce:fe;
058cf:fe;
058d0:fd;
058d1:fd;
058d2:ed;
058d3:e7;
058d4:c2;
058d5:a6;
058d6:91;
058d7:8a;
058d8:8c;
058d9:79;
058da:8b;
058db:79;
058dc:9f;
058dd:79;
058de:73;
058df:73;
058e0:73;
058e1:73;
058e2:73;
058e3:73;
058e4:73;
058e5:73;
058e6:79;
058e7:73;
058e8:64;
058e9:60;
058ea:60;
058eb:4b;
058ec:53;
058ed:4f;
058ee:43;
058ef:43;
058f0:3e;
058f1:39;
058f2:39;
058f3:49;
058f4:4a;
058f5:48;
058f6:57;
058f7:57;
058f8:5c;
058f9:48;
058fa:49;
058fb:3a;
058fc:3f;
058fd:35;
058fe:2d;
058ff:20;
05900:20;
05901:26;
05902:30;
05903:30;
05904:36;
05905:2f;
05906:2d;
05907:25;
05908:26;
05909:1c;
0590a:13;
0590b:09;
0590c:06;
0590d:09;
0590e:16;
0590f:16;
05910:20;
05911:26;
05912:2e;
05913:2d;
05914:20;
05915:33;
05916:20;
05917:2e;
05918:30;
05919:2b;
0591a:2e;
0591b:20;
0591c:20;
0591d:17;
0591e:17;
0591f:26;
05920:26;
05921:1f;
05922:20;
05923:26;
05924:26;
05925:26;
05926:20;
05927:20;
05928:20;
05929:1b;
0592a:26;
0592b:2e;
0592c:1f;
0592d:22;
0592e:0f;
0592f:17;
05930:17;
05931:26;
05932:26;
05933:30;
05934:25;
05935:25;
05936:1b;
05937:20;
05938:22;
05939:20;
0593a:18;
0593b:17;
0593c:20;
0593d:25;
0593e:25;
0593f:2d;
05940:2d;
05941:20;
05942:20;
05943:20;
05944:26;
05945:1f;
05946:22;
05947:0a;
05948:11;
05949:11;
0594a:22;
0594b:22;
0594c:2c;
0594d:33;
0594e:2e;
0594f:2e;
05950:22;
05951:22;
05952:20;
05953:3e;
05954:60;
05955:8b;
05956:a9;
05957:be;
05958:b4;
05959:b3;
0595a:a2;
0595b:75;
0595c:5f;
0595d:3e;
0595e:39;
0595f:39;
05960:38;
05961:22;
05962:12;
05963:22;
05964:13;
05965:13;
05966:17;
05967:20;
05968:1f;
05969:2e;
0596a:1f;
0596b:20;
0596c:09;
0596d:17;
0596e:20;
0596f:16;
05970:22;
05971:16;
05972:16;
05973:18;
05974:16;
05975:18;
05976:09;
05977:17;
05978:0a;
05979:13;
0597a:16;
0597b:22;
0597c:20;
0597d:20;
0597e:20;
0597f:20;
05980:20;
05981:20;
05982:25;
05983:20;
05984:26;
05985:20;
05986:20;
05987:20;
05988:13;
05989:20;
0598a:20;
0598b:22;
0598c:1c;
0598d:20;
0598e:20;
0598f:20;
05990:13;
05991:17;
05992:20;
05993:20;
05994:20;
05995:2e;
05996:33;
05997:26;
05998:33;
05999:20;
0599a:2e;
0599b:2e;
0599c:2d;
0599d:2d;
0599e:20;
0599f:33;
059a0:2d;
059a1:38;
059a2:3a;
059a3:2e;
059a4:2d;
059a5:2d;
059a6:2d;
059a7:39;
059a8:39;
059a9:3a;
059aa:43;
059ab:3e;
059ac:43;
059ad:3e;
059ae:43;
059af:3e;
059b0:3e;
059b1:43;
059b2:43;
059b3:4f;
059b4:4f;
059b5:4f;
059b6:4f;
059b7:4f;
059b8:5f;
059b9:5f;
059ba:5f;
059bb:5f;
059bc:53;
059bd:4b;
059be:62;
059bf:53;
059c0:53;
059c1:62;
059c2:72;
059c3:72;
059c4:86;
059c5:86;
059c6:a2;
059c7:90;
059c8:a2;
059c9:a2;
059ca:b2;
059cb:ca;
059cc:b3;
059cd:cb;
059ce:cb;
059cf:9e;
059d0:cb;
059d1:cb;
059d2:b4;
059d3:c6;
059d4:c2;
059d5:db;
059d6:b9;
059d7:b6;
059d8:b2;
059d9:b6;
059da:b2;
059db:cb;
059dc:f7;
059dd:fb;
059de:fa;
059df:f7;
059e0:93;
059e1:e0;
059e2:fb;
059e3:f7;
059e4:9e;
059e5:8b;
059e6:a3;
059e7:dd;
059e8:ec;
059e9:f2;
059ea:b9;
059eb:b6;
059ec:86;
059ed:71;
059ee:59;
059ef:43;
059f0:4f;
059f1:4d;
059f2:3b;
059f3:3b;
059f4:41;
059f5:33;
059f6:33;
059f7:33;
059f8:36;
059f9:5f;
059fa:62;
059fb:72;
059fc:72;
059fd:8a;
059fe:d6;
059ff:f7;
05a00:06;
05a01:06;
05a02:06;
05a03:04;
05a04:04;
05a05:04;
05a06:04;
05a07:04;
05a08:04;
05a09:04;
05a0a:04;
05a0b:04;
05a0c:04;
05a0d:04;
05a0e:02;
05a0f:04;
05a10:04;
05a11:04;
05a12:06;
05a13:04;
05a14:04;
05a15:04;
05a16:04;
05a17:06;
05a18:04;
05a19:04;
05a1a:04;
05a1b:04;
05a1c:04;
05a1d:04;
05a1e:04;
05a1f:04;
05a20:00;
05a21:04;
05a22:06;
05a23:06;
05a24:0a;
05a25:06;
05a26:04;
05a27:04;
05a28:04;
05a29:04;
05a2a:04;
05a2b:04;
05a2c:04;
05a2d:04;
05a2e:06;
05a2f:06;
05a30:06;
05a31:06;
05a32:11;
05a33:11;
05a34:0a;
05a35:0a;
05a36:06;
05a37:04;
05a38:04;
05a39:04;
05a3a:04;
05a3b:02;
05a3c:04;
05a3d:04;
05a3e:06;
05a3f:05;
05a40:06;
05a41:06;
05a42:06;
05a43:06;
05a44:06;
05a45:04;
05a46:04;
05a47:06;
05a48:06;
05a49:06;
05a4a:06;
05a4b:04;
05a4c:04;
05a4d:04;
05a4e:04;
05a4f:06;
05a50:0a;
05a51:0c;
05a52:06;
05a53:0a;
05a54:06;
05a55:04;
05a56:04;
05a57:04;
05a58:06;
05a59:06;
05a5a:09;
05a5b:0a;
05a5c:06;
05a5d:0f;
05a5e:04;
05a5f:06;
05a60:0a;
05a61:16;
05a62:0c;
05a63:16;
05a64:0a;
05a65:0a;
05a66:06;
05a67:04;
05a68:04;
05a69:04;
05a6a:06;
05a6b:06;
05a6c:06;
05a6d:0c;
05a6e:0c;
05a6f:0a;
05a70:05;
05a71:0a;
05a72:06;
05a73:06;
05a74:06;
05a75:06;
05a76:06;
05a77:04;
05a78:04;
05a79:04;
05a7a:04;
05a7b:06;
05a7c:06;
05a7d:0c;
05a7e:0c;
05a7f:0c;
05a80:0c;
05a81:0a;
05a82:04;
05a83:06;
05a84:04;
05a85:06;
05a86:04;
05a87:04;
05a88:06;
05a89:06;
05a8a:0c;
05a8b:0c;
05a8c:16;
05a8d:0c;
05a8e:0c;
05a8f:06;
05a90:06;
05a91:04;
05a92:06;
05a93:04;
05a94:06;
05a95:06;
05a96:06;
05a97:06;
05a98:0c;
05a99:0c;
05a9a:0c;
05a9b:06;
05a9c:06;
05a9d:06;
05a9e:06;
05a9f:06;
05aa0:0b;
05aa1:0c;
05aa2:0c;
05aa3:06;
05aa4:04;
05aa5:06;
05aa6:06;
05aa7:06;
05aa8:0b;
05aa9:0a;
05aaa:09;
05aab:06;
05aac:13;
05aad:16;
05aae:1c;
05aaf:1c;
05ab0:0c;
05ab1:09;
05ab2:0a;
05ab3:04;
05ab4:04;
05ab5:04;
05ab6:04;
05ab7:04;
05ab8:04;
05ab9:04;
05aba:0c;
05abb:15;
05abc:1f;
05abd:15;
05abe:16;
05abf:0c;
05ac0:0c;
05ac1:06;
05ac2:0a;
05ac3:06;
05ac4:06;
05ac5:0c;
05ac6:16;
05ac7:15;
05ac8:15;
05ac9:0c;
05aca:06;
05acb:06;
05acc:04;
05acd:06;
05ace:0c;
05acf:0c;
05ad0:0c;
05ad1:06;
05ad2:06;
05ad3:04;
05ad4:04;
05ad5:06;
05ad6:0c;
05ad7:0c;
05ad8:11;
05ad9:0c;
05ada:06;
05adb:09;
05adc:04;
05add:06;
05ade:04;
05adf:09;
05ae0:06;
05ae1:0a;
05ae2:16;
05ae3:29;
05ae4:1f;
05ae5:15;
05ae6:0c;
05ae7:09;
05ae8:06;
05ae9:0a;
05aea:0c;
05aeb:0c;
05aec:0a;
05aed:06;
05aee:09;
05aef:06;
05af0:06;
05af1:04;
05af2:06;
05af3:06;
05af4:0c;
05af5:11;
05af6:0c;
05af7:11;
05af8:16;
05af9:0c;
05afa:0c;
05afb:0c;
05afc:09;
05afd:06;
05afe:06;
05aff:06;
05b00:06;
05b01:0a;
05b02:0c;
05b03:16;
05b04:14;
05b05:15;
05b06:16;
05b07:0a;
05b08:06;
05b09:09;
05b0a:0a;
05b0b:16;
05b0c:0c;
05b0d:0a;
05b0e:04;
05b0f:04;
05b10:09;
05b11:0a;
05b12:16;
05b13:16;
05b14:16;
05b15:09;
05b16:16;
05b17:16;
05b18:16;
05b19:16;
05b1a:09;
05b1b:09;
05b1c:0a;
05b1d:16;
05b1e:06;
05b1f:04;
05b20:04;
05b21:04;
05b22:06;
05b23:0a;
05b24:14;
05b25:16;
05b26:1f;
05b27:1f;
05b28:1f;
05b29:16;
05b2a:0b;
05b2b:06;
05b2c:04;
05b2d:04;
05b2e:06;
05b2f:06;
05b30:04;
05b31:06;
05b32:0a;
05b33:11;
05b34:0c;
05b35:0c;
05b36:06;
05b37:06;
05b38:04;
05b39:06;
05b3a:0a;
05b3b:0c;
05b3c:0c;
05b3d:16;
05b3e:1f;
05b3f:16;
05b40:0a;
05b41:09;
05b42:16;
05b43:16;
05b44:16;
05b45:0a;
05b46:04;
05b47:04;
05b48:06;
05b49:0a;
05b4a:04;
05b4b:0a;
05b4c:04;
05b4d:04;
05b4e:04;
05b4f:06;
05b50:0a;
05b51:16;
05b52:11;
05b53:16;
05b54:0a;
05b55:09;
05b56:04;
05b57:09;
05b58:0a;
05b59:16;
05b5a:16;
05b5b:0a;
05b5c:04;
05b5d:06;
05b5e:0a;
05b5f:0c;
05b60:1f;
05b61:11;
05b62:0c;
05b63:0a;
05b64:09;
05b65:04;
05b66:06;
05b67:16;
05b68:15;
05b69:1f;
05b6a:1f;
05b6b:11;
05b6c:14;
05b6d:15;
05b6e:11;
05b6f:15;
05b70:0c;
05b71:09;
05b72:06;
05b73:06;
05b74:16;
05b75:11;
05b76:14;
05b77:0c;
05b78:0c;
05b79:0c;
05b7a:0c;
05b7b:0c;
05b7c:0b;
05b7d:0b;
05b7e:06;
05b7f:09;
05b80:0c;
05b81:15;
05b82:1f;
05b83:1f;
05b84:14;
05b85:14;
05b86:16;
05b87:16;
05b88:1c;
05b89:0c;
05b8a:09;
05b8b:09;
05b8c:09;
05b8d:09;
05b8e:16;
05b8f:16;
05b90:14;
05b91:16;
05b92:0b;
05b93:16;
05b94:16;
05b95:1f;
05b96:1f;
05b97:1f;
05b98:1f;
05b99:0a;
05b9a:16;
05b9b:15;
05b9c:15;
05b9d:15;
05b9e:04;
05b9f:06;
05ba0:0c;
05ba1:0c;
05ba2:15;
05ba3:1f;
05ba4:0c;
05ba5:1b;
05ba6:1c;
05ba7:1e;
05ba8:1c;
05ba9:13;
05baa:13;
05bab:1c;
05bac:16;
05bad:0b;
05bae:09;
05baf:0b;
05bb0:14;
05bb1:1c;
05bb2:1f;
05bb3:14;
05bb4:16;
05bb5:0c;
05bb6:16;
05bb7:0c;
05bb8:09;
05bb9:06;
05bba:09;
05bbb:14;
05bbc:1f;
05bbd:16;
05bbe:09;
05bbf:09;
05bc0:09;
05bc1:1f;
05bc2:1f;
05bc3:1e;
05bc4:2b;
05bc5:2b;
05bc6:1e;
05bc7:1f;
05bc8:1f;
05bc9:11;
05bca:16;
05bcb:09;
05bcc:0a;
05bcd:0a;
05bce:11;
05bcf:11;
05bd0:11;
05bd1:1f;
05bd2:29;
05bd3:2b;
05bd4:1f;
05bd5:09;
05bd6:13;
05bd7:0c;
05bd8:0c;
05bd9:09;
05bda:09;
05bdb:16;
05bdc:16;
05bdd:14;
05bde:11;
05bdf:1c;
05be0:16;
05be1:0c;
05be2:0c;
05be3:13;
05be4:0b;
05be5:16;
05be6:0a;
05be7:0a;
05be8:09;
05be9:1f;
05bea:16;
05beb:0c;
05bec:0b;
05bed:09;
05bee:09;
05bef:1c;
05bf0:1c;
05bf1:1c;
05bf2:26;
05bf3:1f;
05bf4:26;
05bf5:16;
05bf6:17;
05bf7:09;
05bf8:17;
05bf9:13;
05bfa:13;
05bfb:1b;
05bfc:16;
05bfd:1c;
05bfe:1b;
05bff:16;
05c00:1c;
05c01:28;
05c02:26;
05c03:1b;
05c04:13;
05c05:16;
05c06:1f;
05c07:1f;
05c08:16;
05c09:09;
05c0a:06;
05c0b:06;
05c0c:09;
05c0d:0a;
05c0e:16;
05c0f:16;
05c10:1c;
05c11:26;
05c12:20;
05c13:26;
05c14:26;
05c15:26;
05c16:1f;
05c17:16;
05c18:0a;
05c19:0a;
05c1a:06;
05c1b:06;
05c1c:0a;
05c1d:14;
05c1e:1c;
05c1f:28;
05c20:26;
05c21:1f;
05c22:1f;
05c23:1f;
05c24:1c;
05c25:16;
05c26:16;
05c27:1c;
05c28:1f;
05c29:1c;
05c2a:1f;
05c2b:1f;
05c2c:1f;
05c2d:16;
05c2e:13;
05c2f:16;
05c30:1f;
05c31:1f;
05c32:1f;
05c33:1f;
05c34:1c;
05c35:09;
05c36:1c;
05c37:1f;
05c38:1f;
05c39:16;
05c3a:16;
05c3b:11;
05c3c:1f;
05c3d:1f;
05c3e:1f;
05c3f:0a;
05c40:09;
05c41:09;
05c42:13;
05c43:1c;
05c44:2b;
05c45:35;
05c46:34;
05c47:35;
05c48:34;
05c49:28;
05c4a:2b;
05c4b:26;
05c4c:20;
05c4d:09;
05c4e:09;
05c4f:22;
05c50:26;
05c51:1e;
05c52:28;
05c53:28;
05c54:28;
05c55:23;
05c56:35;
05c57:2b;
05c58:28;
05c59:13;
05c5a:17;
05c5b:16;
05c5c:16;
05c5d:26;
05c5e:20;
05c5f:1c;
05c60:2e;
05c61:2e;
05c62:2e;
05c63:2d;
05c64:33;
05c65:2d;
05c66:30;
05c67:2b;
05c68:2b;
05c69:1b;
05c6a:0b;
05c6b:16;
05c6c:2b;
05c6d:29;
05c6e:2b;
05c6f:2e;
05c70:16;
05c71:0b;
05c72:13;
05c73:1e;
05c74:2b;
05c75:29;
05c76:2b;
05c77:27;
05c78:28;
05c79:28;
05c7a:30;
05c7b:28;
05c7c:30;
05c7d:25;
05c7e:1b;
05c7f:20;
05c80:26;
05c81:2b;
05c82:2b;
05c83:2b;
05c84:1f;
05c85:16;
05c86:09;
05c87:09;
05c88:16;
05c89:26;
05c8a:2b;
05c8b:34;
05c8c:34;
05c8d:34;
05c8e:34;
05c8f:34;
05c90:30;
05c91:25;
05c92:13;
05c93:13;
05c94:16;
05c95:1f;
05c96:1f;
05c97:15;
05c98:22;
05c99:16;
05c9a:20;
05c9b:26;
05c9c:2e;
05c9d:30;
05c9e:25;
05c9f:20;
05ca0:20;
05ca1:26;
05ca2:28;
05ca3:1e;
05ca4:16;
05ca5:06;
05ca6:06;
05ca7:09;
05ca8:09;
05ca9:09;
05caa:22;
05cab:2e;
05cac:2b;
05cad:2b;
05cae:30;
05caf:2b;
05cb0:2b;
05cb1:26;
05cb2:16;
05cb3:16;
05cb4:09;
05cb5:09;
05cb6:09;
05cb7:22;
05cb8:2b;
05cb9:2b;
05cba:1f;
05cbb:16;
05cbc:09;
05cbd:17;
05cbe:20;
05cbf:26;
05cc0:26;
05cc1:25;
05cc2:20;
05cc3:17;
05cc4:13;
05cc5:1c;
05cc6:1c;
05cc7:1c;
05cc8:09;
05cc9:09;
05cca:09;
05ccb:09;
05ccc:13;
05ccd:2b;
05cce:34;
05ccf:34;
05cd0:30;
05cd1:25;
05cd2:2d;
05cd3:2b;
05cd4:35;
05cd5:30;
05cd6:2f;
05cd7:27;
05cd8:2e;
05cd9:28;
05cda:26;
05cdb:1b;
05cdc:13;
05cdd:13;
05cde:13;
05cdf:13;
05ce0:1c;
05ce1:2b;
05ce2:28;
05ce3:26;
05ce4:25;
05ce5:25;
05ce6:30;
05ce7:30;
05ce8:28;
05ce9:26;
05cea:1b;
05ceb:20;
05cec:26;
05ced:26;
05cee:1c;
05cef:20;
05cf0:13;
05cf1:20;
05cf2:26;
05cf3:26;
05cf4:26;
05cf5:26;
05cf6:26;
05cf7:2e;
05cf8:2e;
05cf9:2e;
05cfa:25;
05cfb:20;
05cfc:20;
05cfd:1f;
05cfe:26;
05cff:30;
05d00:2b;
05d01:20;
05d02:20;
05d03:20;
05d04:20;
05d05:2d;
05d06:3a;
05d07:30;
05d08:30;
05d09:2e;
05d0a:30;
05d0b:2b;
05d0c:26;
05d0d:1f;
05d0e:20;
05d0f:17;
05d10:09;
05d11:09;
05d12:0c;
05d13:26;
05d14:2b;
05d15:38;
05d16:2d;
05d17:2d;
05d18:3a;
05d19:36;
05d1a:30;
05d1b:2d;
05d1c:27;
05d1d:1c;
05d1e:34;
05d1f:2b;
05d20:26;
05d21:13;
05d22:17;
05d23:20;
05d24:27;
05d25:2f;
05d26:30;
05d27:23;
05d28:2b;
05d29:2b;
05d2a:26;
05d2b:20;
05d2c:16;
05d2d:17;
05d2e:13;
05d2f:18;
05d30:20;
05d31:16;
05d32:41;
05d33:2b;
05d34:30;
05d35:25;
05d36:2d;
05d37:30;
05d38:35;
05d39:30;
05d3a:30;
05d3b:30;
05d3c:28;
05d3d:22;
05d3e:20;
05d3f:13;
05d40:20;
05d41:30;
05d42:26;
05d43:25;
05d44:25;
05d45:27;
05d46:2f;
05d47:25;
05d48:25;
05d49:20;
05d4a:20;
05d4b:20;
05d4c:2b;
05d4d:34;
05d4e:2b;
05d4f:28;
05d50:20;
05d51:20;
05d52:20;
05d53:26;
05d54:30;
05d55:30;
05d56:25;
05d57:27;
05d58:35;
05d59:34;
05d5a:34;
05d5b:34;
05d5c:35;
05d5d:30;
05d5e:2f;
05d5f:25;
05d60:1b;
05d61:1b;
05d62:25;
05d63:27;
05d64:2d;
05d65:2f;
05d66:30;
05d67:2f;
05d68:2e;
05d69:2d;
05d6a:30;
05d6b:30;
05d6c:30;
05d6d:30;
05d6e:25;
05d6f:13;
05d70:1f;
05d71:2b;
05d72:29;
05d73:1f;
05d74:16;
05d75:16;
05d76:16;
05d77:13;
05d78:25;
05d79:36;
05d7a:3a;
05d7b:30;
05d7c:3a;
05d7d:36;
05d7e:2f;
05d7f:25;
05d80:25;
05d81:26;
05d82:2b;
05d83:30;
05d84:25;
05d85:2d;
05d86:2d;
05d87:2f;
05d88:30;
05d89:25;
05d8a:25;
05d8b:1b;
05d8c:16;
05d8d:13;
05d8e:09;
05d8f:13;
05d90:16;
05d91:26;
05d92:30;
05d93:3a;
05d94:3a;
05d95:3a;
05d96:36;
05d97:2d;
05d98:2f;
05d99:25;
05d9a:30;
05d9b:34;
05d9c:3a;
05d9d:3a;
05d9e:36;
05d9f:30;
05da0:3a;
05da1:2d;
05da2:20;
05da3:20;
05da4:25;
05da5:2d;
05da6:30;
05da7:30;
05da8:30;
05da9:36;
05daa:3a;
05dab:3a;
05dac:3f;
05dad:41;
05dae:43;
05daf:36;
05db0:3a;
05db1:30;
05db2:25;
05db3:2d;
05db4:2d;
05db5:35;
05db6:4a;
05db7:4b;
05db8:60;
05db9:60;
05dba:67;
05dbb:72;
05dbc:75;
05dbd:75;
05dbe:a2;
05dbf:a5;
05dc0:a6;
05dc1:db;
05dc2:db;
05dc3:e0;
05dc4:df;
05dc5:e8;
05dc6:f8;
05dc7:f8;
05dc8:f8;
05dc9:ff;
05dca:f8;
05dcb:f8;
05dcc:f8;
05dcd:f8;
05dce:f8;
05dcf:f3;
05dd0:fe;
05dd1:fe;
05dd2:fd;
05dd3:f4;
05dd4:d7;
05dd5:9a;
05dd6:97;
05dd7:93;
05dd8:a9;
05dd9:a3;
05dda:8c;
05ddb:8b;
05ddc:73;
05ddd:73;
05dde:6f;
05ddf:6f;
05de0:73;
05de1:73;
05de2:73;
05de3:73;
05de4:79;
05de5:79;
05de6:79;
05de7:73;
05de8:60;
05de9:4a;
05dea:4f;
05deb:49;
05dec:39;
05ded:3e;
05dee:3e;
05def:3e;
05df0:39;
05df1:3e;
05df2:4f;
05df3:4b;
05df4:64;
05df5:73;
05df6:73;
05df7:60;
05df8:4a;
05df9:36;
05dfa:2d;
05dfb:20;
05dfc:33;
05dfd:22;
05dfe:20;
05dff:18;
05e00:20;
05e01:26;
05e02:25;
05e03:30;
05e04:2d;
05e05:2d;
05e06:25;
05e07:25;
05e08:25;
05e09:1c;
05e0a:16;
05e0b:0a;
05e0c:09;
05e0d:09;
05e0e:0a;
05e0f:16;
05e10:20;
05e11:2e;
05e12:2e;
05e13:2d;
05e14:33;
05e15:20;
05e16:20;
05e17:2e;
05e18:2e;
05e19:30;
05e1a:2e;
05e1b:20;
05e1c:13;
05e1d:17;
05e1e:17;
05e1f:16;
05e20:26;
05e21:26;
05e22:26;
05e23:26;
05e24:26;
05e25:26;
05e26:20;
05e27:20;
05e28:13;
05e29:13;
05e2a:26;
05e2b:26;
05e2c:1f;
05e2d:16;
05e2e:17;
05e2f:0f;
05e30:17;
05e31:1c;
05e32:26;
05e33:30;
05e34:28;
05e35:25;
05e36:25;
05e37:26;
05e38:20;
05e39:18;
05e3a:17;
05e3b:17;
05e3c:17;
05e3d:25;
05e3e:30;
05e3f:2e;
05e40:2e;
05e41:20;
05e42:20;
05e43:20;
05e44:2e;
05e45:2b;
05e46:1f;
05e47:18;
05e48:18;
05e49:22;
05e4a:22;
05e4b:20;
05e4c:33;
05e4d:33;
05e4e:45;
05e4f:45;
05e50:49;
05e51:49;
05e52:5f;
05e53:73;
05e54:a9;
05e55:92;
05e56:85;
05e57:74;
05e58:57;
05e59:48;
05e5a:30;
05e5b:2d;
05e5c:20;
05e5d:20;
05e5e:20;
05e5f:33;
05e60:22;
05e61:33;
05e62:22;
05e63:20;
05e64:13;
05e65:17;
05e66:16;
05e67:20;
05e68:26;
05e69:1f;
05e6a:1f;
05e6b:16;
05e6c:17;
05e6d:09;
05e6e:17;
05e6f:16;
05e70:20;
05e71:16;
05e72:16;
05e73:18;
05e74:16;
05e75:17;
05e76:09;
05e77:17;
05e78:17;
05e79:17;
05e7a:13;
05e7b:22;
05e7c:20;
05e7d:17;
05e7e:20;
05e7f:20;
05e80:2e;
05e81:33;
05e82:33;
05e83:33;
05e84:33;
05e85:33;
05e86:20;
05e87:20;
05e88:20;
05e89:22;
05e8a:20;
05e8b:20;
05e8c:22;
05e8d:20;
05e8e:20;
05e8f:17;
05e90:20;
05e91:20;
05e92:20;
05e93:20;
05e94:33;
05e95:2d;
05e96:2e;
05e97:2d;
05e98:2d;
05e99:33;
05e9a:2d;
05e9b:39;
05e9c:38;
05e9d:39;
05e9e:33;
05e9f:39;
05ea0:39;
05ea1:39;
05ea2:38;
05ea3:39;
05ea4:39;
05ea5:33;
05ea6:39;
05ea7:39;
05ea8:3e;
05ea9:3e;
05eaa:49;
05eab:43;
05eac:49;
05ead:49;
05eae:43;
05eaf:49;
05eb0:3e;
05eb1:49;
05eb2:4f;
05eb3:4f;
05eb4:4f;
05eb5:4f;
05eb6:5f;
05eb7:5f;
05eb8:5c;
05eb9:5f;
05eba:5f;
05ebb:5f;
05ebc:5f;
05ebd:62;
05ebe:60;
05ebf:62;
05ec0:62;
05ec1:62;
05ec2:72;
05ec3:86;
05ec4:a2;
05ec5:90;
05ec6:a2;
05ec7:90;
05ec8:b6;
05ec9:b6;
05eca:b6;
05ecb:b4;
05ecc:b3;
05ecd:b3;
05ece:b9;
05ecf:b9;
05ed0:a6;
05ed1:b9;
05ed2:b3;
05ed3:ca;
05ed4:b3;
05ed5:b9;
05ed6:b2;
05ed7:b2;
05ed8:b2;
05ed9:b2;
05eda:ca;
05edb:b3;
05edc:ed;
05edd:ed;
05ede:c8;
05edf:72;
05ee0:d6;
05ee1:e7;
05ee2:c8;
05ee3:9d;
05ee4:74;
05ee5:ec;
05ee6:e4;
05ee7:ec;
05ee8:c5;
05ee9:dd;
05eea:b3;
05eeb:ad;
05eec:8a;
05eed:72;
05eee:8b;
05eef:c0;
05ef0:9e;
05ef1:68;
05ef2:43;
05ef3:21;
05ef4:3b;
05ef5:3b;
05ef6:41;
05ef7:3e;
05ef8:49;
05ef9:49;
05efa:59;
05efb:59;
05efc:59;
05efd:71;
05efe:ad;
05eff:de;
05f00:06;
05f01:06;
05f02:04;
05f03:04;
05f04:04;
05f05:04;
05f06:04;
05f07:04;
05f08:04;
05f09:04;
05f0a:04;
05f0b:04;
05f0c:04;
05f0d:02;
05f0e:02;
05f0f:04;
05f10:04;
05f11:06;
05f12:04;
05f13:04;
05f14:04;
05f15:06;
05f16:04;
05f17:04;
05f18:04;
05f19:04;
05f1a:04;
05f1b:06;
05f1c:04;
05f1d:04;
05f1e:00;
05f1f:04;
05f20:04;
05f21:04;
05f22:06;
05f23:06;
05f24:06;
05f25:04;
05f26:04;
05f27:04;
05f28:04;
05f29:04;
05f2a:06;
05f2b:04;
05f2c:04;
05f2d:04;
05f2e:06;
05f2f:0a;
05f30:0c;
05f31:0c;
05f32:0a;
05f33:0a;
05f34:06;
05f35:06;
05f36:06;
05f37:04;
05f38:04;
05f39:02;
05f3a:02;
05f3b:04;
05f3c:04;
05f3d:06;
05f3e:05;
05f3f:06;
05f40:04;
05f41:06;
05f42:04;
05f43:06;
05f44:04;
05f45:04;
05f46:06;
05f47:06;
05f48:06;
05f49:06;
05f4a:04;
05f4b:04;
05f4c:04;
05f4d:04;
05f4e:06;
05f4f:0a;
05f50:0c;
05f51:0a;
05f52:0a;
05f53:06;
05f54:06;
05f55:04;
05f56:04;
05f57:06;
05f58:0a;
05f59:04;
05f5a:06;
05f5b:0a;
05f5c:06;
05f5d:04;
05f5e:0f;
05f5f:09;
05f60:0a;
05f61:0c;
05f62:0a;
05f63:16;
05f64:0a;
05f65:06;
05f66:04;
05f67:04;
05f68:04;
05f69:04;
05f6a:06;
05f6b:06;
05f6c:0c;
05f6d:0c;
05f6e:0a;
05f6f:06;
05f70:06;
05f71:06;
05f72:06;
05f73:0a;
05f74:05;
05f75:06;
05f76:04;
05f77:04;
05f78:04;
05f79:04;
05f7a:04;
05f7b:06;
05f7c:06;
05f7d:0c;
05f7e:11;
05f7f:0c;
05f80:0c;
05f81:06;
05f82:04;
05f83:04;
05f84:04;
05f85:04;
05f86:04;
05f87:06;
05f88:06;
05f89:0a;
05f8a:0c;
05f8b:0c;
05f8c:16;
05f8d:0c;
05f8e:06;
05f8f:06;
05f90:06;
05f91:04;
05f92:06;
05f93:04;
05f94:06;
05f95:06;
05f96:0a;
05f97:0c;
05f98:0c;
05f99:0c;
05f9a:0b;
05f9b:06;
05f9c:06;
05f9d:06;
05f9e:06;
05f9f:0b;
05fa0:0b;
05fa1:0c;
05fa2:0b;
05fa3:06;
05fa4:04;
05fa5:06;
05fa6:06;
05fa7:06;
05fa8:0a;
05fa9:06;
05faa:06;
05fab:0b;
05fac:16;
05fad:14;
05fae:1c;
05faf:14;
05fb0:0a;
05fb1:09;
05fb2:06;
05fb3:04;
05fb4:04;
05fb5:04;
05fb6:04;
05fb7:04;
05fb8:04;
05fb9:04;
05fba:16;
05fbb:15;
05fbc:1f;
05fbd:15;
05fbe:16;
05fbf:0c;
05fc0:0a;
05fc1:0c;
05fc2:06;
05fc3:06;
05fc4:0c;
05fc5:0c;
05fc6:0c;
05fc7:11;
05fc8:14;
05fc9:06;
05fca:06;
05fcb:04;
05fcc:04;
05fcd:06;
05fce:0c;
05fcf:0c;
05fd0:0a;
05fd1:06;
05fd2:06;
05fd3:04;
05fd4:06;
05fd5:0a;
05fd6:0c;
05fd7:11;
05fd8:0c;
05fd9:0c;
05fda:06;
05fdb:06;
05fdc:04;
05fdd:06;
05fde:04;
05fdf:06;
05fe0:09;
05fe1:0c;
05fe2:1f;
05fe3:1f;
05fe4:1f;
05fe5:0c;
05fe6:09;
05fe7:06;
05fe8:0c;
05fe9:0c;
05fea:0b;
05feb:0c;
05fec:0a;
05fed:09;
05fee:06;
05fef:06;
05ff0:04;
05ff1:06;
05ff2:06;
05ff3:09;
05ff4:0c;
05ff5:0c;
05ff6:16;
05ff7:0c;
05ff8:0c;
05ff9:0c;
05ffa:0c;
05ffb:06;
05ffc:06;
05ffd:06;
05ffe:06;
05fff:09;
06000:06;
06001:0a;
06002:0c;
06003:11;
06004:15;
06005:11;
06006:16;
06007:06;
06008:09;
06009:0a;
0600a:0c;
0600b:0c;
0600c:0c;
0600d:0a;
0600e:04;
0600f:04;
06010:09;
06011:0c;
06012:16;
06013:16;
06014:0c;
06015:09;
06016:16;
06017:16;
06018:16;
06019:0c;
0601a:09;
0601b:09;
0601c:16;
0601d:16;
0601e:0a;
0601f:04;
06020:04;
06021:04;
06022:0a;
06023:0c;
06024:1f;
06025:16;
06026:15;
06027:14;
06028:11;
06029:16;
0602a:09;
0602b:04;
0602c:06;
0602d:06;
0602e:06;
0602f:0a;
06030:06;
06031:06;
06032:11;
06033:0c;
06034:0c;
06035:0a;
06036:06;
06037:06;
06038:06;
06039:06;
0603a:0a;
0603b:0c;
0603c:16;
0603d:11;
0603e:16;
0603f:0a;
06040:09;
06041:09;
06042:16;
06043:16;
06044:09;
06045:09;
06046:04;
06047:06;
06048:04;
06049:0a;
0604a:04;
0604b:06;
0604c:04;
0604d:0f;
0604e:04;
0604f:0a;
06050:0c;
06051:11;
06052:16;
06053:16;
06054:0a;
06055:06;
06056:04;
06057:09;
06058:16;
06059:16;
0605a:11;
0605b:0a;
0605c:04;
0605d:06;
0605e:0a;
0605f:15;
06060:1f;
06061:16;
06062:0c;
06063:09;
06064:06;
06065:04;
06066:09;
06067:14;
06068:1f;
06069:15;
0606a:15;
0606b:16;
0606c:14;
0606d:11;
0606e:15;
0606f:16;
06070:06;
06071:06;
06072:04;
06073:0a;
06074:0c;
06075:15;
06076:0c;
06077:0c;
06078:0c;
06079:0c;
0607a:0b;
0607b:0c;
0607c:09;
0607d:06;
0607e:09;
0607f:0c;
06080:0c;
06081:1f;
06082:15;
06083:1f;
06084:16;
06085:16;
06086:16;
06087:14;
06088:16;
06089:09;
0608a:06;
0608b:09;
0608c:09;
0608d:0b;
0608e:16;
0608f:16;
06090:0c;
06091:13;
06092:09;
06093:0c;
06094:1c;
06095:11;
06096:1f;
06097:11;
06098:16;
06099:16;
0609a:16;
0609b:15;
0609c:11;
0609d:0c;
0609e:04;
0609f:09;
060a0:0c;
060a1:14;
060a2:15;
060a3:14;
060a4:13;
060a5:14;
060a6:1c;
060a7:2b;
060a8:1b;
060a9:1c;
060aa:1c;
060ab:1c;
060ac:16;
060ad:09;
060ae:09;
060af:13;
060b0:16;
060b1:1f;
060b2:1f;
060b3:1c;
060b4:14;
060b5:16;
060b6:16;
060b7:0b;
060b8:06;
060b9:06;
060ba:06;
060bb:16;
060bc:1f;
060bd:0c;
060be:09;
060bf:09;
060c0:0b;
060c1:1f;
060c2:1e;
060c3:1f;
060c4:2b;
060c5:1f;
060c6:1e;
060c7:1f;
060c8:15;
060c9:16;
060ca:16;
060cb:09;
060cc:09;
060cd:0a;
060ce:0a;
060cf:11;
060d0:22;
060d1:29;
060d2:29;
060d3:19;
060d4:11;
060d5:09;
060d6:09;
060d7:09;
060d8:0b;
060d9:09;
060da:09;
060db:14;
060dc:15;
060dd:1f;
060de:1f;
060df:14;
060e0:16;
060e1:16;
060e2:13;
060e3:0b;
060e4:16;
060e5:16;
060e6:0a;
060e7:04;
060e8:0a;
060e9:1f;
060ea:16;
060eb:09;
060ec:09;
060ed:09;
060ee:09;
060ef:26;
060f0:1c;
060f1:1c;
060f2:1f;
060f3:2b;
060f4:1f;
060f5:20;
060f6:17;
060f7:09;
060f8:17;
060f9:16;
060fa:1b;
060fb:16;
060fc:1b;
060fd:13;
060fe:1c;
060ff:1c;
06100:26;
06101:26;
06102:26;
06103:13;
06104:1c;
06105:1c;
06106:1f;
06107:1f;
06108:0b;
06109:06;
0610a:04;
0610b:04;
0610c:0a;
0610d:0c;
0610e:16;
0610f:16;
06110:16;
06111:20;
06112:26;
06113:26;
06114:26;
06115:26;
06116:1f;
06117:16;
06118:0c;
06119:0a;
0611a:06;
0611b:04;
0611c:0c;
0611d:1c;
0611e:1c;
0611f:26;
06120:1b;
06121:1f;
06122:16;
06123:16;
06124:16;
06125:16;
06126:1c;
06127:1f;
06128:1c;
06129:1f;
0612a:1f;
0612b:1f;
0612c:1c;
0612d:16;
0612e:13;
0612f:16;
06130:1c;
06131:1f;
06132:1f;
06133:1c;
06134:16;
06135:16;
06136:14;
06137:1f;
06138:1f;
06139:16;
0613a:16;
0613b:1f;
0613c:1f;
0613d:1f;
0613e:11;
0613f:0a;
06140:09;
06141:09;
06142:13;
06143:26;
06144:2b;
06145:23;
06146:30;
06147:27;
06148:30;
06149:23;
0614a:1e;
0614b:1b;
0614c:17;
0614d:09;
0614e:17;
0614f:2b;
06150:2b;
06151:2b;
06152:2b;
06153:28;
06154:23;
06155:34;
06156:34;
06157:23;
06158:28;
06159:09;
0615a:17;
0615b:16;
0615c:16;
0615d:26;
0615e:1b;
0615f:20;
06160:2e;
06161:30;
06162:38;
06163:2e;
06164:33;
06165:2d;
06166:2e;
06167:30;
06168:28;
06169:13;
0616a:13;
0616b:16;
0616c:1e;
0616d:29;
0616e:2b;
0616f:1f;
06170:16;
06171:13;
06172:13;
06173:1e;
06174:29;
06175:34;
06176:28;
06177:25;
06178:26;
06179:27;
0617a:25;
0617b:25;
0617c:26;
0617d:25;
0617e:20;
0617f:1b;
06180:25;
06181:2b;
06182:2b;
06183:2b;
06184:1c;
06185:16;
06186:09;
06187:09;
06188:20;
06189:26;
0618a:34;
0618b:34;
0618c:34;
0618d:34;
0618e:34;
0618f:34;
06190:25;
06191:20;
06192:13;
06193:13;
06194:13;
06195:1f;
06196:1f;
06197:0d;
06198:16;
06199:16;
0619a:20;
0619b:26;
0619c:2e;
0619d:2e;
0619e:2d;
0619f:20;
061a0:20;
061a1:1c;
061a2:28;
061a3:1e;
061a4:16;
061a5:06;
061a6:09;
061a7:09;
061a8:09;
061a9:09;
061aa:20;
061ab:2b;
061ac:2b;
061ad:30;
061ae:2b;
061af:2b;
061b0:30;
061b1:1c;
061b2:16;
061b3:17;
061b4:09;
061b5:0f;
061b6:16;
061b7:1f;
061b8:2b;
061b9:2b;
061ba:1f;
061bb:17;
061bc:09;
061bd:17;
061be:22;
061bf:2b;
061c0:26;
061c1:1b;
061c2:13;
061c3:13;
061c4:16;
061c5:26;
061c6:1c;
061c7:16;
061c8:13;
061c9:09;
061ca:09;
061cb:13;
061cc:16;
061cd:34;
061ce:34;
061cf:2b;
061d0:28;
061d1:25;
061d2:30;
061d3:34;
061d4:2b;
061d5:30;
061d6:2f;
061d7:28;
061d8:26;
061d9:28;
061da:25;
061db:20;
061dc:13;
061dd:13;
061de:13;
061df:13;
061e0:26;
061e1:28;
061e2:30;
061e3:26;
061e4:1b;
061e5:25;
061e6:30;
061e7:35;
061e8:2b;
061e9:26;
061ea:1b;
061eb:26;
061ec:26;
061ed:26;
061ee:26;
061ef:13;
061f0:20;
061f1:26;
061f2:26;
061f3:30;
061f4:26;
061f5:2e;
061f6:26;
061f7:26;
061f8:26;
061f9:26;
061fa:25;
061fb:20;
061fc:26;
061fd:26;
061fe:26;
061ff:2b;
06200:26;
06201:26;
06202:20;
06203:20;
06204:20;
06205:30;
06206:30;
06207:2e;
06208:2f;
06209:26;
0620a:2e;
0620b:26;
0620c:26;
0620d:26;
0620e:13;
0620f:17;
06210:09;
06211:06;
06212:13;
06213:1f;
06214:2b;
06215:3a;
06216:2e;
06217:3a;
06218:3a;
06219:3a;
0621a:30;
0621b:2f;
0621c:25;
0621d:26;
0621e:2b;
0621f:2b;
06220:1c;
06221:13;
06222:17;
06223:13;
06224:2e;
06225:30;
06226:30;
06227:30;
06228:34;
06229:28;
0622a:26;
0622b:16;
0622c:17;
0622d:17;
0622e:16;
0622f:17;
06230:16;
06231:22;
06232:2b;
06233:30;
06234:30;
06235:2d;
06236:25;
06237:2f;
06238:35;
06239:30;
0623a:30;
0623b:28;
0623c:26;
0623d:20;
0623e:20;
0623f:20;
06240:20;
06241:30;
06242:26;
06243:25;
06244:25;
06245:27;
06246:2f;
06247:27;
06248:20;
06249:13;
0624a:20;
0624b:22;
0624c:34;
0624d:2b;
0624e:34;
0624f:2e;
06250:13;
06251:20;
06252:1b;
06253:26;
06254:30;
06255:2b;
06256:2f;
06257:30;
06258:30;
06259:34;
0625a:35;
0625b:35;
0625c:35;
0625d:30;
0625e:2f;
0625f:25;
06260:13;
06261:25;
06262:1b;
06263:25;
06264:25;
06265:2f;
06266:2e;
06267:2f;
06268:30;
06269:2f;
0626a:30;
0626b:30;
0626c:30;
0626d:2e;
0626e:20;
0626f:17;
06270:26;
06271:2b;
06272:2b;
06273:1f;
06274:16;
06275:16;
06276:13;
06277:20;
06278:25;
06279:3a;
0627a:3a;
0627b:35;
0627c:36;
0627d:36;
0627e:2d;
0627f:25;
06280:25;
06281:26;
06282:28;
06283:30;
06284:25;
06285:2f;
06286:25;
06287:2f;
06288:2d;
06289:25;
0628a:25;
0628b:20;
0628c:16;
0628d:0b;
0628e:09;
0628f:09;
06290:1c;
06291:26;
06292:30;
06293:30;
06294:3a;
06295:3a;
06296:36;
06297:2d;
06298:2d;
06299:2f;
0629a:30;
0629b:2b;
0629c:3a;
0629d:3a;
0629e:36;
0629f:2f;
062a0:30;
062a1:2d;
062a2:25;
062a3:20;
062a4:25;
062a5:30;
062a6:30;
062a7:3a;
062a8:30;
062a9:36;
062aa:36;
062ab:35;
062ac:3a;
062ad:43;
062ae:35;
062af:3e;
062b0:34;
062b1:2b;
062b2:2d;
062b3:2d;
062b4:2d;
062b5:3a;
062b6:3f;
062b7:53;
062b8:55;
062b9:60;
062ba:72;
062bb:67;
062bc:75;
062bd:8a;
062be:91;
062bf:a5;
062c0:b9;
062c1:db;
062c2:e6;
062c3:ed;
062c4:f0;
062c5:f8;
062c6:f8;
062c7:f8;
062c8:f8;
062c9:f8;
062ca:f8;
062cb:f8;
062cc:f8;
062cd:f8;
062ce:f3;
062cf:fe;
062d0:fe;
062d1:fe;
062d2:fe;
062d3:fe;
062d4:fd;
062d5:d7;
062d6:ae;
062d7:97;
062d8:8c;
062d9:75;
062da:75;
062db:67;
062dc:72;
062dd:62;
062de:5f;
062df:5f;
062e0:62;
062e1:6f;
062e2:62;
062e3:62;
062e4:62;
062e5:60;
062e6:62;
062e7:4b;
062e8:5f;
062e9:49;
062ea:43;
062eb:39;
062ec:3e;
062ed:49;
062ee:49;
062ef:3e;
062f0:3e;
062f1:43;
062f2:53;
062f3:64;
062f4:73;
062f5:73;
062f6:60;
062f7:3f;
062f8:36;
062f9:2d;
062fa:33;
062fb:20;
062fc:20;
062fd:22;
062fe:18;
062ff:22;
06300:20;
06301:26;
06302:25;
06303:2e;
06304:25;
06305:25;
06306:2d;
06307:25;
06308:26;
06309:1c;
0630a:16;
0630b:0a;
0630c:09;
0630d:06;
0630e:09;
0630f:16;
06310:20;
06311:2e;
06312:30;
06313:2d;
06314:20;
06315:20;
06316:20;
06317:2d;
06318:2e;
06319:2e;
0631a:26;
0631b:13;
0631c:13;
0631d:17;
0631e:20;
0631f:20;
06320:26;
06321:26;
06322:22;
06323:2e;
06324:30;
06325:26;
06326:20;
06327:13;
06328:13;
06329:13;
0632a:25;
0632b:1f;
0632c:26;
0632d:22;
0632e:09;
0632f:0f;
06330:17;
06331:1c;
06332:2e;
06333:30;
06334:26;
06335:25;
06336:25;
06337:20;
06338:20;
06339:20;
0633a:18;
0633b:17;
0633c:13;
0633d:25;
0633e:30;
0633f:30;
06340:2d;
06341:20;
06342:20;
06343:20;
06344:2e;
06345:2b;
06346:1f;
06347:22;
06348:12;
06349:18;
0634a:18;
0634b:33;
0634c:33;
0634d:38;
0634e:33;
0634f:49;
06350:5f;
06351:6f;
06352:9f;
06353:a9;
06354:85;
06355:74;
06356:60;
06357:3f;
06358:35;
06359:36;
0635a:2d;
0635b:25;
0635c:20;
0635d:20;
0635e:20;
0635f:25;
06360:33;
06361:33;
06362:20;
06363:20;
06364:13;
06365:13;
06366:13;
06367:20;
06368:1f;
06369:26;
0636a:26;
0636b:16;
0636c:17;
0636d:09;
0636e:17;
0636f:16;
06370:16;
06371:16;
06372:18;
06373:16;
06374:17;
06375:17;
06376:17;
06377:17;
06378:17;
06379:18;
0637a:17;
0637b:20;
0637c:20;
0637d:20;
0637e:20;
0637f:33;
06380:2e;
06381:33;
06382:20;
06383:25;
06384:20;
06385:20;
06386:33;
06387:20;
06388:20;
06389:33;
0638a:20;
0638b:22;
0638c:20;
0638d:20;
0638e:20;
0638f:20;
06390:20;
06391:20;
06392:20;
06393:20;
06394:33;
06395:20;
06396:2d;
06397:33;
06398:33;
06399:33;
0639a:39;
0639b:39;
0639c:38;
0639d:39;
0639e:33;
0639f:39;
063a0:39;
063a1:38;
063a2:39;
063a3:39;
063a4:39;
063a5:39;
063a6:39;
063a7:39;
063a8:39;
063a9:3e;
063aa:43;
063ab:49;
063ac:4a;
063ad:43;
063ae:49;
063af:3e;
063b0:49;
063b1:43;
063b2:4f;
063b3:4f;
063b4:4f;
063b5:5f;
063b6:4f;
063b7:5f;
063b8:5f;
063b9:5f;
063ba:5c;
063bb:62;
063bc:6f;
063bd:60;
063be:62;
063bf:62;
063c0:62;
063c1:62;
063c2:72;
063c3:86;
063c4:86;
063c5:a2;
063c6:b6;
063c7:b6;
063c8:b6;
063c9:a9;
063ca:db;
063cb:bf;
063cc:ca;
063cd:b9;
063ce:a6;
063cf:a6;
063d0:b2;
063d1:a6;
063d2:b9;
063d3:b9;
063d4:b9;
063d5:b2;
063d6:b2;
063d7:b2;
063d8:b9;
063d9:ca;
063da:ca;
063db:cc;
063dc:e6;
063dd:be;
063de:a9;
063df:a3;
063e0:fb;
063e1:d6;
063e2:a3;
063e3:5c;
063e4:9d;
063e5:f2;
063e6:ec;
063e7:dc;
063e8:d4;
063e9:d4;
063ea:cd;
063eb:cd;
063ec:ad;
063ed:a9;
063ee:e0;
063ef:e4;
063f0:e1;
063f1:83;
063f2:3f;
063f3:21;
063f4:3b;
063f5:3b;
063f6:33;
063f7:33;
063f8:39;
063f9:4f;
063fa:5f;
063fb:59;
063fc:59;
063fd:59;
063fe:a5;
063ff:de;
END;
