21:43:54 Buildscript generation: nios_app::Debug in D:\dev_2025\a3sk_revA\pricture_viewer_new\software\nios_app\build\Debug
cmake -DCMAKE_BUILD_TYPE:STRING=Debug -DCMAKE_EXPORT_COMPILE_COMMANDS:BOOL=ON -G "Unix Makefiles" "D:\\dev_2025\\a3sk_revA\\pricture_viewer_new\\software\\nios_app" 
-- The C compiler identification is GNU 13.2.0
-- The CXX compiler identification is GNU 13.2.0
-- Detecting C compiler ABI info
-- Detecting C compiler ABI info - done
-- Check for working C compiler: C:/altera_pro/25.1/riscfree/toolchain/riscv32-unknown-elf/bin/riscv32-unknown-elf-gcc.exe - skipped
-- Detecting C compile features
-- Detecting C compile features - done
-- Detecting CXX compiler ABI info
-- Detecting CXX compiler ABI info - done
-- Check for working CXX compiler: C:/altera_pro/25.1/riscfree/toolchain/riscv32-unknown-elf/bin/riscv32-unknown-elf-g++.exe - skipped
-- Detecting CXX compile features
-- Detecting CXX compile features - done
-- The ASM compiler identification is GNU
-- Found assembler: C:/altera_pro/25.1/riscfree/toolchain/riscv32-unknown-elf/bin/riscv32-unknown-elf-gcc.exe
-- Configuring done (18.6s)
-- Generating done (0.0s)
-- Build files have been written to: D:/dev_2025/a3sk_revA/pricture_viewer_new/software/nios_app/build/Debug
21:44:14 Buildscript generation finished (took 20181 ms)
21:44:14 **** Build of configuration Debug for project nios_app ****
"C:\\altera_pro\\25.1\\riscfree\\build_tools\\bin\\make.exe" -j all 
[  1%] Building C object nios_bsp/CMakeFiles/hal2_bsp.dir/HAL/src/alt_execve.c.obj
[  5%] Building ASM object nios_bsp/CMakeFiles/hal2_bsp.dir/HAL/src/alt_log_macro.S.obj
[  3%] Building C object nios_bsp/CMakeFiles/hal2_bsp.dir/HAL/src/alt_fd_lock.c.obj
[  6%] Building C object nios_bsp/CMakeFiles/hal2_bsp.dir/HAL/src/alt_ecc_error_inject.c.obj
[  7%] Building C object nios_bsp/CMakeFiles/hal2_bsp.dir/HAL/src/alt_dcache_flush_no_writeback.c.obj
[  8%] Building C object nios_bsp/CMakeFiles/hal2_bsp.dir/HAL/src/alt_exit.c.obj
[ 11%] Building C object nios_bsp/CMakeFiles/hal2_bsp.dir/HAL/src/alt_alarm_start.c.obj
[  4%] Building C object nios_bsp/CMakeFiles/hal2_bsp.dir/HAL/src/alt_ecc_exception.c.obj
[  9%] Building C object nios_bsp/CMakeFiles/hal2_bsp.dir/HAL/src/alt_busy_sleep.c.obj
[ 10%] Building C object nios_bsp/CMakeFiles/hal2_bsp.dir/HAL/src/alt_dev_llist_insert.c.obj
[ 13%] Building C object nios_bsp/CMakeFiles/hal2_bsp.dir/HAL/src/alt_dma_rxchan_open.c.obj
[ 22%] Building C object nios_bsp/CMakeFiles/hal2_bsp.dir/HAL/src/alt_do_dtors.c.obj
[ 20%] Building C object nios_bsp/CMakeFiles/hal2_bsp.dir/HAL/src/alt_fork.c.obj
[ 17%] Building C object nios_bsp/CMakeFiles/hal2_bsp.dir/HAL/src/alt_dma_txchan_open.c.obj
[ 15%] Building ASM object nios_bsp/CMakeFiles/hal2_bsp.dir/HAL/src/machine_trap.S.obj
[ 33%] Building C object nios_bsp/CMakeFiles/hal2_bsp.dir/HAL/src/intel_fpga_api_niosv.c.obj
[ 29%] Building C object nios_bsp/CMakeFiles/hal2_bsp.dir/HAL/src/alt_ioctl.c.obj
[  8%] Building C object nios_bsp/CMakeFiles/hal2_bsp.dir/HAL/src/alt_get_fd.c.obj
[ 34%] Building C object nios_bsp/CMakeFiles/hal2_bsp.dir/HAL/src/alt_sbrk.c.obj
[ 26%] Building C object nios_bsp/CMakeFiles/hal2_bsp.dir/HAL/src/alt_fs_reg.c.obj
[ 14%] Building C object nios_bsp/CMakeFiles/hal2_bsp.dir/HAL/src/alt_do_ctors.c.obj
[ 25%] Building C object nios_bsp/CMakeFiles/hal2_bsp.dir/HAL/src/alt_fcntl.c.obj
[ 27%] Building C object nios_bsp/CMakeFiles/hal2_bsp.dir/HAL/src/alt_dcache_flush.c.obj
[ 19%] Building C object nios_bsp/CMakeFiles/hal2_bsp.dir/HAL/src/alt_env_lock.c.obj
[  2%] Building C object nios_bsp/CMakeFiles/hal2_bsp.dir/HAL/src/alt_dev.c.obj
[ 18%] Building C object nios_bsp/CMakeFiles/hal2_bsp.dir/HAL/src/alt_errno.c.obj
[ 16%] Building C object nios_bsp/CMakeFiles/hal2_bsp.dir/HAL/src/alt_dcache_flush_all.c.obj
[ 36%] Building C object nios_bsp/CMakeFiles/hal2_bsp.dir/HAL/src/alt_iic_isr_register.c.obj
[ 32%] Building C object nios_bsp/CMakeFiles/hal2_bsp.dir/HAL/src/alt_isatty.c.obj
[ 46%] Building C object nios_bsp/CMakeFiles/hal2_bsp.dir/HAL/src/alt_rename.c.obj
[ 12%] Building C object nios_bsp/CMakeFiles/hal2_bsp.dir/HAL/src/alt_gmon.c.obj
[ 31%] Building C object nios_bsp/CMakeFiles/hal2_bsp.dir/HAL/src/alt_gettod.c.obj
[ 39%] Building C object nios_bsp/CMakeFiles/hal2_bsp.dir/HAL/src/alt_instruction_exception_register.c.obj
[ 51%] Building C object nios_bsp/CMakeFiles/hal2_bsp.dir/HAL/src/alt_uncached_malloc.c.obj
[ 41%] Building C object nios_bsp/CMakeFiles/hal2_bsp.dir/HAL/src/alt_stat.c.obj
[ 52%] Building C object nios_bsp/CMakeFiles/hal2_bsp.dir/HAL/src/alt_tick.c.obj
[ 30%] Building C object nios_bsp/CMakeFiles/hal2_bsp.dir/HAL/src/alt_environ.c.obj
[ 47%] Building C object nios_bsp/CMakeFiles/hal2_bsp.dir/HAL/src/intel_fpga_api_cmn_dfl.c.obj
[ 53%] Building C object nios_bsp/CMakeFiles/hal2_bsp.dir/HAL/src/alt_unlink.c.obj
[ 65%] Building C object nios_bsp/CMakeFiles/hal2_bsp.dir/HAL/src/alt_write.c.obj
[ 38%] Building C object nios_bsp/CMakeFiles/hal2_bsp.dir/HAL/src/alt_io_redirect.c.obj
[ 55%] Building C object nios_bsp/CMakeFiles/hal2_bsp.dir/HAL/src/alt_vic_isr_wrapper.c.obj
[ 23%] Building ASM object nios_bsp/CMakeFiles/hal2_bsp.dir/HAL/src/crt0.S.obj
[ 61%] Building C object nios_bsp/CMakeFiles/hal2_bsp.dir/HAL/src/alt_find_dev.c.obj
[ 21%] Building C object nios_bsp/CMakeFiles/hal2_bsp.dir/HAL/src/alt_close.c.obj
[ 50%] Building C object nios_bsp/CMakeFiles/hal2_bsp.dir/HAL/src/alt_irq_handler.c.obj
[ 35%] Building C object nios_bsp/CMakeFiles/hal2_bsp.dir/HAL/src/alt_remap_uncached.c.obj
[ 46%] Building C object nios_bsp/CMakeFiles/hal2_bsp.dir/HAL/src/alt_printf.c.obj
[ 42%] Building C object nios_bsp/CMakeFiles/hal2_bsp.dir/HAL/src/alt_iic.c.obj
[ 37%] Building C object nios_bsp/CMakeFiles/hal2_bsp.dir/HAL/src/alt_flash_dev.c.obj
[ 24%] Building ASM object nios_bsp/CMakeFiles/hal2_bsp.dir/HAL/src/alt_mcount.S.obj
[ 49%] Building C object nios_bsp/CMakeFiles/hal2_bsp.dir/HAL/src/alt_icache_flush.c.obj
[ 69%] Building C object nios_bsp/CMakeFiles/hal2_bsp.dir/HAL/src/alt_wait.c.obj
[ 71%] Building C object nios_bsp/CMakeFiles/hal2_bsp.dir/HAL/src/alt_getchar.c.obj
[ 77%] Building C object nios_bsp/CMakeFiles/hal2_bsp.dir/HAL/src/alt_lseek.c.obj
[ 78%] Building C object nios_bsp/CMakeFiles/hal2_bsp.dir/HAL/src/alt_tls.c.obj
[ 67%] Building C object nios_bsp/CMakeFiles/hal2_bsp.dir/HAL/src/alt_kill.c.obj
[ 79%] Building C object nios_bsp/CMakeFiles/hal2_bsp.dir/HAL/src/intel_fpga_api_cmn_inf.c.obj
[ 64%] Building C object nios_bsp/CMakeFiles/hal2_bsp.dir/drivers/src/altera_avalon_jtag_uart_fd.c.obj
[ 80%] Building C object nios_bsp/CMakeFiles/hal2_bsp.dir/HAL/src/alt_settod.c.obj
[ 48%] Building C object nios_bsp/CMakeFiles/hal2_bsp.dir/HAL/src/alt_log_printf.c.obj
[ 68%] Building C object nios_bsp/CMakeFiles/hal2_bsp.dir/HAL/src/alt_putcharbuf.c.obj
[ 69%] Building C object nios_bsp/CMakeFiles/hal2_bsp.dir/HAL/src/mtimer.c.obj
[ 64%] Building C object nios_bsp/CMakeFiles/hal2_bsp.dir/drivers/mtm/drivers_common/HAL/src/intel_vvp_core_irq.c.obj
[ 88%] Building C object nios_bsp/CMakeFiles/hal2_bsp.dir/HAL/src/alt_read.c.obj
[ 44%] Building ASM object nios_bsp/CMakeFiles/hal2_bsp.dir/HAL/src/alt_vic_vector_table.S.obj
[ 40%] Building C object nios_bsp/CMakeFiles/hal2_bsp.dir/HAL/src/alt_remap_cached.c.obj
[ 75%] Building C object nios_bsp/CMakeFiles/hal2_bsp.dir/drivers/src/altera_avalon_jtag_uart_read.c.obj
[ 89%] Building C object nios_bsp/CMakeFiles/hal2_bsp.dir/drivers/src/altera_avalon_jtag_uart_ioctl.c.obj
[ 85%] Building C object nios_bsp/CMakeFiles/hal2_bsp.dir/HAL/src/alt_fstat.c.obj
[ 36%] Building C object nios_bsp/CMakeFiles/hal2_bsp.dir/HAL/src/alt_load.c.obj
[ 82%] Building C object nios_bsp/CMakeFiles/hal2_bsp.dir/HAL/src/alt_release_fd.c.obj
[ 62%] Building C object nios_bsp/CMakeFiles/hal2_bsp.dir/HAL/src/alt_main.c.obj
[ 72%] Building C object nios_bsp/CMakeFiles/hal2_bsp.dir/HAL/src/intel_niosv_irq.c.obj
[ 60%] Building C object nios_bsp/CMakeFiles/hal2_bsp.dir/drivers/src/altera_avalon_jtag_uart_write.c.obj
[ 56%] Building C object nios_bsp/CMakeFiles/hal2_bsp.dir/HAL/src/alt_putchar.c.obj
[ 87%] Building C object nios_bsp/CMakeFiles/hal2_bsp.dir/HAL/src/alt_link.c.obj
[ 59%] Building C object nios_bsp/CMakeFiles/hal2_bsp.dir/HAL/src/alt_uncached_free.c.obj
[ 43%] Building C object nios_bsp/CMakeFiles/hal2_bsp.dir/HAL/src/alt_icache_flush_all.c.obj
[ 58%] Building C object nios_bsp/CMakeFiles/hal2_bsp.dir/drivers/src/altera_avalon_jtag_uart_init.c.obj
[ 76%] Building C object nios_bsp/CMakeFiles/hal2_bsp.dir/drivers/src/altera_avalon_sysid_qsys.c.obj
[ 75%] Building C object nios_bsp/CMakeFiles/hal2_bsp.dir/HAL/src/intel_fpga_api_cmn_msg.c.obj
[ 28%] Building ASM object nios_bsp/CMakeFiles/hal2_bsp.dir/HAL/src/alt_ecc_exception_entry.S.obj
[ 66%] Building C object nios_bsp/CMakeFiles/hal2_bsp.dir/HAL/src/alt_getpid.c.obj
[ 83%] Building C object nios_bsp/CMakeFiles/hal2_bsp.dir/HAL/src/alt_putstr.c.obj
[ 86%] Building C object nios_bsp/CMakeFiles/hal2_bsp.dir/drivers/mtm/drivers_common/src/intel_vvp_core.c.obj
[ 70%] Building C object nios_bsp/CMakeFiles/hal2_bsp.dir/HAL/src/alt_times.c.obj
[ 54%] Building C object nios_bsp/CMakeFiles/hal2_bsp.dir/HAL/src/alt_malloc_lock.c.obj
[ 91%] Building C object nios_bsp/CMakeFiles/hal2_bsp.dir/HAL/src/intel_fpga_platform_api_niosv.c.obj
[ 92%] Building C object nios_bsp/CMakeFiles/hal2_bsp.dir/drivers/mtm/intel_vvp_vfr/src/intel_vvp_vfr.c.obj
[ 57%] Building C object nios_bsp/CMakeFiles/hal2_bsp.dir/HAL/src/alt_fd_unlock.c.obj
[ 81%] Building C object nios_bsp/CMakeFiles/hal2_bsp.dir/HAL/src/alt_open.c.obj
[ 90%] Building C object nios_bsp/CMakeFiles/hal2_bsp.dir/HAL/src/alt_usleep.c.obj
[ 84%] Building C object nios_bsp/CMakeFiles/hal2_bsp.dir/alt_sys_init.c.obj
[ 73%] Building C object nios_bsp/CMakeFiles/hal2_bsp.dir/HAL/src/alt_find_file.c.obj
[ 93%] Linking C static library libhal2_bsp.a
[ 93%] Built target hal2_bsp
[ 95%] Building CXX object CMakeFiles/nios_app.elf.dir/VVP_CORE.cpp.obj
[ 96%] Building CXX object CMakeFiles/nios_app.elf.dir/mem_verify.cpp.obj
[ 95%] Building CXX object CMakeFiles/nios_app.elf.dir/main.cpp.obj
[ 97%] Building CXX object CMakeFiles/nios_app.elf.dir/VVP_FR.cpp.obj
D:/dev_2025/a3sk_revA/pricture_viewer_new/software/nios_app/mem_verify.cpp: In function 'bool TMEM_Verify(alt_u32, alt_u32, alt_u32, bool)':
D:/dev_2025/a3sk_revA/pricture_viewer_new/software/nios_app/mem_verify.cpp:64:45: warning: comparison of integer expressions of different signedness: 'alt_64' {aka 'long long int'} and 'alt_u64' {aka 'long long unsigned int'} [-Wsign-compare]
   64 |             if (nProgressIndex <= 9 && nPos >= szProgress[nProgressIndex]){
      |                                        ~~~~~^~~~~~~~~~~~~~~~~~~~~~~~~~~~~
D:/dev_2025/a3sk_revA/pricture_viewer_new/software/nios_app/mem_verify.cpp:93:79: warning: format '%X' expects argument of type 'unsigned int', but argument 4 has type 'alt_64' {aka 'long long int'} [-Wformat=]
   93 |                     printf("verify ng, read=%08Xh, expected=%08Xh, WordIndex=%Xh\n", (int)*(pSrc-1), (int)szData[i], (nPos/my_data_size)+i);
      |                                                                              ~^                                      ~~~~~~~~~~~~~~~~~~~~~
      |                                                                               |                                                         |
      |                                                                               unsigned int                                              alt_64 {aka long long int}
      |                                                                              %llX
D:/dev_2025/a3sk_revA/pricture_viewer_new/software/nios_app/VVP_CORE.cpp: In member function 'void VVP_CORE::DumpRegister(REG_INFO*, int)':
D:/dev_2025/a3sk_revA/pricture_viewer_new/software/nios_app/VVP_CORE.cpp:32:30: warning: format '%d' expects argument of type 'int', but argument 3 has type 'uint32_t' {aka 'long unsigned int'} [-Wformat=]
   32 |                 printf("%s: %d (%xh)\r\n", szRegInfo[i].szHint, value32 & szRegInfo[i].ValueMask, value32);
      |                             ~^                                  ~~~~~~~~~~~~~~~~~~~~~~~~~~~~~~~~
      |                              |                                          |
      |                              int                                        uint32_t {aka long unsigned int}
      |                             %ld
D:/dev_2025/a3sk_revA/pricture_viewer_new/software/nios_app/mem_verify.cpp:99:45: warning: comparison of integer expressions of different signedness: 'alt_64' {aka 'long long int'} and 'alt_u64' {aka 'long long unsigned int'} [-Wsign-compare]
   99 |             if (nProgressIndex <= 9 && nPos >= szProgress[nProgressIndex]){
      |                                        ~~~~~^~~~~~~~~~~~~~~~~~~~~~~~~~~~~
D:/dev_2025/a3sk_revA/pricture_viewer_new/software/nios_app/VVP_CORE.cpp:32:34: warning: format '%x' expects argument of type 'unsigned int', but argument 4 has type 'uint32_t' {aka 'long unsigned int'} [-Wformat=]
   32 |                 printf("%s: %d (%xh)\r\n", szRegInfo[i].szHint, value32 & szRegInfo[i].ValueMask, value32);
      |                                 ~^                                                                ~~~~~~~
      |                                  |                                                                |
      |                                  unsigned int                                                     uint32_t {aka long unsigned int}
      |                                 %lx
D:/dev_2025/a3sk_revA/pricture_viewer_new/software/nios_app/mem_verify.cpp: In function 'bool TMEM_QuickVerify(alt_u32, alt_u32, alt_u32, alt_u32)':
D:/dev_2025/a3sk_revA/pricture_viewer_new/software/nios_app/mem_verify.cpp:123:14: warning: comparison of integer expressions of different signedness: 'int' and 'alt_u32' {aka 'long unsigned int'} [-Wsign-compare]
  123 |     for(i=0;i<AddrWidth && bPass;i++){
      |             ~^~~~~~~~~~
D:/dev_2025/a3sk_revA/pricture_viewer_new/software/nios_app/mem_verify.cpp:135:14: warning: comparison of integer expressions of different signedness: 'int' and 'alt_u32' {aka 'long unsigned int'} [-Wsign-compare]
  135 |     for(i=0;i<DataWidth && bPass;i++){
      |             ~^~~~~~~~~~
D:/dev_2025/a3sk_revA/pricture_viewer_new/software/nios_app/mem_verify.cpp:150:14: warning: comparison of integer expressions of different signedness: 'int' and 'const alt_u32' {aka 'const long unsigned int'} [-Wsign-compare]
  150 |     for(i=0;i<TestNum && bPass;i++){
      |             ~^~~~~~~~
D:/dev_2025/a3sk_revA/pricture_viewer_new/software/nios_app/VVP_FR.cpp: In member function 'virtual void VVP_FR::ShowStatus()':
D:/dev_2025/a3sk_revA/pricture_viewer_new/software/nios_app/VVP_FR.cpp:43:19: warning: unused variable 'status' [-Wunused-variable]
   43 |         uint32_t  status, value32;
      |                   ^~~~~~
D:/dev_2025/a3sk_revA/pricture_viewer_new/software/nios_app/VVP_FR.cpp:43:27: warning: unused variable 'value32' [-Wunused-variable]
   43 |         uint32_t  status, value32;
      |                           ^~~~~~~
[ 98%] Linking CXX executable nios_app.elf
[ 98%] Built target nios_app.elf
[ 99%] Reporting memory available for stack + heap in nios_app.elf.
[ 98%] Creating onchip_memory.hex.
[100%] Creating nios_app.elf.objdump.
[100%] Built target create-hex
[100%] Built target create-objdump
nios_app.elf
 * 255.98 KB - Program size (code + initialized data).
 * 249.74 KB - Free for stack + heap.
[100%] Built target niosv-stack-report
21:47:07 **** Incremental Build of configuration Debug for project nios_app ****
"C:\\altera_pro\\25.1\\riscfree\\build_tools\\bin\\make.exe" -j all 
[ 93%] Built target hal2_bsp
[ 98%] Built target nios_app.elf
[100%] Built target create-objdump
[100%] Reporting memory available for stack + heap in nios_app.elf.
[100%] Built target create-hex
nios_app.elf
 * 255.98 KB - Program size (code + initialized data).
 * 249.74 KB - Free for stack + heap.
[100%] Built target niosv-stack-report
09:28:53 Buildscript generation: nios_app::Debug in D:\dev_2025\a3sk_revA\pricture_viewer_new\software\nios_app\build\Debug
cmake -DCMAKE_BUILD_TYPE:STRING=Debug -DCMAKE_EXPORT_COMPILE_COMMANDS:BOOL=ON -G "Unix Makefiles" "D:\\dev_2025\\a3sk_revA\\pricture_viewer_new\\software\\nios_app" 
-- Configuring done (0.0s)
CMake Error at CMakeLists.txt:15 (target_sources):
  Cannot find source file:

    terasic_sdcard/debug.c

  Tried extensions .c .C .c++ .cc .cpp .cxx .cu .mpp .m .M .mm .ixx .cppm
  .ccm .cxxm .c++m .h .hh .h++ .hm .hpp .hxx .in .txx .f .F .for .f77 .f90
  .f95 .f03 .hip .ispc


CMake Error: Cannot determine link language for target "nios_app.elf".
CMake Error: CMake can not determine linker language for target: nios_app.elf
-- Generating done (0.0s)
CMake Generate step failed.  Build files cannot be regenerated correctly.
Buildfile generation error occurred..
cmake exited with status 1. See CDT global build console for details.
Build stopped..
09:29:49 **** Incremental Build of configuration Debug for project nios_app ****
"C:\\altera_pro\\25.1\\riscfree\\build_tools\\bin\\make.exe" -j all 
[ 96%] Built target hal2_bsp
make[2]: *** No rule to make target 'CMakeFiles/nios_app.elf.dir/build'.  Stop.
make[1]: *** [CMakeFiles/Makefile2:118: CMakeFiles/nios_app.elf.dir/all] Error 2
make: *** [Makefile:91: all] Error 2
"C:/altera_pro/25.1/riscfree/build_tools/bin/make.exe -j all" terminated with exit code 2. Build might be incomplete.
09:30:44 **** Clean-only build of configuration Debug for project nios_app ****
"C:\\altera_pro\\25.1\\riscfree\\build_tools\\bin\\make.exe" -j clean 
09:31:05 **** Build of configuration Debug for project nios_app ****
"C:\\altera_pro\\25.1\\riscfree\\build_tools\\bin\\make.exe" -j all 
[  1%] Building C object nios_bsp/CMakeFiles/hal2_bsp.dir/HAL/src/alt_execve.c.obj
[  2%] Building C object nios_bsp/CMakeFiles/hal2_bsp.dir/HAL/src/alt_find_dev.c.obj
[  6%] Building ASM object nios_bsp/CMakeFiles/hal2_bsp.dir/HAL/src/crt0.S.obj
[  3%] Building C object nios_bsp/CMakeFiles/hal2_bsp.dir/HAL/src/alt_fd_lock.c.obj
[  4%] Building C object nios_bsp/CMakeFiles/hal2_bsp.dir/HAL/src/alt_dcache_flush.c.obj
[  7%] Building C object nios_bsp/CMakeFiles/hal2_bsp.dir/HAL/src/alt_dev_llist_insert.c.obj
[  5%] Building C object nios_bsp/CMakeFiles/hal2_bsp.dir/HAL/src/alt_ecc_exception.c.obj
[ 10%] Building C object nios_bsp/CMakeFiles/hal2_bsp.dir/HAL/src/alt_fd_unlock.c.obj
[ 10%] Building C object nios_bsp/CMakeFiles/hal2_bsp.dir/HAL/src/alt_fork.c.obj
[  8%] Building ASM object nios_bsp/CMakeFiles/hal2_bsp.dir/HAL/src/alt_log_macro.S.obj
[ 11%] Building C object nios_bsp/CMakeFiles/hal2_bsp.dir/HAL/src/alt_icache_flush_all.c.obj
[ 18%] Building C object nios_bsp/CMakeFiles/hal2_bsp.dir/HAL/src/alt_printf.c.obj
[ 20%] Building ASM object nios_bsp/CMakeFiles/hal2_bsp.dir/HAL/src/alt_vic_vector_table.S.obj
[ 17%] Building C object nios_bsp/CMakeFiles/hal2_bsp.dir/alt_sys_init.c.obj
[ 19%] Building C object nios_bsp/CMakeFiles/hal2_bsp.dir/HAL/src/alt_open.c.obj
[ 22%] Building C object nios_bsp/CMakeFiles/hal2_bsp.dir/HAL/src/alt_dma_rxchan_open.c.obj
[ 21%] Building C object nios_bsp/CMakeFiles/hal2_bsp.dir/HAL/src/alt_lseek.c.obj
[ 29%] Building C object nios_bsp/CMakeFiles/hal2_bsp.dir/HAL/src/alt_errno.c.obj
[ 13%] Building C object nios_bsp/CMakeFiles/hal2_bsp.dir/HAL/src/alt_fcntl.c.obj
[ 24%] Building C object nios_bsp/CMakeFiles/hal2_bsp.dir/HAL/src/alt_putchar.c.obj
[ 14%] Building C object nios_bsp/CMakeFiles/hal2_bsp.dir/HAL/src/alt_alarm_start.c.obj
[ 40%] Building ASM object nios_bsp/CMakeFiles/hal2_bsp.dir/HAL/src/machine_trap.S.obj
[ 42%] Building C object nios_bsp/CMakeFiles/hal2_bsp.dir/HAL/src/alt_vic_isr_wrapper.c.obj
[ 42%] Building C object nios_bsp/CMakeFiles/hal2_bsp.dir/HAL/src/alt_iic_isr_register.c.obj
[ 46%] Building C object nios_bsp/CMakeFiles/hal2_bsp.dir/HAL/src/alt_icache_flush.c.obj
[ 32%] Building C object nios_bsp/CMakeFiles/hal2_bsp.dir/HAL/src/alt_dma_txchan_open.c.obj
[ 37%] Building C object nios_bsp/CMakeFiles/hal2_bsp.dir/HAL/src/alt_isatty.c.obj
[ 32%] Building C object nios_bsp/CMakeFiles/hal2_bsp.dir/HAL/src/alt_getpid.c.obj
[ 49%] Building C object nios_bsp/CMakeFiles/hal2_bsp.dir/HAL/src/alt_rename.c.obj
[ 51%] Building C object nios_bsp/CMakeFiles/hal2_bsp.dir/HAL/src/alt_find_file.c.obj
[ 32%] Building C object nios_bsp/CMakeFiles/hal2_bsp.dir/HAL/src/alt_do_ctors.c.obj
[ 36%] Building C object nios_bsp/CMakeFiles/hal2_bsp.dir/HAL/src/alt_ioctl.c.obj
[ 52%] Building C object nios_bsp/CMakeFiles/hal2_bsp.dir/HAL/src/intel_fpga_platform_api_niosv.c.obj
[ 33%] Building C object nios_bsp/CMakeFiles/hal2_bsp.dir/HAL/src/alt_dcache_flush_no_writeback.c.obj
[ 54%] Building C object nios_bsp/CMakeFiles/hal2_bsp.dir/HAL/src/alt_malloc_lock.c.obj
[ 70%] Building C object nios_bsp/CMakeFiles/hal2_bsp.dir/HAL/src/alt_kill.c.obj
[ 48%] Building C object nios_bsp/CMakeFiles/hal2_bsp.dir/drivers/mtm/drivers_common/src/intel_vvp_core.c.obj
[ 62%] Building C object nios_bsp/CMakeFiles/hal2_bsp.dir/drivers/mtm/intel_vvp_vfr/src/intel_vvp_vfr.c.obj
[ 77%] Building C object nios_bsp/CMakeFiles/hal2_bsp.dir/HAL/src/alt_log_printf.c.obj
[ 35%] Building C object nios_bsp/CMakeFiles/hal2_bsp.dir/HAL/src/intel_niosv_irq.c.obj
[ 66%] Building ASM object nios_bsp/CMakeFiles/hal2_bsp.dir/HAL/src/alt_ecc_exception_entry.S.obj
[ 12%] Building C object nios_bsp/CMakeFiles/hal2_bsp.dir/HAL/src/alt_close.c.obj
[ 70%] Building C object nios_bsp/CMakeFiles/hal2_bsp.dir/HAL/src/alt_environ.c.obj
[ 39%] Building C object nios_bsp/CMakeFiles/hal2_bsp.dir/HAL/src/alt_link.c.obj
[ 81%] Building C object nios_bsp/CMakeFiles/hal2_bsp.dir/HAL/src/alt_unlink.c.obj
[ 68%] Building C object nios_bsp/CMakeFiles/hal2_bsp.dir/HAL/src/alt_release_fd.c.obj
[ 46%] Building C object nios_bsp/CMakeFiles/hal2_bsp.dir/HAL/src/alt_uncached_free.c.obj
[ 63%] Building C object nios_bsp/CMakeFiles/hal2_bsp.dir/drivers/src/altera_avalon_jtag_uart_read.c.obj
[ 60%] Building C object nios_bsp/CMakeFiles/hal2_bsp.dir/HAL/src/alt_tls.c.obj
[ 47%] Building C object nios_bsp/CMakeFiles/hal2_bsp.dir/HAL/src/alt_usleep.c.obj
[ 28%] Building ASM object nios_bsp/CMakeFiles/hal2_bsp.dir/HAL/src/alt_mcount.S.obj
[ 15%] Building C object nios_bsp/CMakeFiles/hal2_bsp.dir/HAL/src/alt_load.c.obj
[ 50%] Building C object nios_bsp/CMakeFiles/hal2_bsp.dir/drivers/src/altera_avalon_jtag_uart_init.c.obj
[ 25%] Building C object nios_bsp/CMakeFiles/hal2_bsp.dir/HAL/src/alt_irq_handler.c.obj
[ 85%] Building C object nios_bsp/CMakeFiles/hal2_bsp.dir/HAL/src/intel_fpga_api_cmn_inf.c.obj
[ 23%] Building C object nios_bsp/CMakeFiles/hal2_bsp.dir/HAL/src/alt_dev.c.obj
[ 64%] Building C object nios_bsp/CMakeFiles/hal2_bsp.dir/HAL/src/alt_ecc_error_inject.c.obj
[ 89%] Building C object nios_bsp/CMakeFiles/hal2_bsp.dir/HAL/src/alt_remap_cached.c.obj
[ 59%] Building C object nios_bsp/CMakeFiles/hal2_bsp.dir/HAL/src/alt_putstr.c.obj
[ 27%] Building C object nios_bsp/CMakeFiles/hal2_bsp.dir/HAL/src/intel_fpga_api_niosv.c.obj
[ 27%] Building C object nios_bsp/CMakeFiles/hal2_bsp.dir/HAL/src/alt_fs_reg.c.obj
[ 78%] Building C object nios_bsp/CMakeFiles/hal2_bsp.dir/HAL/src/alt_uncached_malloc.c.obj
[ 53%] Building C object nios_bsp/CMakeFiles/hal2_bsp.dir/HAL/src/alt_dcache_flush_all.c.obj
[ 55%] Building C object nios_bsp/CMakeFiles/hal2_bsp.dir/drivers/mtm/drivers_common/HAL/src/intel_vvp_core_irq.c.obj
[ 16%] Building C object nios_bsp/CMakeFiles/hal2_bsp.dir/HAL/src/alt_instruction_exception_register.c.obj
[ 75%] Building C object nios_bsp/CMakeFiles/hal2_bsp.dir/HAL/src/alt_iic.c.obj
[ 65%] Building C object nios_bsp/CMakeFiles/hal2_bsp.dir/HAL/src/alt_settod.c.obj
[ 83%] Building C object nios_bsp/CMakeFiles/hal2_bsp.dir/drivers/src/altera_avalon_sysid_qsys.c.obj
[ 44%] Building C object nios_bsp/CMakeFiles/hal2_bsp.dir/HAL/src/alt_busy_sleep.c.obj
[ 82%] Building C object nios_bsp/CMakeFiles/hal2_bsp.dir/HAL/src/alt_exit.c.obj
[ 43%] Building C object nios_bsp/CMakeFiles/hal2_bsp.dir/HAL/src/alt_getchar.c.obj
[ 34%] Building C object nios_bsp/CMakeFiles/hal2_bsp.dir/HAL/src/alt_putcharbuf.c.obj
[ 56%] Building C object nios_bsp/CMakeFiles/hal2_bsp.dir/HAL/src/alt_main.c.obj
[ 87%] Building C object nios_bsp/CMakeFiles/hal2_bsp.dir/HAL/src/intel_fpga_api_cmn_dfl.c.obj
[ 86%] Building C object nios_bsp/CMakeFiles/hal2_bsp.dir/drivers/src/altera_avalon_jtag_uart_ioctl.c.obj
[ 58%] Building C object nios_bsp/CMakeFiles/hal2_bsp.dir/HAL/src/alt_get_fd.c.obj
[ 73%] Building C object nios_bsp/CMakeFiles/hal2_bsp.dir/HAL/src/mtimer.c.obj
[ 79%] Building C object nios_bsp/CMakeFiles/hal2_bsp.dir/HAL/src/alt_read.c.obj
[ 93%] Building C object nios_bsp/CMakeFiles/hal2_bsp.dir/HAL/src/alt_write.c.obj
[ 91%] Building C object nios_bsp/CMakeFiles/hal2_bsp.dir/HAL/src/intel_fpga_api_cmn_msg.c.obj
[ 71%] Building C object nios_bsp/CMakeFiles/hal2_bsp.dir/HAL/src/alt_fstat.c.obj
[ 38%] Building C object nios_bsp/CMakeFiles/hal2_bsp.dir/HAL/src/alt_do_dtors.c.obj
[ 72%] Building C object nios_bsp/CMakeFiles/hal2_bsp.dir/HAL/src/alt_gettod.c.obj
[ 92%] Building C object nios_bsp/CMakeFiles/hal2_bsp.dir/HAL/src/alt_io_redirect.c.obj
[ 84%] Building C object nios_bsp/CMakeFiles/hal2_bsp.dir/HAL/src/alt_wait.c.obj
[ 94%] Building C object nios_bsp/CMakeFiles/hal2_bsp.dir/HAL/src/alt_tick.c.obj
[ 74%] Building C object nios_bsp/CMakeFiles/hal2_bsp.dir/HAL/src/alt_remap_uncached.c.obj
[ 57%] Building C object nios_bsp/CMakeFiles/hal2_bsp.dir/HAL/src/alt_gmon.c.obj
[ 90%] Building C object nios_bsp/CMakeFiles/hal2_bsp.dir/HAL/src/alt_times.c.obj
[ 67%] Building C object nios_bsp/CMakeFiles/hal2_bsp.dir/HAL/src/alt_env_lock.c.obj
[ 88%] Building C object nios_bsp/CMakeFiles/hal2_bsp.dir/drivers/src/altera_avalon_jtag_uart_write.c.obj
[ 95%] Building C object nios_bsp/CMakeFiles/hal2_bsp.dir/drivers/src/altera_avalon_jtag_uart_fd.c.obj
[ 61%] Building C object nios_bsp/CMakeFiles/hal2_bsp.dir/HAL/src/alt_sbrk.c.obj
[ 80%] Building C object nios_bsp/CMakeFiles/hal2_bsp.dir/HAL/src/alt_stat.c.obj
[ 76%] Building C object nios_bsp/CMakeFiles/hal2_bsp.dir/HAL/src/alt_flash_dev.c.obj
[ 96%] Linking C static library libhal2_bsp.a
[ 96%] Built target hal2_bsp
make[2]: *** No rule to make target 'CMakeFiles/nios_app.elf.dir/build'.  Stop.
make[1]: *** [CMakeFiles/Makefile2:118: CMakeFiles/nios_app.elf.dir/all] Error 2
make: *** [Makefile:91: all] Error 2
"C:/altera_pro/25.1/riscfree/build_tools/bin/make.exe -j all" terminated with exit code 2. Build might be incomplete.
10:05:55 Buildscript generation: nios_app::Debug in D:\dev_2025\a3sk_revA\pricture_viewer_new\software\nios_app\build\Debug
cmake -DCMAKE_BUILD_TYPE:STRING=Debug -DCMAKE_EXPORT_COMPILE_COMMANDS:BOOL=ON -G "Unix Makefiles" "D:\\dev_2025\\a3sk_revA\\pricture_viewer_new\\software\\nios_app" 
-- Configuring done (0.0s)
CMake Error at CMakeLists.txt:15 (target_sources):
  Cannot find source file:

    mem_verify.c

  Tried extensions .c .C .c++ .cc .cpp .cxx .cu .mpp .m .M .mm .ixx .cppm
  .ccm .cxxm .c++m .h .hh .h++ .hm .hpp .hxx .in .txx .f .F .for .f77 .f90
  .f95 .f03 .hip .ispc


CMake Error: Cannot determine link language for target "nios_app.elf".
CMake Error: CMake can not determine linker language for target: nios_app.elf
-- Generating done (0.0s)
CMake Generate step failed.  Build files cannot be regenerated correctly.
Buildfile generation error occurred..
cmake exited with status 1. See CDT global build console for details.
Build stopped..
10:06:55 **** Clean-only build of configuration Debug for project nios_app ****
"C:\\altera_pro\\25.1\\riscfree\\build_tools\\bin\\make.exe" -j clean 
10:06:58 **** Incremental Build of configuration Debug for project nios_app ****
"C:\\altera_pro\\25.1\\riscfree\\build_tools\\bin\\make.exe" -j all 
[  1%] Building C object nios_bsp/CMakeFiles/hal2_bsp.dir/HAL/src/alt_env_lock.c.obj
[  3%] Building C object nios_bsp/CMakeFiles/hal2_bsp.dir/HAL/src/alt_get_fd.c.obj
[  4%] Building C object nios_bsp/CMakeFiles/hal2_bsp.dir/HAL/src/alt_environ.c.obj
[  2%] Building C object nios_bsp/CMakeFiles/hal2_bsp.dir/HAL/src/alt_fork.c.obj
[  6%] Building C object nios_bsp/CMakeFiles/hal2_bsp.dir/HAL/src/alt_ioctl.c.obj
[ 11%] Building C object nios_bsp/CMakeFiles/hal2_bsp.dir/HAL/src/alt_dcache_flush_no_writeback.c.obj
[  7%] Building C object nios_bsp/CMakeFiles/hal2_bsp.dir/HAL/src/alt_exit.c.obj
[ 15%] Building C object nios_bsp/CMakeFiles/hal2_bsp.dir/HAL/src/alt_do_dtors.c.obj
[ 10%] Building C object nios_bsp/CMakeFiles/hal2_bsp.dir/HAL/src/alt_irq_handler.c.obj
[  9%] Building C object nios_bsp/CMakeFiles/hal2_bsp.dir/HAL/src/alt_dev.c.obj
[  5%] Building C object nios_bsp/CMakeFiles/hal2_bsp.dir/HAL/src/alt_flash_dev.c.obj
[ 16%] Building C object nios_bsp/CMakeFiles/hal2_bsp.dir/HAL/src/alt_dev_llist_insert.c.obj
[ 17%] Building C object nios_bsp/CMakeFiles/hal2_bsp.dir/HAL/src/alt_dma_txchan_open.c.obj
[ 30%] Building C object nios_bsp/CMakeFiles/hal2_bsp.dir/HAL/src/alt_close.c.obj
[ 22%] Building ASM object nios_bsp/CMakeFiles/hal2_bsp.dir/HAL/src/alt_mcount.S.obj
[ 20%] Building C object nios_bsp/CMakeFiles/hal2_bsp.dir/HAL/src/alt_alarm_start.c.obj
[ 24%] Building C object nios_bsp/CMakeFiles/hal2_bsp.dir/HAL/src/alt_dma_rxchan_open.c.obj
[ 18%] Building C object nios_bsp/CMakeFiles/hal2_bsp.dir/HAL/src/alt_find_file.c.obj
[ 27%] Building C object nios_bsp/CMakeFiles/hal2_bsp.dir/HAL/src/alt_printf.c.obj
[ 19%] Building C object nios_bsp/CMakeFiles/hal2_bsp.dir/HAL/src/alt_lseek.c.obj
[ 23%] Building C object nios_bsp/CMakeFiles/hal2_bsp.dir/HAL/src/alt_gmon.c.obj
[ 13%] Building C object nios_bsp/CMakeFiles/hal2_bsp.dir/HAL/src/alt_main.c.obj
[ 29%] Building C object nios_bsp/CMakeFiles/hal2_bsp.dir/HAL/src/alt_iic.c.obj
[ 28%] Building C object nios_bsp/CMakeFiles/hal2_bsp.dir/HAL/src/alt_kill.c.obj
[ 39%] Building C object nios_bsp/CMakeFiles/hal2_bsp.dir/HAL/src/alt_dcache_flush_all.c.obj
[ 26%] Building C object nios_bsp/CMakeFiles/hal2_bsp.dir/HAL/src/alt_fs_reg.c.obj
[ 52%] Building C object nios_bsp/CMakeFiles/hal2_bsp.dir/HAL/src/alt_ecc_error_inject.c.obj
[ 50%] Building C object nios_bsp/CMakeFiles/hal2_bsp.dir/HAL/src/alt_load.c.obj
[ 43%] Building C object nios_bsp/CMakeFiles/hal2_bsp.dir/HAL/src/intel_fpga_api_cmn_dfl.c.obj
[ 46%] Building C object nios_bsp/CMakeFiles/hal2_bsp.dir/HAL/src/alt_busy_sleep.c.obj
[ 49%] Building C object nios_bsp/CMakeFiles/hal2_bsp.dir/HAL/src/alt_malloc_lock.c.obj
[ 14%] Building ASM object nios_bsp/CMakeFiles/hal2_bsp.dir/HAL/src/crt0.S.obj
[ 38%] Building C object nios_bsp/CMakeFiles/hal2_bsp.dir/HAL/src/alt_fcntl.c.obj
[ 34%] Building C object nios_bsp/CMakeFiles/hal2_bsp.dir/HAL/src/alt_iic_isr_register.c.obj
[ 45%] Building C object nios_bsp/CMakeFiles/hal2_bsp.dir/HAL/src/alt_putstr.c.obj
[ 54%] Building C object nios_bsp/CMakeFiles/hal2_bsp.dir/HAL/src/intel_fpga_api_cmn_inf.c.obj
[ 55%] Building C object nios_bsp/CMakeFiles/hal2_bsp.dir/HAL/src/alt_putcharbuf.c.obj
[ 44%] Building C object nios_bsp/CMakeFiles/hal2_bsp.dir/HAL/src/alt_times.c.obj
[ 41%] Building C object nios_bsp/CMakeFiles/hal2_bsp.dir/HAL/src/alt_fd_lock.c.obj
[ 60%] Building C object nios_bsp/CMakeFiles/hal2_bsp.dir/HAL/src/alt_errno.c.obj
[ 35%] Building C object nios_bsp/CMakeFiles/hal2_bsp.dir/HAL/src/alt_log_printf.c.obj
[ 48%] Building C object nios_bsp/CMakeFiles/hal2_bsp.dir/HAL/src/alt_io_redirect.c.obj
[ 65%] Building C object nios_bsp/CMakeFiles/hal2_bsp.dir/HAL/src/alt_tls.c.obj
[ 59%] Building C object nios_bsp/CMakeFiles/hal2_bsp.dir/HAL/src/alt_getpid.c.obj
[ 12%] Building ASM object nios_bsp/CMakeFiles/hal2_bsp.dir/HAL/src/alt_ecc_exception_entry.S.obj
[ 36%] Building C object nios_bsp/CMakeFiles/hal2_bsp.dir/HAL/src/alt_fd_unlock.c.obj
[ 68%] Building C object nios_bsp/CMakeFiles/hal2_bsp.dir/HAL/src/alt_remap_uncached.c.obj
[ 62%] Building C object nios_bsp/CMakeFiles/hal2_bsp.dir/HAL/src/alt_open.c.obj
[ 66%] Building C object nios_bsp/CMakeFiles/hal2_bsp.dir/HAL/src/alt_getchar.c.obj
[ 63%] Building C object nios_bsp/CMakeFiles/hal2_bsp.dir/HAL/src/alt_uncached_malloc.c.obj
[ 25%] Building ASM object nios_bsp/CMakeFiles/hal2_bsp.dir/HAL/src/machine_trap.S.obj
[ 75%] Building C object nios_bsp/CMakeFiles/hal2_bsp.dir/HAL/src/alt_gettod.c.obj
[ 72%] Building C object nios_bsp/CMakeFiles/hal2_bsp.dir/HAL/src/intel_fpga_platform_api_niosv.c.obj
[ 73%] Building C object nios_bsp/CMakeFiles/hal2_bsp.dir/drivers/src/altera_avalon_jtag_uart_ioctl.c.obj
[ 76%] Building C object nios_bsp/CMakeFiles/hal2_bsp.dir/HAL/src/alt_vic_isr_wrapper.c.obj
[ 53%] Building C object nios_bsp/CMakeFiles/hal2_bsp.dir/HAL/src/alt_release_fd.c.obj
[ 51%] Building C object nios_bsp/CMakeFiles/hal2_bsp.dir/drivers/src/altera_avalon_jtag_uart_read.c.obj
[ 33%] Building C object nios_bsp/CMakeFiles/hal2_bsp.dir/HAL/src/alt_icache_flush.c.obj
[ 69%] Building C object nios_bsp/CMakeFiles/hal2_bsp.dir/HAL/src/alt_settod.c.obj
[ 75%] Building C object nios_bsp/CMakeFiles/hal2_bsp.dir/HAL/src/alt_usleep.c.obj
[ 56%] Building C object nios_bsp/CMakeFiles/hal2_bsp.dir/alt_sys_init.c.obj
[ 40%] Building C object nios_bsp/CMakeFiles/hal2_bsp.dir/HAL/src/alt_icache_flush_all.c.obj
[ 47%] Building C object nios_bsp/CMakeFiles/hal2_bsp.dir/HAL/src/alt_fstat.c.obj
[ 84%] Building C object nios_bsp/CMakeFiles/hal2_bsp.dir/drivers/mtm/drivers_common/src/intel_vvp_core.c.obj
[  8%] Building C object nios_bsp/CMakeFiles/hal2_bsp.dir/HAL/src/alt_do_ctors.c.obj
[ 64%] Building C object nios_bsp/CMakeFiles/hal2_bsp.dir/HAL/src/alt_find_dev.c.obj
[ 81%] Building C object nios_bsp/CMakeFiles/hal2_bsp.dir/drivers/src/altera_avalon_jtag_uart_init.c.obj
[ 21%] Building C object nios_bsp/CMakeFiles/hal2_bsp.dir/HAL/src/alt_link.c.obj
[ 67%] Building C object nios_bsp/CMakeFiles/hal2_bsp.dir/HAL/src/alt_unlink.c.obj
[ 61%] Building C object nios_bsp/CMakeFiles/hal2_bsp.dir/HAL/src/alt_isatty.c.obj
[ 83%] Building C object nios_bsp/CMakeFiles/hal2_bsp.dir/HAL/src/alt_stat.c.obj
[ 79%] Building C object nios_bsp/CMakeFiles/hal2_bsp.dir/HAL/src/intel_fpga_api_niosv.c.obj
[ 77%] Building C object nios_bsp/CMakeFiles/hal2_bsp.dir/HAL/src/alt_remap_cached.c.obj
[ 58%] Building C object nios_bsp/CMakeFiles/hal2_bsp.dir/HAL/src/alt_putchar.c.obj
[ 31%] Building ASM object nios_bsp/CMakeFiles/hal2_bsp.dir/HAL/src/alt_log_macro.S.obj
[ 78%] Building C object nios_bsp/CMakeFiles/hal2_bsp.dir/drivers/mtm/intel_vvp_vfr/src/intel_vvp_vfr.c.obj
[ 42%] Building C object nios_bsp/CMakeFiles/hal2_bsp.dir/HAL/src/alt_dcache_flush.c.obj
[ 90%] Building C object nios_bsp/CMakeFiles/hal2_bsp.dir/drivers/src/altera_avalon_jtag_uart_write.c.obj
[ 80%] Building C object nios_bsp/CMakeFiles/hal2_bsp.dir/HAL/src/alt_rename.c.obj
[ 71%] Building C object nios_bsp/CMakeFiles/hal2_bsp.dir/HAL/src/alt_sbrk.c.obj
[ 87%] Building C object nios_bsp/CMakeFiles/hal2_bsp.dir/HAL/src/alt_tick.c.obj
[ 89%] Building C object nios_bsp/CMakeFiles/hal2_bsp.dir/HAL/src/alt_read.c.obj
[ 70%] Building C object nios_bsp/CMakeFiles/hal2_bsp.dir/HAL/src/alt_instruction_exception_register.c.obj
[ 82%] Building C object nios_bsp/CMakeFiles/hal2_bsp.dir/HAL/src/alt_write.c.obj
[ 37%] Building C object nios_bsp/CMakeFiles/hal2_bsp.dir/HAL/src/alt_execve.c.obj
[ 88%] Building C object nios_bsp/CMakeFiles/hal2_bsp.dir/drivers/src/altera_avalon_sysid_qsys.c.obj
[ 32%] Building C object nios_bsp/CMakeFiles/hal2_bsp.dir/HAL/src/alt_ecc_exception.c.obj
[ 86%] Building C object nios_bsp/CMakeFiles/hal2_bsp.dir/HAL/src/intel_fpga_api_cmn_msg.c.obj
[ 91%] Building C object nios_bsp/CMakeFiles/hal2_bsp.dir/HAL/src/alt_uncached_free.c.obj
[ 94%] Building C object nios_bsp/CMakeFiles/hal2_bsp.dir/drivers/src/altera_avalon_jtag_uart_fd.c.obj
[ 93%] Building C object nios_bsp/CMakeFiles/hal2_bsp.dir/HAL/src/intel_niosv_irq.c.obj
[ 85%] Building C object nios_bsp/CMakeFiles/hal2_bsp.dir/HAL/src/alt_wait.c.obj
[ 95%] Building C object nios_bsp/CMakeFiles/hal2_bsp.dir/drivers/mtm/drivers_common/HAL/src/intel_vvp_core_irq.c.obj
[ 57%] Building ASM object nios_bsp/CMakeFiles/hal2_bsp.dir/HAL/src/alt_vic_vector_table.S.obj
[ 92%] Building C object nios_bsp/CMakeFiles/hal2_bsp.dir/HAL/src/mtimer.c.obj
[ 96%] Linking C static library libhal2_bsp.a
[ 96%] Built target hal2_bsp
make[2]: *** No rule to make target 'CMakeFiles/nios_app.elf.dir/build'.  Stop.
make[1]: *** [CMakeFiles/Makefile2:118: CMakeFiles/nios_app.elf.dir/all] Error 2
make: *** [Makefile:91: all] Error 2
"C:/altera_pro/25.1/riscfree/build_tools/bin/make.exe -j all" terminated with exit code 2. Build might be incomplete.
10:09:42 **** Incremental Build of configuration Debug for project nios_app ****
"C:\\altera_pro\\25.1\\riscfree\\build_tools\\bin\\make.exe" -j all 
[ 96%] Built target hal2_bsp
make[2]: *** No rule to make target 'CMakeFiles/nios_app.elf.dir/build'.  Stop.
make[1]: *** [CMakeFiles/Makefile2:118: CMakeFiles/nios_app.elf.dir/all] Error 2
make: *** [Makefile:91: all] Error 2
"C:/altera_pro/25.1/riscfree/build_tools/bin/make.exe -j all" terminated with exit code 2. Build might be incomplete.
10:09:56 **** Clean-only build of configuration Debug for project nios_app ****
"C:\\altera_pro\\25.1\\riscfree\\build_tools\\bin\\make.exe" -j clean 
10:10:07 **** Build of configuration Debug for project nios_app ****
"C:\\altera_pro\\25.1\\riscfree\\build_tools\\bin\\make.exe" -j all 
[  1%] Building C object nios_bsp/CMakeFiles/hal2_bsp.dir/HAL/src/alt_busy_sleep.c.obj
[  4%] Building C object nios_bsp/CMakeFiles/hal2_bsp.dir/HAL/src/alt_fcntl.c.obj
[  8%] Building C object nios_bsp/CMakeFiles/hal2_bsp.dir/HAL/src/alt_fd_unlock.c.obj
[  5%] Building ASM object nios_bsp/CMakeFiles/hal2_bsp.dir/HAL/src/machine_trap.S.obj
[  7%] Building C object nios_bsp/CMakeFiles/hal2_bsp.dir/HAL/src/alt_fs_reg.c.obj
[ 17%] Building C object nios_bsp/CMakeFiles/hal2_bsp.dir/HAL/src/alt_do_dtors.c.obj
[ 16%] Building C object nios_bsp/CMakeFiles/hal2_bsp.dir/HAL/src/alt_iic_isr_register.c.obj
[ 16%] Building C object nios_bsp/CMakeFiles/hal2_bsp.dir/HAL/src/alt_ioctl.c.obj
[ 11%] Building C object nios_bsp/CMakeFiles/hal2_bsp.dir/HAL/src/alt_errno.c.obj
[ 12%] Building C object nios_bsp/CMakeFiles/hal2_bsp.dir/HAL/src/alt_dcache_flush_no_writeback.c.obj
[  6%] Building C object nios_bsp/CMakeFiles/hal2_bsp.dir/HAL/src/alt_dma_rxchan_open.c.obj
[  9%] Building C object nios_bsp/CMakeFiles/hal2_bsp.dir/HAL/src/alt_dcache_flush_all.c.obj
[ 18%] Building ASM object nios_bsp/CMakeFiles/hal2_bsp.dir/HAL/src/alt_ecc_exception_entry.S.obj
[ 21%] Building C object nios_bsp/CMakeFiles/hal2_bsp.dir/HAL/src/alt_alarm_start.c.obj
[  2%] Building ASM object nios_bsp/CMakeFiles/hal2_bsp.dir/HAL/src/alt_vic_vector_table.S.obj
[ 27%] Building C object nios_bsp/CMakeFiles/hal2_bsp.dir/HAL/src/alt_main.c.obj
[ 28%] Building C object nios_bsp/CMakeFiles/hal2_bsp.dir/HAL/src/alt_usleep.c.obj
[ 29%] Building ASM object nios_bsp/CMakeFiles/hal2_bsp.dir/HAL/src/alt_mcount.S.obj
[ 26%] Building C object nios_bsp/CMakeFiles/hal2_bsp.dir/HAL/src/alt_uncached_free.c.obj
[ 22%] Building ASM object nios_bsp/CMakeFiles/hal2_bsp.dir/HAL/src/crt0.S.obj
[ 10%] Building C object nios_bsp/CMakeFiles/hal2_bsp.dir/HAL/src/alt_ecc_error_inject.c.obj
[ 19%] Building C object nios_bsp/CMakeFiles/hal2_bsp.dir/HAL/src/alt_io_redirect.c.obj
[ 40%] Building C object nios_bsp/CMakeFiles/hal2_bsp.dir/HAL/src/alt_execve.c.obj
[ 30%] Building C object nios_bsp/CMakeFiles/hal2_bsp.dir/HAL/src/alt_env_lock.c.obj
[ 41%] Building C object nios_bsp/CMakeFiles/hal2_bsp.dir/HAL/src/alt_close.c.obj
[ 33%] Building C object nios_bsp/CMakeFiles/hal2_bsp.dir/HAL/src/alt_getpid.c.obj
[ 44%] Building C object nios_bsp/CMakeFiles/hal2_bsp.dir/HAL/src/alt_fstat.c.obj
[ 32%] Building ASM object nios_bsp/CMakeFiles/hal2_bsp.dir/HAL/src/alt_log_macro.S.obj
[ 45%] Building C object nios_bsp/CMakeFiles/hal2_bsp.dir/HAL/src/alt_dma_txchan_open.c.obj
[  3%] Building C object nios_bsp/CMakeFiles/hal2_bsp.dir/HAL/src/alt_ecc_exception.c.obj
[ 38%] Building C object nios_bsp/CMakeFiles/hal2_bsp.dir/HAL/src/alt_getchar.c.obj
[ 50%] Building C object nios_bsp/CMakeFiles/hal2_bsp.dir/HAL/src/alt_vic_isr_wrapper.c.obj
[ 21%] Building C object nios_bsp/CMakeFiles/hal2_bsp.dir/HAL/src/alt_isatty.c.obj
[ 35%] Building C object nios_bsp/CMakeFiles/hal2_bsp.dir/HAL/src/alt_unlink.c.obj
[ 48%] Building C object nios_bsp/CMakeFiles/hal2_bsp.dir/HAL/src/alt_environ.c.obj
[ 40%] Building C object nios_bsp/CMakeFiles/hal2_bsp.dir/HAL/src/alt_read.c.obj
[ 37%] Building C object nios_bsp/CMakeFiles/hal2_bsp.dir/HAL/src/alt_printf.c.obj
[ 47%] Building C object nios_bsp/CMakeFiles/hal2_bsp.dir/HAL/src/alt_kill.c.obj
[ 43%] Building C object nios_bsp/CMakeFiles/hal2_bsp.dir/HAL/src/alt_putcharbuf.c.obj
[ 56%] Building C object nios_bsp/CMakeFiles/hal2_bsp.dir/HAL/src/alt_uncached_malloc.c.obj
[ 24%] Building C object nios_bsp/CMakeFiles/hal2_bsp.dir/HAL/src/alt_tls.c.obj
[ 23%] Building C object nios_bsp/CMakeFiles/hal2_bsp.dir/HAL/src/alt_fork.c.obj
[ 14%] Building C object nios_bsp/CMakeFiles/hal2_bsp.dir/HAL/src/alt_find_file.c.obj
[ 57%] Building C object nios_bsp/CMakeFiles/hal2_bsp.dir/HAL/src/intel_fpga_api_cmn_inf.c.obj
[ 55%] Building C object nios_bsp/CMakeFiles/hal2_bsp.dir/HAL/src/alt_dev.c.obj
[ 53%] Building C object nios_bsp/CMakeFiles/hal2_bsp.dir/HAL/src/alt_fd_lock.c.obj
[ 42%] Building C object nios_bsp/CMakeFiles/hal2_bsp.dir/HAL/src/alt_irq_handler.c.obj
[ 59%] Building C object nios_bsp/CMakeFiles/hal2_bsp.dir/HAL/src/alt_remap_cached.c.obj
[ 36%] Building C object nios_bsp/CMakeFiles/hal2_bsp.dir/HAL/src/alt_dcache_flush.c.obj
[ 52%] Building C object nios_bsp/CMakeFiles/hal2_bsp.dir/HAL/src/alt_wait.c.obj
[ 25%] Building C object nios_bsp/CMakeFiles/hal2_bsp.dir/HAL/src/alt_get_fd.c.obj
[ 68%] Building C object nios_bsp/CMakeFiles/hal2_bsp.dir/HAL/src/intel_fpga_api_niosv.c.obj
[ 76%] Building C object nios_bsp/CMakeFiles/hal2_bsp.dir/HAL/src/alt_iic.c.obj
[ 70%] Building C object nios_bsp/CMakeFiles/hal2_bsp.dir/drivers/src/altera_avalon_jtag_uart_ioctl.c.obj
[ 35%] Building C object nios_bsp/CMakeFiles/hal2_bsp.dir/HAL/src/alt_tick.c.obj
[ 13%] Building C object nios_bsp/CMakeFiles/hal2_bsp.dir/HAL/src/alt_flash_dev.c.obj
[ 69%] Building C object nios_bsp/CMakeFiles/hal2_bsp.dir/HAL/src/alt_icache_flush.c.obj
[ 81%] Building C object nios_bsp/CMakeFiles/hal2_bsp.dir/drivers/src/altera_avalon_sysid_qsys.c.obj
[ 67%] Building C object nios_bsp/CMakeFiles/hal2_bsp.dir/HAL/src/intel_niosv_irq.c.obj
[ 67%] Building C object nios_bsp/CMakeFiles/hal2_bsp.dir/HAL/src/mtimer.c.obj
[ 80%] Building C object nios_bsp/CMakeFiles/hal2_bsp.dir/HAL/src/alt_gmon.c.obj
[ 63%] Building C object nios_bsp/CMakeFiles/hal2_bsp.dir/HAL/src/alt_settod.c.obj
[ 72%] Building C object nios_bsp/CMakeFiles/hal2_bsp.dir/HAL/src/alt_exit.c.obj
[ 61%] Building C object nios_bsp/CMakeFiles/hal2_bsp.dir/HAL/src/alt_icache_flush_all.c.obj
[ 73%] Building C object nios_bsp/CMakeFiles/hal2_bsp.dir/HAL/src/alt_malloc_lock.c.obj
[ 60%] Building C object nios_bsp/CMakeFiles/hal2_bsp.dir/HAL/src/alt_do_ctors.c.obj
[ 84%] Building C object nios_bsp/CMakeFiles/hal2_bsp.dir/HAL/src/alt_rename.c.obj
[ 82%] Building C object nios_bsp/CMakeFiles/hal2_bsp.dir/drivers/mtm/intel_vvp_vfr/src/intel_vvp_vfr.c.obj
[ 54%] Building C object nios_bsp/CMakeFiles/hal2_bsp.dir/HAL/src/alt_stat.c.obj
[ 85%] Building C object nios_bsp/CMakeFiles/hal2_bsp.dir/HAL/src/alt_times.c.obj
[ 76%] Building C object nios_bsp/CMakeFiles/hal2_bsp.dir/drivers/src/altera_avalon_jtag_uart_write.c.obj
[ 64%] Building C object nios_bsp/CMakeFiles/hal2_bsp.dir/alt_sys_init.c.obj
[ 49%] Building C object nios_bsp/CMakeFiles/hal2_bsp.dir/HAL/src/alt_gettod.c.obj
[ 71%] Building C object nios_bsp/CMakeFiles/hal2_bsp.dir/HAL/src/intel_fpga_api_cmn_msg.c.obj
[ 62%] Building C object nios_bsp/CMakeFiles/hal2_bsp.dir/HAL/src/alt_open.c.obj
[ 76%] Building C object nios_bsp/CMakeFiles/hal2_bsp.dir/HAL/src/alt_find_dev.c.obj
[ 51%] Building C object nios_bsp/CMakeFiles/hal2_bsp.dir/HAL/src/alt_link.c.obj
[ 88%] Building C object nios_bsp/CMakeFiles/hal2_bsp.dir/drivers/src/altera_avalon_jtag_uart_init.c.obj
[ 87%] Building C object nios_bsp/CMakeFiles/hal2_bsp.dir/HAL/src/intel_fpga_api_cmn_dfl.c.obj
[ 58%] Building C object nios_bsp/CMakeFiles/hal2_bsp.dir/HAL/src/alt_log_printf.c.obj
[ 77%] Building C object nios_bsp/CMakeFiles/hal2_bsp.dir/HAL/src/intel_fpga_platform_api_niosv.c.obj
[ 83%] Building C object nios_bsp/CMakeFiles/hal2_bsp.dir/HAL/src/alt_lseek.c.obj
[ 65%] Building C object nios_bsp/CMakeFiles/hal2_bsp.dir/HAL/src/alt_load.c.obj
[ 91%] Building C object nios_bsp/CMakeFiles/hal2_bsp.dir/drivers/src/altera_avalon_jtag_uart_read.c.obj
[ 90%] Building C object nios_bsp/CMakeFiles/hal2_bsp.dir/drivers/src/altera_avalon_jtag_uart_fd.c.obj
[ 31%] Building C object nios_bsp/CMakeFiles/hal2_bsp.dir/HAL/src/alt_dev_llist_insert.c.obj
[ 86%] Building C object nios_bsp/CMakeFiles/hal2_bsp.dir/HAL/src/alt_instruction_exception_register.c.obj
[ 89%] Building C object nios_bsp/CMakeFiles/hal2_bsp.dir/HAL/src/alt_write.c.obj
[ 92%] Building C object nios_bsp/CMakeFiles/hal2_bsp.dir/HAL/src/alt_putstr.c.obj
[ 95%] Building C object nios_bsp/CMakeFiles/hal2_bsp.dir/drivers/mtm/drivers_common/HAL/src/intel_vvp_core_irq.c.obj
[ 93%] Building C object nios_bsp/CMakeFiles/hal2_bsp.dir/drivers/mtm/drivers_common/src/intel_vvp_core.c.obj
[ 79%] Building C object nios_bsp/CMakeFiles/hal2_bsp.dir/HAL/src/alt_sbrk.c.obj
[ 78%] Building C object nios_bsp/CMakeFiles/hal2_bsp.dir/HAL/src/alt_release_fd.c.obj
[ 94%] Building C object nios_bsp/CMakeFiles/hal2_bsp.dir/HAL/src/alt_remap_uncached.c.obj
[ 46%] Building C object nios_bsp/CMakeFiles/hal2_bsp.dir/HAL/src/alt_putchar.c.obj
[ 96%] Linking C static library libhal2_bsp.a
[ 96%] Built target hal2_bsp
make[2]: *** No rule to make target 'CMakeFiles/nios_app.elf.dir/build'.  Stop.
make[1]: *** [CMakeFiles/Makefile2:118: CMakeFiles/nios_app.elf.dir/all] Error 2
make: *** [Makefile:91: all] Error 2
"C:/altera_pro/25.1/riscfree/build_tools/bin/make.exe -j all" terminated with exit code 2. Build might be incomplete.
10:18:10 Buildscript generation: nios_app::Debug in D:\dev_2025\a3sk_revA\pricture_viewer_new\software\nios_app\build\Debug
cmake -DCMAKE_BUILD_TYPE:STRING=Debug -DCMAKE_EXPORT_COMPILE_COMMANDS:BOOL=ON -G "Unix Makefiles" "D:\\dev_2025\\a3sk_revA\\pricture_viewer_new\\software\\nios_app" 
-- Configuring done (0.0s)
-- Generating done (0.0s)
-- Build files have been written to: D:/dev_2025/a3sk_revA/pricture_viewer_new/software/nios_app/build/Debug
10:18:12 Buildscript generation finished (took 1864 ms)
10:18:12 **** Incremental Build of configuration Debug for project nios_app ****
"C:\\altera_pro\\25.1\\riscfree\\build_tools\\bin\\make.exe" -j all 
[ 84%] Built target hal2_bsp
[ 91%] Building C object CMakeFiles/nios_app.elf.dir/ffsystem.c.obj
[ 86%] Building CXX object CMakeFiles/nios_app.elf.dir/VVP_CORE.cpp.obj
[ 85%] Building CXX object CMakeFiles/nios_app.elf.dir/main.cpp.obj
[ 88%] Building C object CMakeFiles/nios_app.elf.dir/terasic_sdcard/sd_protocol.c.obj
[ 89%] Building C object CMakeFiles/nios_app.elf.dir/diskio.c.obj
In file included from D:/dev_2025/a3sk_revA/pricture_viewer_new/software/nios_app/terasic_sdcard/terasic_includes.h:50,
                 from D:/dev_2025/a3sk_revA/pricture_viewer_new/software/nios_app/terasic_sdcard/sd_protocol.c:33:
D:/dev_2025/a3sk_revA/pricture_viewer_new/software/nios_app/terasic_sdcard/sd_protocol.c: In function 'RTL_SetupCmd':
D:/dev_2025/a3sk_revA/pricture_viewer_new/software/nios_app/terasic_sdcard/sd_protocol.c:95:30: error: 'TERASIC_SDCARD_BASE' undeclared (first use in this function)
   95 |                 IOWR_8DIRECT(TERASIC_SDCARD_BASE+REG_CMD, i, *(pData +i));
      |                              ^~~~~~~~~~~~~~~~~~~
D:/dev_2025/a3sk_revA/pricture_viewer_new/software/nios_bsp/HAL/inc/io.h:109:23: note: in definition of macro 'SBIO'
  109 |       : [addrReg] "r"(BASE), [imm] "i"(OFFSET), [DATAReg] "r"(__tmpData)  \
      |                       ^~~~
D:/dev_2025/a3sk_revA/pricture_viewer_new/software/nios_bsp/HAL/inc/io.h:156:8: note: in expansion of macro '__IO_CALC_ADDRESS_DYNAMIC'
  156 |   SBIO(__IO_CALC_ADDRESS_DYNAMIC((BASE), (OFFSET)), 0, (DATA))
      |        ^~~~~~~~~~~~~~~~~~~~~~~~~
D:/dev_2025/a3sk_revA/pricture_viewer_new/software/nios_app/terasic_sdcard/sd_protocol.c:95:17: note: in expansion of macro 'IOWR_8DIRECT'
   95 |                 IOWR_8DIRECT(TERASIC_SDCARD_BASE+REG_CMD, i, *(pData +i));
      |                 ^~~~~~~~~~~~
D:/dev_2025/a3sk_revA/pricture_viewer_new/software/nios_app/terasic_sdcard/sd_protocol.c:95:30: note: each undeclared identifier is reported only once for each function it appears in
   95 |                 IOWR_8DIRECT(TERASIC_SDCARD_BASE+REG_CMD, i, *(pData +i));
      |                              ^~~~~~~~~~~~~~~~~~~
D:/dev_2025/a3sk_revA/pricture_viewer_new/software/nios_bsp/HAL/inc/io.h:109:23: note: in definition of macro 'SBIO'
  109 |       : [addrReg] "r"(BASE), [imm] "i"(OFFSET), [DATAReg] "r"(__tmpData)  \
      |                       ^~~~
D:/dev_2025/a3sk_revA/pricture_viewer_new/software/nios_bsp/HAL/inc/io.h:156:8: note: in expansion of macro '__IO_CALC_ADDRESS_DYNAMIC'
  156 |   SBIO(__IO_CALC_ADDRESS_DYNAMIC((BASE), (OFFSET)), 0, (DATA))
      |        ^~~~~~~~~~~~~~~~~~~~~~~~~
D:/dev_2025/a3sk_revA/pricture_viewer_new/software/nios_app/terasic_sdcard/sd_protocol.c:95:17: note: in expansion of macro 'IOWR_8DIRECT'
   95 |                 IOWR_8DIRECT(TERASIC_SDCARD_BASE+REG_CMD, i, *(pData +i));
      |                 ^~~~~~~~~~~~
D:/dev_2025/a3sk_revA/pricture_viewer_new/software/nios_app/terasic_sdcard/sd_protocol.c: In function 'RTL_SetupWriteData':
D:/dev_2025/a3sk_revA/pricture_viewer_new/software/nios_app/terasic_sdcard/sd_protocol.c:104:30: error: 'TERASIC_SDCARD_BASE' undeclared (first use in this function)
  104 |                 IOWR_8DIRECT(TERASIC_SDCARD_BASE+REG_RSP_DATA, i, *(pData +i));
      |                              ^~~~~~~~~~~~~~~~~~~
D:/dev_2025/a3sk_revA/pricture_viewer_new/software/nios_bsp/HAL/inc/io.h:109:23: note: in definition of macro 'SBIO'
  109 |       : [addrReg] "r"(BASE), [imm] "i"(OFFSET), [DATAReg] "r"(__tmpData)  \
      |                       ^~~~
D:/dev_2025/a3sk_revA/pricture_viewer_new/software/nios_bsp/HAL/inc/io.h:156:8: note: in expansion of macro '__IO_CALC_ADDRESS_DYNAMIC'
  156 |   SBIO(__IO_CALC_ADDRESS_DYNAMIC((BASE), (OFFSET)), 0, (DATA))
      |        ^~~~~~~~~~~~~~~~~~~~~~~~~
D:/dev_2025/a3sk_revA/pricture_viewer_new/software/nios_app/terasic_sdcard/sd_protocol.c:104:17: note: in expansion of macro 'IOWR_8DIRECT'
  104 |                 IOWR_8DIRECT(TERASIC_SDCARD_BASE+REG_RSP_DATA, i, *(pData +i));
      |                 ^~~~~~~~~~~~
D:/dev_2025/a3sk_revA/pricture_viewer_new/software/nios_app/terasic_sdcard/sd_protocol.c: In function 'RTL_Execute':
D:/dev_2025/a3sk_revA/pricture_viewer_new/software/nios_app/terasic_sdcard/sd_protocol.c:116:22: error: 'TERASIC_SDCARD_BASE' undeclared (first use in this function)
  116 |         IOWR_8DIRECT(TERASIC_SDCARD_BASE+REG_CSR, 0x00, txn_type << 1); // set txn_type first
      |                      ^~~~~~~~~~~~~~~~~~~
D:/dev_2025/a3sk_revA/pricture_viewer_new/software/nios_bsp/HAL/inc/io.h:109:23: note: in definition of macro 'SBIO'
  109 |       : [addrReg] "r"(BASE), [imm] "i"(OFFSET), [DATAReg] "r"(__tmpData)  \
      |                       ^~~~
D:/dev_2025/a3sk_revA/pricture_viewer_new/software/nios_bsp/HAL/inc/io.h:156:8: note: in expansion of macro '__IO_CALC_ADDRESS_DYNAMIC'
  156 |   SBIO(__IO_CALC_ADDRESS_DYNAMIC((BASE), (OFFSET)), 0, (DATA))
      |        ^~~~~~~~~~~~~~~~~~~~~~~~~
D:/dev_2025/a3sk_revA/pricture_viewer_new/software/nios_app/terasic_sdcard/sd_protocol.c:116:9: note: in expansion of macro 'IOWR_8DIRECT'
  116 |         IOWR_8DIRECT(TERASIC_SDCARD_BASE+REG_CSR, 0x00, txn_type << 1); // set txn_type first
      |         ^~~~~~~~~~~~
D:/dev_2025/a3sk_revA/pricture_viewer_new/software/nios_app/terasic_sdcard/sd_protocol.c: In function 'SD_CMD0':
D:/dev_2025/a3sk_revA/pricture_viewer_new/software/nios_app/terasic_sdcard/sd_protocol.c:174:11: warning: implicit declaration of function 'crc7' [-Wimplicit-function-declaration]
  174 |     crc = crc7(0, szCmd, 5);
      |           ^~~~
D:/dev_2025/a3sk_revA/pricture_viewer_new/software/nios_app/diskio.c: In function 'disk_ioctl':
D:/dev_2025/a3sk_revA/pricture_viewer_new/software/nios_app/diskio.c:216:13: warning: unused variable 'result' [-Wunused-variable]
  216 |         int result;
      |             ^~~~~~
D:/dev_2025/a3sk_revA/pricture_viewer_new/software/nios_app/diskio.c: In function 'disk_status':
D:/dev_2025/a3sk_revA/pricture_viewer_new/software/nios_app/diskio.c:43:24: warning: 'stat' may be used uninitialized [-Wmaybe-uninitialized]
   43 |                 return stat;
      |                        ^~~~
D:/dev_2025/a3sk_revA/pricture_viewer_new/software/nios_app/diskio.c:34:17: note: 'stat' was declared here
   34 |         DSTATUS stat;
      |                 ^~~~
D:/dev_2025/a3sk_revA/pricture_viewer_new/software/nios_app/diskio.c: In function 'disk_read':
D:/dev_2025/a3sk_revA/pricture_viewer_new/software/nios_app/diskio.c:126:24: warning: 'res' may be used uninitialized [-Wmaybe-uninitialized]
  126 |                 return res;
      |                        ^~~
D:/dev_2025/a3sk_revA/pricture_viewer_new/software/nios_app/diskio.c:115:17: note: 'res' was declared here
  115 |         DRESULT res;
      |                 ^~~
D:/dev_2025/a3sk_revA/pricture_viewer_new/software/nios_app/diskio.c: In function 'disk_write':
D:/dev_2025/a3sk_revA/pricture_viewer_new/software/nios_app/diskio.c:177:24: warning: 'res' may be used uninitialized [-Wmaybe-uninitialized]
  177 |                 return res;
      |                        ^~~
D:/dev_2025/a3sk_revA/pricture_viewer_new/software/nios_app/diskio.c:166:17: note: 'res' was declared here
  166 |         DRESULT res;
      |                 ^~~
D:/dev_2025/a3sk_revA/pricture_viewer_new/software/nios_app/diskio.c: In function 'disk_ioctl':
D:/dev_2025/a3sk_revA/pricture_viewer_new/software/nios_app/diskio.c:223:24: warning: 'res' may be used uninitialized [-Wmaybe-uninitialized]
  223 |                 return res;
      |                        ^~~
D:/dev_2025/a3sk_revA/pricture_viewer_new/software/nios_app/diskio.c:215:17: note: 'res' was declared here
  215 |         DRESULT res;
      |                 ^~~
make[2]: *** [CMakeFiles/nios_app.elf.dir/build.make:205: CMakeFiles/nios_app.elf.dir/terasic_sdcard/sd_protocol.c.obj] Error 1
make[2]: *** Waiting for unfinished jobs....
[ 87%] Building C object CMakeFiles/nios_app.elf.dir/ff.c.obj
[ 86%] Building C object CMakeFiles/nios_app.elf.dir/terasic_sdcard/crc7.c.obj
[ 94%] Building C object CMakeFiles/nios_app.elf.dir/mem_verify.c.obj
[ 97%] Building C object CMakeFiles/nios_app.elf.dir/glue.c.obj
[ 95%] Building CXX object CMakeFiles/nios_app.elf.dir/VVP_FR.cpp.obj
D:/dev_2025/a3sk_revA/pricture_viewer_new/software/nios_app/mem_verify.c: In function 'TMEM_Verify':
D:/dev_2025/a3sk_revA/pricture_viewer_new/software/nios_app/mem_verify.c:93:79: warning: format '%X' expects argument of type 'unsigned int', but argument 4 has type 'alt_64' {aka 'long long int'} [-Wformat=]
   93 |                     printf("verify ng, read=%08Xh, expected=%08Xh, WordIndex=%Xh\n", (int)*(pSrc-1), (int)szData[i], (nPos/my_data_size)+i);
      |                                                                              ~^                                      ~~~~~~~~~~~~~~~~~~~~~
      |                                                                               |                                                         |
[ 96%] Building C object CMakeFiles/nios_app.elf.dir/terasic_sdcard/debug.c.obj
      |                                                                               unsigned int                                              alt_64 {aka long long int}
      |                                                                              %llX
[ 93%] Building C object CMakeFiles/nios_app.elf.dir/ffunicode.c.obj
D:/dev_2025/a3sk_revA/pricture_viewer_new/software/nios_app/glue.c: In function 'RAM_disk_status':
D:/dev_2025/a3sk_revA/pricture_viewer_new/software/nios_app/glue.c:123:1: warning: control reaches end of non-void function [-Wreturn-type]
  123 | }
      | ^
D:/dev_2025/a3sk_revA/pricture_viewer_new/software/nios_app/glue.c: In function 'RAM_disk_initialize':
D:/dev_2025/a3sk_revA/pricture_viewer_new/software/nios_app/glue.c:127:1: warning: control reaches end of non-void function [-Wreturn-type]
  127 | }
      | ^
D:/dev_2025/a3sk_revA/pricture_viewer_new/software/nios_app/glue.c: In function 'RAM_disk_read':
D:/dev_2025/a3sk_revA/pricture_viewer_new/software/nios_app/glue.c:135:1: warning: control reaches end of non-void function [-Wreturn-type]
  135 | }
      | ^
D:/dev_2025/a3sk_revA/pricture_viewer_new/software/nios_app/glue.c: In function 'RAM_disk_write':
D:/dev_2025/a3sk_revA/pricture_viewer_new/software/nios_app/glue.c:143:1: warning: control reaches end of non-void function [-Wreturn-type]
  143 | }
      | ^
D:/dev_2025/a3sk_revA/pricture_viewer_new/software/nios_app/glue.c: In function 'USB_disk_status':
D:/dev_2025/a3sk_revA/pricture_viewer_new/software/nios_app/glue.c:148:1: warning: control reaches end of non-void function [-Wreturn-type]
  148 | }
      | ^
D:/dev_2025/a3sk_revA/pricture_viewer_new/software/nios_app/glue.c: In function 'USB_disk_initialize':
D:/dev_2025/a3sk_revA/pricture_viewer_new/software/nios_app/glue.c:152:1: warning: control reaches end of non-void function [-Wreturn-type]
  152 | }
      | ^
D:/dev_2025/a3sk_revA/pricture_viewer_new/software/nios_app/glue.c: In function 'USB_disk_read':
D:/dev_2025/a3sk_revA/pricture_viewer_new/software/nios_app/glue.c:160:1: warning: control reaches end of non-void function [-Wreturn-type]
  160 | }
      | ^
D:/dev_2025/a3sk_revA/pricture_viewer_new/software/nios_app/glue.c: In function 'USB_disk_write':
D:/dev_2025/a3sk_revA/pricture_viewer_new/software/nios_app/glue.c:168:1: warning: control reaches end of non-void function [-Wreturn-type]
  168 | }
      | ^
[ 90%] Building C object CMakeFiles/nios_app.elf.dir/Bitmap_File.c.obj
[ 92%] Building C object CMakeFiles/nios_app.elf.dir/terasic_sdcard/sd_lib.c.obj
D:/dev_2025/a3sk_revA/pricture_viewer_new/software/nios_app/terasic_sdcard/debug.c: In function 'debug_output':
D:/dev_2025/a3sk_revA/pricture_viewer_new/software/nios_app/terasic_sdcard/debug.c:55:5: warning: format not a string literal and no format arguments [-Wformat-security]
   55 |     printf(pMessage);
      |     ^~~~~~
D:/dev_2025/a3sk_revA/pricture_viewer_new/software/nios_app/terasic_sdcard/debug.c: In function 'myprintf_hexarray':
D:/dev_2025/a3sk_revA/pricture_viewer_new/software/nios_app/terasic_sdcard/debug.c:83:17: warning: pointer targets in passing argument 1 of 'sprintf' differ in signedness [-Wpointer-sign]
   83 |         sprintf(szText, "[%02X]", *(pHex+i));
      |                 ^~~~~~
      |                 |
      |                 unsigned char *
In file included from D:/dev_2025/a3sk_revA/pricture_viewer_new/software/nios_app/terasic_sdcard/debug.c:33:
C:/altera_pro/25.1/riscfree/toolchain/riscv32-unknown-elf/riscv32-unknown-elf/include/stdio.h:250:18: note: expected 'char * restrict' but argument is of type 'unsigned char *'
  250 | int     sprintf (char *__restrict, const char *__restrict, ...)
      |                  ^
In file included from D:/dev_2025/a3sk_revA/pricture_viewer_new/software/nios_app/terasic_sdcard/terasic_includes.h:59,
                 from D:/dev_2025/a3sk_revA/pricture_viewer_new/software/nios_app/terasic_sdcard/debug.c:35:
D:/dev_2025/a3sk_revA/pricture_viewer_new/software/nios_app/terasic_sdcard/debug.c:84:16: warning: pointer targets in passing argument 1 of 'myprintf' differ in signedness [-Wpointer-sign]
   84 |         DEBUG((szText));
      |                ^~~~~~
      |                |
      |                unsigned char *
D:/dev_2025/a3sk_revA/pricture_viewer_new/software/nios_app/terasic_sdcard/debug.h:75:46: note: in definition of macro 'DEBUG'
   75 |     #define DEBUG(x)               {myprintf x;}  // standard in/out, specifed in project (it could be uart, jtag, or lcd)
      |                                              ^
D:/dev_2025/a3sk_revA/pricture_viewer_new/software/nios_app/terasic_sdcard/debug.c:64:20: note: expected 'char *' but argument is of type 'unsigned char *'
   64 | int myprintf(char *format, ...){
      |              ~~~~~~^~~~~~
D:/dev_2025/a3sk_revA/pricture_viewer_new/software/nios_app/Bitmap_File.c: In function 'BMP_IsSupported':
D:/dev_2025/a3sk_revA/pricture_viewer_new/software/nios_app/Bitmap_File.c:26:17: warning: implicit declaration of function 'printf' [-Wimplicit-function-declaration]
   26 |                 printf("failed to open file - %s\r\n", pFilenamme);
      |                 ^~~~~~
D:/dev_2025/a3sk_revA/pricture_viewer_new/software/nios_app/Bitmap_File.c:12:1: note: include '<stdio.h>' or provide a declaration of 'printf'
   11 | #include "Bitmap_File.h"
  +++ |+#include <stdio.h>
   12 | 
D:/dev_2025/a3sk_revA/pricture_viewer_new/software/nios_app/Bitmap_File.c:26:17: warning: incompatible implicit declaration of built-in function 'printf' [-Wbuiltin-declaration-mismatch]
   26 |                 printf("failed to open file - %s\r\n", pFilenamme);
      |                 ^~~~~~
D:/dev_2025/a3sk_revA/pricture_viewer_new/software/nios_app/Bitmap_File.c:26:17: note: include '<stdio.h>' or provide a declaration of 'printf'
D:/dev_2025/a3sk_revA/pricture_viewer_new/software/nios_app/Bitmap_File.c: In function 'BMP_find_image_file':
D:/dev_2025/a3sk_revA/pricture_viewer_new/software/nios_app/Bitmap_File.c:64:17: warning: implicit declaration of function 'strcpy' [-Wimplicit-function-declaration]
   64 |                 strcpy(szFileList[nFileCnt], fno.fname);
      |                 ^~~~~~
D:/dev_2025/a3sk_revA/pricture_viewer_new/software/nios_app/Bitmap_File.c:12:1: note: include '<string.h>' or provide a declaration of 'strcpy'
   11 | #include "Bitmap_File.h"
  +++ |+#include <string.h>
   12 | 
D:/dev_2025/a3sk_revA/pricture_viewer_new/software/nios_app/Bitmap_File.c:64:17: warning: incompatible implicit declaration of built-in function 'strcpy' [-Wbuiltin-declaration-mismatch]
   64 |                 strcpy(szFileList[nFileCnt], fno.fname);
      |                 ^~~~~~
D:/dev_2025/a3sk_revA/pricture_viewer_new/software/nios_app/Bitmap_File.c:64:17: note: include '<string.h>' or provide a declaration of 'strcpy'
D:/dev_2025/a3sk_revA/pricture_viewer_new/software/nios_app/Bitmap_File.c: In function 'BMP_draw':
D:/dev_2025/a3sk_revA/pricture_viewer_new/software/nios_app/Bitmap_File.c:90:17: warning: incompatible implicit declaration of built-in function 'printf' [-Wbuiltin-declaration-mismatch]
   90 |                 printf("failed to open file - %s\r\n", pFilename);
      |                 ^~~~~~
D:/dev_2025/a3sk_revA/pricture_viewer_new/software/nios_app/Bitmap_File.c:90:17: note: include '<stdio.h>' or provide a declaration of 'printf'
D:/dev_2025/a3sk_revA/pricture_viewer_new/software/nios_app/terasic_sdcard/sd_lib.c: In function 'SDLIB_WriteBlock512':
D:/dev_2025/a3sk_revA/pricture_viewer_new/software/nios_app/terasic_sdcard/sd_lib.c:329:32: warning: passing argument 1 of 'SD_WriteData512' discards 'const' qualifier from pointer target type [-Wdiscarded-qualifiers]
  329 |     bSuccess = SD_WriteData512(szDataWrite);  // Write 512 bytes
      |                                ^~~~~~~~~~~
In file included from D:/dev_2025/a3sk_revA/pricture_viewer_new/software/nios_app/terasic_sdcard/sd_lib.c:45:
D:/dev_2025/a3sk_revA/pricture_viewer_new/software/nios_app/terasic_sdcard/sd_protocol.h:66:29: note: expected 'alt_u8 *' {aka 'unsigned char *'} but argument is of type 'const alt_u8 *' {aka 'const unsigned char *'}
   66 | bool SD_WriteData512(alt_u8 szDataWrite[]);
      |                      ~~~~~~~^~~~~~~~~~~~~
D:/dev_2025/a3sk_revA/pricture_viewer_new/software/nios_app/VVP_CORE.cpp: In member function 'void VVP_CORE::DumpRegister(REG_INFO*, int)':
D:/dev_2025/a3sk_revA/pricture_viewer_new/software/nios_app/VVP_CORE.cpp:32:30: warning: format '%d' expects argument of type 'int', but argument 3 has type 'uint32_t' {aka 'long unsigned int'} [-Wformat=]
   32 |                 printf("%s: %d (%xh)\r\n", szRegInfo[i].szHint, value32 & szRegInfo[i].ValueMask, value32);
      |                             ~^                                  ~~~~~~~~~~~~~~~~~~~~~~~~~~~~~~~~
      |                              |                                          |
      |                              int                                        uint32_t {aka long unsigned int}
      |                             %ld
D:/dev_2025/a3sk_revA/pricture_viewer_new/software/nios_app/VVP_CORE.cpp:32:34: warning: format '%x' expects argument of type 'unsigned int', but argument 4 has type 'uint32_t' {aka 'long unsigned int'} [-Wformat=]
   32 |                 printf("%s: %d (%xh)\r\n", szRegInfo[i].szHint, value32 & szRegInfo[i].ValueMask, value32);
      |                                 ~^                                                                ~~~~~~~
      |                                  |                                                                |
      |                                  unsigned int                                                     uint32_t {aka long unsigned int}
      |                                 %lx
D:/dev_2025/a3sk_revA/pricture_viewer_new/software/nios_app/main.cpp: In function 'void bitmap_show()':
D:/dev_2025/a3sk_revA/pricture_viewer_new/software/nios_app/main.cpp:555:19: error: 'VVP_SYSTEM_INTEL_VVP_VFR_BASE' was not declared in this scope
  555 |         VVP_FR FR(VVP_SYSTEM_INTEL_VVP_VFR_BASE);
      |                   ^~~~~~~~~~~~~~~~~~~~~~~~~~~~~
D:/dev_2025/a3sk_revA/pricture_viewer_new/software/nios_app/VVP_FR.cpp: In member function 'virtual void VVP_FR::ShowStatus()':
D:/dev_2025/a3sk_revA/pricture_viewer_new/software/nios_app/VVP_FR.cpp:43:19: warning: unused variable 'status' [-Wunused-variable]
   43 |         uint32_t  status, value32;
      |                   ^~~~~~
D:/dev_2025/a3sk_revA/pricture_viewer_new/software/nios_app/VVP_FR.cpp:43:27: warning: unused variable 'value32' [-Wunused-variable]
   43 |         uint32_t  status, value32;
      |                           ^~~~~~~
make[2]: *** [CMakeFiles/nios_app.elf.dir/build.make:79: CMakeFiles/nios_app.elf.dir/main.cpp.obj] Error 1
make[1]: *** [CMakeFiles/Makefile2:118: CMakeFiles/nios_app.elf.dir/all] Error 2
make: *** [Makefile:91: all] Error 2
"C:/altera_pro/25.1/riscfree/build_tools/bin/make.exe -j all" terminated with exit code 2. Build might be incomplete.
10:19:55 **** Incremental Build of configuration Debug for project nios_app ****
"C:\\altera_pro\\25.1\\riscfree\\build_tools\\bin\\make.exe" -j all 
[ 84%] Built target hal2_bsp
[ 86%] Building CXX object CMakeFiles/nios_app.elf.dir/main.cpp.obj
[ 86%] Building C object CMakeFiles/nios_app.elf.dir/terasic_sdcard/sd_protocol.c.obj
D:/dev_2025/a3sk_revA/pricture_viewer_new/software/nios_app/terasic_sdcard/sd_protocol.c: In function 'SD_CMD0':
D:/dev_2025/a3sk_revA/pricture_viewer_new/software/nios_app/terasic_sdcard/sd_protocol.c:177:11: warning: implicit declaration of function 'crc7' [-Wimplicit-function-declaration]
  177 |     crc = crc7(0, szCmd, 5);
      |           ^~~~
D:/dev_2025/a3sk_revA/pricture_viewer_new/software/nios_app/terasic_sdcard/sd_protocol.c: In function 'SD_CMD9':
D:/dev_2025/a3sk_revA/pricture_viewer_new/software/nios_app/terasic_sdcard/sd_protocol.c:551:12: warning: 'nCopyLen' may be used uninitialized [-Wmaybe-uninitialized]
  551 |         if (nCopyLen > 16)
      |            ^
D:/dev_2025/a3sk_revA/pricture_viewer_new/software/nios_app/terasic_sdcard/sd_protocol.c:550:13: note: 'nCopyLen' was declared here
  550 |         int nCopyLen, x;
      |             ^~~~~~~~
D:/dev_2025/a3sk_revA/pricture_viewer_new/software/nios_app/terasic_sdcard/sd_protocol.c: In function 'SD_CMD10':
D:/dev_2025/a3sk_revA/pricture_viewer_new/software/nios_app/terasic_sdcard/sd_protocol.c:606:12: warning: 'nCopyLen' may be used uninitialized [-Wmaybe-uninitialized]
  606 |         if (nCopyLen > 16)
      |            ^
D:/dev_2025/a3sk_revA/pricture_viewer_new/software/nios_app/terasic_sdcard/sd_protocol.c:605:13: note: 'nCopyLen' was declared here
  605 |         int nCopyLen, x;
      |             ^~~~~~~~
D:/dev_2025/a3sk_revA/pricture_viewer_new/software/nios_app/main.cpp: In function 'void bitmap_show()':
D:/dev_2025/a3sk_revA/pricture_viewer_new/software/nios_app/main.cpp:555:19: error: 'VVP_SYSTEM_INTEL_VVP_VFR_BASE' was not declared in this scope
  555 |         VVP_FR FR(VVP_SYSTEM_INTEL_VVP_VFR_BASE);
      |                   ^~~~~~~~~~~~~~~~~~~~~~~~~~~~~
make[2]: *** [CMakeFiles/nios_app.elf.dir/build.make:79: CMakeFiles/nios_app.elf.dir/main.cpp.obj] Error 1
make[1]: *** [CMakeFiles/Makefile2:118: CMakeFiles/nios_app.elf.dir/all] Error 2
make: *** [Makefile:91: all] Error 2
"C:/altera_pro/25.1/riscfree/build_tools/bin/make.exe -j all" terminated with exit code 2. Build might be incomplete.
10:21:22 **** Incremental Build of configuration Debug for project nios_app ****
"C:\\altera_pro\\25.1\\riscfree\\build_tools\\bin\\make.exe" -j all 
[ 84%] Built target hal2_bsp
[ 85%] Building CXX object CMakeFiles/nios_app.elf.dir/main.cpp.obj
D:/dev_2025/a3sk_revA/pricture_viewer_new/software/nios_app/main.cpp: In function 'void bitmap_show()':
D:/dev_2025/a3sk_revA/pricture_viewer_new/software/nios_app/main.cpp:555:19: error: 'VVP_SYSTEM_INTEL_VVP_VFR_BASE' was not declared in this scope
  555 |         VVP_FR FR(VVP_SYSTEM_INTEL_VVP_VFR_BASE);
      |                   ^~~~~~~~~~~~~~~~~~~~~~~~~~~~~
make[2]: *** [CMakeFiles/nios_app.elf.dir/build.make:79: CMakeFiles/nios_app.elf.dir/main.cpp.obj] Error 1
make[1]: *** [CMakeFiles/Makefile2:118: CMakeFiles/nios_app.elf.dir/all] Error 2
make: *** [Makefile:91: all] Error 2
"C:/altera_pro/25.1/riscfree/build_tools/bin/make.exe -j all" terminated with exit code 2. Build might be incomplete.
10:22:10 **** Incremental Build of configuration Debug for project nios_app ****
"C:\\altera_pro\\25.1\\riscfree\\build_tools\\bin\\make.exe" -j all 
[ 84%] Built target hal2_bsp
[ 85%] Building CXX object CMakeFiles/nios_app.elf.dir/main.cpp.obj
[ 86%] Linking CXX executable nios_app.elf
[ 98%] Built target nios_app.elf
[ 99%] Reporting memory available for stack + heap in nios_app.elf.
[100%] Creating onchip_memory.hex.
[100%] Creating nios_app.elf.objdump.
nios_app.elf
 * 364.20 KB - Program size (code + initialized data).
 * 141.53 KB - Free for stack + heap.
[100%] Built target create-objdump
[100%] Built target create-hex
[100%] Built target niosv-stack-report
10:48:30 **** Incremental Build of configuration Debug for project nios_app ****
"C:\\altera_pro\\25.1\\riscfree\\build_tools\\bin\\make.exe" -j all 
[ 84%] Built target hal2_bsp
[ 85%] Building CXX object CMakeFiles/nios_app.elf.dir/main.cpp.obj
[ 86%] Linking CXX executable nios_app.elf
[ 98%] Built target nios_app.elf
[100%] Reporting memory available for stack + heap in nios_app.elf.
[ 99%] Creating onchip_memory.hex.
[100%] Creating nios_app.elf.objdump.
[100%] Built target create-objdump
[100%] Built target create-hex
nios_app.elf
 * 365.13 KB - Program size (code + initialized data).
 * 140.59 KB - Free for stack + heap.
[100%] Built target niosv-stack-report
11:28:56 **** Incremental Build of configuration Debug for project nios_app ****
"C:\\altera_pro\\25.1\\riscfree\\build_tools\\bin\\make.exe" -j all 
-- Configuring done (0.0s)
-- Generating done (0.0s)
-- Build files have been written to: D:/dev_2025/a3sk_revA/pricture_viewer_new/software/nios_app/build/Debug
[  1%] Building ASM object nios_bsp/CMakeFiles/hal2_bsp.dir/HAL/src/alt_ecc_exception_entry.S.obj
[  3%] Building C object nios_bsp/CMakeFiles/hal2_bsp.dir/HAL/src/alt_icache_flush_all.c.obj
[  2%] Building ASM object nios_bsp/CMakeFiles/hal2_bsp.dir/HAL/src/alt_log_macro.S.obj
[  4%] Building C object nios_bsp/CMakeFiles/hal2_bsp.dir/HAL/src/alt_find_file.c.obj
[  5%] Building C object nios_bsp/CMakeFiles/hal2_bsp.dir/HAL/src/alt_exit.c.obj
[  9%] Building C object nios_bsp/CMakeFiles/hal2_bsp.dir/HAL/src/alt_iic.c.obj
[  7%] Building C object nios_bsp/CMakeFiles/hal2_bsp.dir/HAL/src/alt_lseek.c.obj
[ 13%] Building C object nios_bsp/CMakeFiles/hal2_bsp.dir/HAL/src/alt_release_fd.c.obj
[ 11%] Building C object nios_bsp/CMakeFiles/hal2_bsp.dir/drivers/mtm/drivers_common/src/intel_vvp_core.c.obj
[ 13%] Building C object nios_bsp/CMakeFiles/hal2_bsp.dir/HAL/src/alt_dcache_flush_all.c.obj
[ 20%] Building C object nios_bsp/CMakeFiles/hal2_bsp.dir/HAL/src/intel_fpga_api_cmn_msg.c.obj
[ 22%] Building C object nios_bsp/CMakeFiles/hal2_bsp.dir/HAL/src/alt_dma_rxchan_open.c.obj
[ 14%] Building C object nios_bsp/CMakeFiles/hal2_bsp.dir/HAL/src/alt_dcache_flush_no_writeback.c.obj
[ 11%] Building C object nios_bsp/CMakeFiles/hal2_bsp.dir/HAL/src/alt_find_dev.c.obj
[ 25%] Building C object nios_bsp/CMakeFiles/hal2_bsp.dir/drivers/src/altera_avalon_jtag_uart_read.c.obj
[  8%] Building C object nios_bsp/CMakeFiles/hal2_bsp.dir/HAL/src/alt_write.c.obj
[ 18%] Building ASM object nios_bsp/CMakeFiles/hal2_bsp.dir/HAL/src/alt_mcount.S.obj
[  7%] Building C object nios_bsp/CMakeFiles/hal2_bsp.dir/HAL/src/alt_fcntl.c.obj
[ 10%] Building C object nios_bsp/CMakeFiles/hal2_bsp.dir/HAL/src/alt_read.c.obj
[ 21%] Building C object nios_bsp/CMakeFiles/hal2_bsp.dir/HAL/src/alt_sbrk.c.obj
[ 22%] Building C object nios_bsp/CMakeFiles/hal2_bsp.dir/drivers/src/altera_avalon_jtag_uart_write.c.obj
[ 17%] Building C object nios_bsp/CMakeFiles/hal2_bsp.dir/HAL/src/alt_isatty.c.obj
[ 26%] Building C object nios_bsp/CMakeFiles/hal2_bsp.dir/alt_sys_init.c.obj
[ 22%] Building C object nios_bsp/CMakeFiles/hal2_bsp.dir/HAL/src/alt_alarm_start.c.obj
[ 28%] Building C object nios_bsp/CMakeFiles/hal2_bsp.dir/HAL/src/alt_ecc_error_inject.c.obj
[ 16%] Building C object nios_bsp/CMakeFiles/hal2_bsp.dir/HAL/src/intel_fpga_api_cmn_inf.c.obj
[ 19%] Building C object nios_bsp/CMakeFiles/hal2_bsp.dir/HAL/src/alt_flash_dev.c.obj
[ 16%] Building C object nios_bsp/CMakeFiles/hal2_bsp.dir/HAL/src/intel_fpga_api_cmn_dfl.c.obj
[ 15%] Building C object nios_bsp/CMakeFiles/hal2_bsp.dir/HAL/src/alt_ioctl.c.obj
[ 32%] Building C object nios_bsp/CMakeFiles/hal2_bsp.dir/HAL/src/alt_iic_isr_register.c.obj
[ 24%] Building C object nios_bsp/CMakeFiles/hal2_bsp.dir/HAL/src/intel_fpga_platform_api_niosv.c.obj
[ 23%] Building C object nios_bsp/CMakeFiles/hal2_bsp.dir/HAL/src/alt_vic_isr_wrapper.c.obj
[ 30%] Building C object nios_bsp/CMakeFiles/hal2_bsp.dir/HAL/src/alt_close.c.obj
[ 39%] Building C object nios_bsp/CMakeFiles/hal2_bsp.dir/HAL/src/alt_gmon.c.obj
[ 39%] Building ASM object nios_bsp/CMakeFiles/hal2_bsp.dir/HAL/src/machine_trap.S.obj
[ 31%] Building C object nios_bsp/CMakeFiles/hal2_bsp.dir/HAL/src/alt_fstat.c.obj
[ 19%] Building C object nios_bsp/CMakeFiles/hal2_bsp.dir/HAL/src/alt_ecc_exception.c.obj
[ 27%] Building ASM object nios_bsp/CMakeFiles/hal2_bsp.dir/HAL/src/crt0.S.obj
[ 39%] Building C object nios_bsp/CMakeFiles/hal2_bsp.dir/HAL/src/alt_irq_handler.c.obj
[ 40%] Building C object nios_bsp/CMakeFiles/hal2_bsp.dir/HAL/src/alt_fs_reg.c.obj
[ 47%] Building C object nios_bsp/CMakeFiles/hal2_bsp.dir/HAL/src/intel_niosv_irq.c.obj
[ 35%] Building C object nios_bsp/CMakeFiles/hal2_bsp.dir/HAL/src/mtimer.c.obj
[ 41%] Building ASM object nios_bsp/CMakeFiles/hal2_bsp.dir/HAL/src/alt_vic_vector_table.S.obj
[ 48%] Building C object nios_bsp/CMakeFiles/hal2_bsp.dir/HAL/src/alt_fd_unlock.c.obj
[ 38%] Building C object nios_bsp/CMakeFiles/hal2_bsp.dir/HAL/src/alt_instruction_exception_register.c.obj
[ 34%] Building C object nios_bsp/CMakeFiles/hal2_bsp.dir/HAL/src/alt_dma_txchan_open.c.obj
[ 43%] Building C object nios_bsp/CMakeFiles/hal2_bsp.dir/drivers/src/altera_avalon_sysid_qsys.c.obj
[ 29%] Building C object nios_bsp/CMakeFiles/hal2_bsp.dir/HAL/src/alt_dcache_flush.c.obj
[ 53%] Building C object nios_bsp/CMakeFiles/hal2_bsp.dir/HAL/src/intel_fpga_api_niosv.c.obj
[ 50%] Building C object nios_bsp/CMakeFiles/hal2_bsp.dir/HAL/src/alt_tick.c.obj
[ 42%] Building C object nios_bsp/CMakeFiles/hal2_bsp.dir/HAL/src/alt_fd_lock.c.obj
[ 37%] Building C object nios_bsp/CMakeFiles/hal2_bsp.dir/drivers/mtm/drivers_common/HAL/src/intel_vvp_core_irq.c.obj
[ 52%] Building C object nios_bsp/CMakeFiles/hal2_bsp.dir/drivers/src/altera_avalon_jtag_uart_ioctl.c.obj
[ 46%] Building C object nios_bsp/CMakeFiles/hal2_bsp.dir/HAL/src/alt_dev.c.obj
[ 49%] Building C object nios_bsp/CMakeFiles/hal2_bsp.dir/drivers/mtm/intel_vvp_vfr/src/intel_vvp_vfr.c.obj
[ 54%] Building C object nios_bsp/CMakeFiles/hal2_bsp.dir/HAL/src/alt_open.c.obj
[ 46%] Building C object nios_bsp/CMakeFiles/hal2_bsp.dir/drivers/src/altera_avalon_jtag_uart_init.c.obj
[ 44%] Building C object nios_bsp/CMakeFiles/hal2_bsp.dir/HAL/src/alt_io_redirect.c.obj
[ 55%] Building C object nios_bsp/CMakeFiles/hal2_bsp.dir/drivers/src/altera_avalon_jtag_uart_fd.c.obj
[ 36%] Building C object nios_bsp/CMakeFiles/hal2_bsp.dir/HAL/src/alt_busy_sleep.c.obj
[ 51%] Building C object nios_bsp/CMakeFiles/hal2_bsp.dir/HAL/src/alt_icache_flush.c.obj
[ 54%] Building C object nios_bsp/CMakeFiles/hal2_bsp.dir/HAL/src/alt_main.c.obj
[ 33%] Building C object nios_bsp/CMakeFiles/hal2_bsp.dir/HAL/src/alt_get_fd.c.obj
[ 55%] Linking C static library libhal2_bsp.a
[ 84%] Built target hal2_bsp
[ 85%] Building C object CMakeFiles/nios_app.elf.dir/glue.c.obj
[ 87%] Building C object CMakeFiles/nios_app.elf.dir/terasic_sdcard/sd_lib.c.obj
[ 88%] Building CXX object CMakeFiles/nios_app.elf.dir/main.cpp.obj
[ 86%] Building C object CMakeFiles/nios_app.elf.dir/terasic_sdcard/debug.c.obj
D:/dev_2025/a3sk_revA/pricture_viewer_new/software/nios_app/glue.c: In function 'RAM_disk_status':
D:/dev_2025/a3sk_revA/pricture_viewer_new/software/nios_app/glue.c:123:1: warning: control reaches end of non-void function [-Wreturn-type]
  123 | }
      | ^
D:/dev_2025/a3sk_revA/pricture_viewer_new/software/nios_app/glue.c: In function 'RAM_disk_initialize':
D:/dev_2025/a3sk_revA/pricture_viewer_new/software/nios_app/glue.c:127:1: warning: control reaches end of non-void function [-Wreturn-type]
  127 | }
      | ^
D:/dev_2025/a3sk_revA/pricture_viewer_new/software/nios_app/glue.c: In function 'RAM_disk_read':
D:/dev_2025/a3sk_revA/pricture_viewer_new/software/nios_app/glue.c:135:1: warning: control reaches end of non-void function [-Wreturn-type]
  135 | }
      | ^
D:/dev_2025/a3sk_revA/pricture_viewer_new/software/nios_app/glue.c: In function 'RAM_disk_write':
D:/dev_2025/a3sk_revA/pricture_viewer_new/software/nios_app/glue.c:143:1: warning: control reaches end of non-void function [-Wreturn-type]
  143 | }
      | ^
D:/dev_2025/a3sk_revA/pricture_viewer_new/software/nios_app/glue.c: In function 'USB_disk_status':
D:/dev_2025/a3sk_revA/pricture_viewer_new/software/nios_app/glue.c:148:1: warning: control reaches end of non-void function [-Wreturn-type]
  148 | }
      | ^
D:/dev_2025/a3sk_revA/pricture_viewer_new/software/nios_app/glue.c: In function 'USB_disk_initialize':
D:/dev_2025/a3sk_revA/pricture_viewer_new/software/nios_app/glue.c:152:1: warning: control reaches end of non-void function [-Wreturn-type]
  152 | }
      | ^
D:/dev_2025/a3sk_revA/pricture_viewer_new/software/nios_app/glue.c: In function 'USB_disk_read':
D:/dev_2025/a3sk_revA/pricture_viewer_new/software/nios_app/glue.c:160:1: warning: control reaches end of non-void function [-Wreturn-type]
  160 | }
      | ^
D:/dev_2025/a3sk_revA/pricture_viewer_new/software/nios_app/glue.c: In function 'USB_disk_write':
D:/dev_2025/a3sk_revA/pricture_viewer_new/software/nios_app/glue.c:168:1: warning: control reaches end of non-void function [-Wreturn-type]
  168 | }
      | ^
[ 86%] Building C object CMakeFiles/nios_app.elf.dir/terasic_sdcard/crc7.c.obj
D:/dev_2025/a3sk_revA/pricture_viewer_new/software/nios_app/terasic_sdcard/sd_lib.c: In function 'SDLIB_WriteBlock512':
D:/dev_2025/a3sk_revA/pricture_viewer_new/software/nios_app/terasic_sdcard/sd_lib.c:329:32: warning: passing argument 1 of 'SD_WriteData512' discards 'const' qualifier from pointer target type [-Wdiscarded-qualifiers]
  329 |     bSuccess = SD_WriteData512(szDataWrite);  // Write 512 bytes
      |                                ^~~~~~~~~~~
In file included from D:/dev_2025/a3sk_revA/pricture_viewer_new/software/nios_app/terasic_sdcard/sd_lib.c:45:
D:/dev_2025/a3sk_revA/pricture_viewer_new/software/nios_app/terasic_sdcard/sd_protocol.h:60:29: note: expected 'alt_u8 *' {aka 'unsigned char *'} but argument is of type 'const alt_u8 *' {aka 'const unsigned char *'}
   60 | bool SD_WriteData512(alt_u8 szDataWrite[]);
      |                      ~~~~~~~^~~~~~~~~~~~~
[ 90%] Building CXX object CMakeFiles/nios_app.elf.dir/VVP_FR.cpp.obj
D:/dev_2025/a3sk_revA/pricture_viewer_new/software/nios_app/terasic_sdcard/debug.c: In function 'debug_output':
D:/dev_2025/a3sk_revA/pricture_viewer_new/software/nios_app/terasic_sdcard/debug.c:55:5: warning: format not a string literal and no format arguments [-Wformat-security]
   55 |     printf(pMessage);
      |     ^~~~~~
D:/dev_2025/a3sk_revA/pricture_viewer_new/software/nios_app/terasic_sdcard/debug.c: In function 'myprintf_hexarray':
D:/dev_2025/a3sk_revA/pricture_viewer_new/software/nios_app/terasic_sdcard/debug.c:83:17: warning: pointer targets in passing argument 1 of 'sprintf' differ in signedness [-Wpointer-sign]
   83 |         sprintf(szText, "[%02X]", *(pHex+i));
      |                 ^~~~~~
      |                 |
      |                 unsigned char *
In file included from D:/dev_2025/a3sk_revA/pricture_viewer_new/software/nios_app/terasic_sdcard/debug.c:33:
C:/altera_pro/25.1/riscfree/toolchain/riscv32-unknown-elf/riscv32-unknown-elf/include/stdio.h:250:18: note: expected 'char * restrict' but argument is of type 'unsigned char *'
  250 | int     sprintf (char *__restrict, const char *__restrict, ...)
      |                  ^
In file included from D:/dev_2025/a3sk_revA/pricture_viewer_new/software/nios_app/terasic_sdcard/debug.c:36:
D:/dev_2025/a3sk_revA/pricture_viewer_new/software/nios_app/terasic_sdcard/debug.c:84:16: warning: pointer targets in passing argument 1 of 'myprintf' differ in signedness [-Wpointer-sign]
   84 |         DEBUG((szText));
      |                ^~~~~~
      |                |
      |                unsigned char *
D:/dev_2025/a3sk_revA/pricture_viewer_new/software/nios_app/terasic_sdcard/debug.h:72:46: note: in definition of macro 'DEBUG'
   72 |     #define DEBUG(x)               {myprintf x;}  // standard in/out, specifed in project (it could be uart, jtag, or lcd)
      |                                              ^
D:/dev_2025/a3sk_revA/pricture_viewer_new/software/nios_app/terasic_sdcard/debug.c:64:20: note: expected 'char *' but argument is of type 'unsigned char *'
   64 | int myprintf(char *format, ...){
      |              ~~~~~~^~~~~~
[ 89%] Building C object CMakeFiles/nios_app.elf.dir/terasic_sdcard/sd_protocol.c.obj
[ 91%] Building CXX object CMakeFiles/nios_app.elf.dir/VVP_CORE.cpp.obj
D:/dev_2025/a3sk_revA/pricture_viewer_new/software/nios_app/terasic_sdcard/sd_protocol.c: In function 'SD_CMD0':
D:/dev_2025/a3sk_revA/pricture_viewer_new/software/nios_app/terasic_sdcard/sd_protocol.c:174:11: warning: implicit declaration of function 'crc7' [-Wimplicit-function-declaration]
  174 |     crc = crc7(0, szCmd, 5);
      |           ^~~~
D:/dev_2025/a3sk_revA/pricture_viewer_new/software/nios_app/terasic_sdcard/sd_protocol.c: In function 'SD_CMD9':
D:/dev_2025/a3sk_revA/pricture_viewer_new/software/nios_app/terasic_sdcard/sd_protocol.c:548:12: warning: 'nCopyLen' may be used uninitialized [-Wmaybe-uninitialized]
  548 |         if (nCopyLen > 16)
      |            ^
D:/dev_2025/a3sk_revA/pricture_viewer_new/software/nios_app/terasic_sdcard/sd_protocol.c:547:13: note: 'nCopyLen' was declared here
  547 |         int nCopyLen, x;
      |             ^~~~~~~~
D:/dev_2025/a3sk_revA/pricture_viewer_new/software/nios_app/terasic_sdcard/sd_protocol.c: In function 'SD_CMD10':
D:/dev_2025/a3sk_revA/pricture_viewer_new/software/nios_app/terasic_sdcard/sd_protocol.c:603:12: warning: 'nCopyLen' may be used uninitialized [-Wmaybe-uninitialized]
  603 |         if (nCopyLen > 16)
      |            ^
D:/dev_2025/a3sk_revA/pricture_viewer_new/software/nios_app/terasic_sdcard/sd_protocol.c:602:13: note: 'nCopyLen' was declared here
  602 |         int nCopyLen, x;
      |             ^~~~~~~~
D:/dev_2025/a3sk_revA/pricture_viewer_new/software/nios_app/VVP_FR.cpp: In member function 'virtual void VVP_FR::ShowStatus()':
D:/dev_2025/a3sk_revA/pricture_viewer_new/software/nios_app/VVP_FR.cpp:43:19: warning: unused variable 'status' [-Wunused-variable]
   43 |         uint32_t  status, value32;
      |                   ^~~~~~
D:/dev_2025/a3sk_revA/pricture_viewer_new/software/nios_app/VVP_FR.cpp:43:27: warning: unused variable 'value32' [-Wunused-variable]
   43 |         uint32_t  status, value32;
      |                           ^~~~~~~
D:/dev_2025/a3sk_revA/pricture_viewer_new/software/nios_app/VVP_CORE.cpp: In member function 'void VVP_CORE::DumpRegister(REG_INFO*, int)':
D:/dev_2025/a3sk_revA/pricture_viewer_new/software/nios_app/VVP_CORE.cpp:32:30: warning: format '%d' expects argument of type 'int', but argument 3 has type 'uint32_t' {aka 'long unsigned int'} [-Wformat=]
   32 |                 printf("%s: %d (%xh)\r\n", szRegInfo[i].szHint, value32 & szRegInfo[i].ValueMask, value32);
      |                             ~^                                  ~~~~~~~~~~~~~~~~~~~~~~~~~~~~~~~~
      |                              |                                          |
      |                              int                                        uint32_t {aka long unsigned int}
      |                             %ld
D:/dev_2025/a3sk_revA/pricture_viewer_new/software/nios_app/VVP_CORE.cpp:32:34: warning: format '%x' expects argument of type 'unsigned int', but argument 4 has type 'uint32_t' {aka 'long unsigned int'} [-Wformat=]
   32 |                 printf("%s: %d (%xh)\r\n", szRegInfo[i].szHint, value32 & szRegInfo[i].ValueMask, value32);
      |                                 ~^                                                                ~~~~~~~
      |                                  |                                                                |
      |                                  unsigned int                                                     uint32_t {aka long unsigned int}
      |                                 %lx
[ 92%] Linking CXX executable nios_app.elf
C:/altera_pro/25.1/riscfree/toolchain/riscv32-unknown-elf/bin/../lib/gcc/riscv32-unknown-elf/13.2.0/../../../../riscv32-unknown-elf/bin/ld.exe: CMakeFiles/nios_app.elf.dir/main.cpp.obj: in function `ff_test_write()':
D:/dev_2025/a3sk_revA/pricture_viewer_new/software/nios_app/main.cpp:661:(.text+0x14fc): undefined reference to `SDLIB_Init()'
collect2.exe: error: ld returned 1 exit status
make[2]: *** [CMakeFiles/nios_app.elf.dir/build.make:309: nios_app.elf] Error 1
make[1]: *** [CMakeFiles/Makefile2:118: CMakeFiles/nios_app.elf.dir/all] Error 2
make: *** [Makefile:91: all] Error 2
"C:/altera_pro/25.1/riscfree/build_tools/bin/make.exe -j all" terminated with exit code 2. Build might be incomplete.
11:36:11 **** Clean-only build of configuration Debug for project nios_app ****
"C:\\altera_pro\\25.1\\riscfree\\build_tools\\bin\\make.exe" -j clean 
11:36:21 **** Build of configuration Debug for project nios_app ****
"C:\\altera_pro\\25.1\\riscfree\\build_tools\\bin\\make.exe" -j all 
[  1%] Building ASM object nios_bsp/CMakeFiles/hal2_bsp.dir/HAL/src/alt_ecc_exception_entry.S.obj
[  4%] Building ASM object nios_bsp/CMakeFiles/hal2_bsp.dir/HAL/src/alt_log_macro.S.obj
[  3%] Building C object nios_bsp/CMakeFiles/hal2_bsp.dir/HAL/src/alt_ecc_error_inject.c.obj
[  3%] Building C object nios_bsp/CMakeFiles/hal2_bsp.dir/HAL/src/alt_fd_lock.c.obj
[  8%] Building C object nios_bsp/CMakeFiles/hal2_bsp.dir/HAL/src/alt_dcache_flush_no_writeback.c.obj
[  5%] Building C object nios_bsp/CMakeFiles/hal2_bsp.dir/HAL/src/alt_dcache_flush_all.c.obj
[  7%] Building C object nios_bsp/CMakeFiles/hal2_bsp.dir/HAL/src/alt_dcache_flush.c.obj
[ 14%] Building C object nios_bsp/CMakeFiles/hal2_bsp.dir/HAL/src/alt_find_dev.c.obj
[  9%] Building ASM object nios_bsp/CMakeFiles/hal2_bsp.dir/HAL/src/crt0.S.obj
[ 16%] Building C object nios_bsp/CMakeFiles/hal2_bsp.dir/HAL/src/alt_fork.c.obj
[ 10%] Building C object nios_bsp/CMakeFiles/hal2_bsp.dir/HAL/src/alt_dev_llist_insert.c.obj
[ 15%] Building ASM object nios_bsp/CMakeFiles/hal2_bsp.dir/HAL/src/machine_trap.S.obj
[ 14%] Building C object nios_bsp/CMakeFiles/hal2_bsp.dir/HAL/src/alt_flash_dev.c.obj
[ 19%] Building C object nios_bsp/CMakeFiles/hal2_bsp.dir/HAL/src/alt_fd_unlock.c.obj
[ 17%] Building C object nios_bsp/CMakeFiles/hal2_bsp.dir/HAL/src/alt_fcntl.c.obj
[ 20%] Building C object nios_bsp/CMakeFiles/hal2_bsp.dir/HAL/src/alt_dma_rxchan_open.c.obj
[  6%] Building C object nios_bsp/CMakeFiles/hal2_bsp.dir/HAL/src/alt_find_file.c.obj
[ 25%] Building C object nios_bsp/CMakeFiles/hal2_bsp.dir/HAL/src/alt_fs_reg.c.obj
[ 30%] Building C object nios_bsp/CMakeFiles/hal2_bsp.dir/HAL/src/alt_fstat.c.obj
[ 20%] Building C object nios_bsp/CMakeFiles/hal2_bsp.dir/HAL/src/alt_do_dtors.c.obj
[ 32%] Building C object nios_bsp/CMakeFiles/hal2_bsp.dir/HAL/src/alt_gettod.c.obj
[ 30%] Building C object nios_bsp/CMakeFiles/hal2_bsp.dir/HAL/src/alt_env_lock.c.obj
[ 22%] Building C object nios_bsp/CMakeFiles/hal2_bsp.dir/HAL/src/alt_ecc_exception.c.obj
[ 27%] Building C object nios_bsp/CMakeFiles/hal2_bsp.dir/HAL/src/alt_getpid.c.obj
[ 30%] Building C object nios_bsp/CMakeFiles/hal2_bsp.dir/HAL/src/alt_alarm_start.c.obj
[ 26%] Building C object nios_bsp/CMakeFiles/hal2_bsp.dir/HAL/src/alt_exit.c.obj
[ 34%] Building C object nios_bsp/CMakeFiles/hal2_bsp.dir/HAL/src/alt_close.c.obj
[ 33%] Building C object nios_bsp/CMakeFiles/hal2_bsp.dir/HAL/src/alt_gmon.c.obj
[ 31%] Building C object nios_bsp/CMakeFiles/hal2_bsp.dir/HAL/src/alt_do_ctors.c.obj
[ 21%] Building C object nios_bsp/CMakeFiles/hal2_bsp.dir/HAL/src/alt_busy_sleep.c.obj
[ 35%] Building C object nios_bsp/CMakeFiles/hal2_bsp.dir/HAL/src/alt_icache_flush_all.c.obj
[ 12%] Building ASM object nios_bsp/CMakeFiles/hal2_bsp.dir/HAL/src/alt_vic_vector_table.S.obj
[ 30%] Building C object nios_bsp/CMakeFiles/hal2_bsp.dir/HAL/src/alt_get_fd.c.obj
[ 13%] Building C object nios_bsp/CMakeFiles/hal2_bsp.dir/HAL/src/alt_dev.c.obj
[ 24%] Building C object nios_bsp/CMakeFiles/hal2_bsp.dir/HAL/src/alt_getchar.c.obj
[ 36%] Building C object nios_bsp/CMakeFiles/hal2_bsp.dir/HAL/src/alt_irq_handler.c.obj
[ 23%] Building C object nios_bsp/CMakeFiles/hal2_bsp.dir/HAL/src/alt_environ.c.obj
[ 18%] Building C object nios_bsp/CMakeFiles/hal2_bsp.dir/HAL/src/alt_dma_txchan_open.c.obj
[ 38%] Building C object nios_bsp/CMakeFiles/hal2_bsp.dir/HAL/src/alt_putchar.c.obj
[ 46%] Building C object nios_bsp/CMakeFiles/hal2_bsp.dir/HAL/src/alt_putcharbuf.c.obj
[ 36%] Building C object nios_bsp/CMakeFiles/hal2_bsp.dir/HAL/src/alt_io_redirect.c.obj
[ 34%] Building C object nios_bsp/CMakeFiles/hal2_bsp.dir/HAL/src/alt_errno.c.obj
[ 39%] Building C object nios_bsp/CMakeFiles/hal2_bsp.dir/HAL/src/alt_iic_isr_register.c.obj
[ 40%] Building C object nios_bsp/CMakeFiles/hal2_bsp.dir/HAL/src/alt_instruction_exception_register.c.obj
[ 42%] Building C object nios_bsp/CMakeFiles/hal2_bsp.dir/HAL/src/alt_main.c.obj
[ 11%] Building ASM object nios_bsp/CMakeFiles/hal2_bsp.dir/HAL/src/alt_mcount.S.obj
[ 48%] Building C object nios_bsp/CMakeFiles/hal2_bsp.dir/HAL/src/alt_unlink.c.obj
[ 37%] Building C object nios_bsp/CMakeFiles/hal2_bsp.dir/HAL/src/alt_isatty.c.obj
[ 49%] Building C object nios_bsp/CMakeFiles/hal2_bsp.dir/HAL/src/alt_link.c.obj
[ 42%] Building C object nios_bsp/CMakeFiles/hal2_bsp.dir/HAL/src/alt_remap_uncached.c.obj
[ 53%] Building C object nios_bsp/CMakeFiles/hal2_bsp.dir/HAL/src/alt_load.c.obj
[ 41%] Building C object nios_bsp/CMakeFiles/hal2_bsp.dir/HAL/src/alt_settod.c.obj
[ 57%] Building C object nios_bsp/CMakeFiles/hal2_bsp.dir/HAL/src/intel_fpga_api_cmn_msg.c.obj
[ 54%] Building C object nios_bsp/CMakeFiles/hal2_bsp.dir/HAL/src/alt_rename.c.obj
[ 47%] Building C object nios_bsp/CMakeFiles/hal2_bsp.dir/HAL/src/alt_wait.c.obj
[ 60%] Building C object nios_bsp/CMakeFiles/hal2_bsp.dir/HAL/src/alt_uncached_free.c.obj
[ 50%] Building C object nios_bsp/CMakeFiles/hal2_bsp.dir/HAL/src/alt_uncached_malloc.c.obj
[ 62%] Building C object nios_bsp/CMakeFiles/hal2_bsp.dir/HAL/src/alt_tick.c.obj
[ 43%] Building C object nios_bsp/CMakeFiles/hal2_bsp.dir/HAL/src/alt_times.c.obj
[ 52%] Building C object nios_bsp/CMakeFiles/hal2_bsp.dir/drivers/src/altera_avalon_jtag_uart_init.c.obj
[ 63%] Building C object nios_bsp/CMakeFiles/hal2_bsp.dir/HAL/src/alt_stat.c.obj
[ 44%] Building C object nios_bsp/CMakeFiles/hal2_bsp.dir/HAL/src/alt_iic.c.obj
[ 59%] Building C object nios_bsp/CMakeFiles/hal2_bsp.dir/drivers/src/altera_avalon_jtag_uart_ioctl.c.obj
[ 33%] Building C object nios_bsp/CMakeFiles/hal2_bsp.dir/HAL/src/alt_execve.c.obj
[ 61%] Building C object nios_bsp/CMakeFiles/hal2_bsp.dir/HAL/src/alt_read.c.obj
[ 71%] Building C object nios_bsp/CMakeFiles/hal2_bsp.dir/HAL/src/alt_usleep.c.obj
[ 51%] Building C object nios_bsp/CMakeFiles/hal2_bsp.dir/HAL/src/alt_printf.c.obj
[ 64%] Building C object nios_bsp/CMakeFiles/hal2_bsp.dir/HAL/src/alt_release_fd.c.obj
[ 68%] Building C object nios_bsp/CMakeFiles/hal2_bsp.dir/HAL/src/alt_tls.c.obj
[ 60%] Building C object nios_bsp/CMakeFiles/hal2_bsp.dir/HAL/src/intel_fpga_api_niosv.c.obj
[ 70%] Building C object nios_bsp/CMakeFiles/hal2_bsp.dir/HAL/src/alt_vic_isr_wrapper.c.obj
[ 45%] Building C object nios_bsp/CMakeFiles/hal2_bsp.dir/HAL/src/alt_icache_flush.c.obj
[ 67%] Building C object nios_bsp/CMakeFiles/hal2_bsp.dir/drivers/src/altera_avalon_sysid_qsys.c.obj
[ 65%] Building C object nios_bsp/CMakeFiles/hal2_bsp.dir/HAL/src/intel_niosv_irq.c.obj
[ 73%] Building C object nios_bsp/CMakeFiles/hal2_bsp.dir/HAL/src/intel_fpga_api_cmn_dfl.c.obj
[ 78%] Building C object nios_bsp/CMakeFiles/hal2_bsp.dir/HAL/src/alt_open.c.obj
[ 72%] Building C object nios_bsp/CMakeFiles/hal2_bsp.dir/HAL/src/alt_remap_cached.c.obj
[ 56%] Building C object nios_bsp/CMakeFiles/hal2_bsp.dir/HAL/src/alt_ioctl.c.obj
[ 55%] Building C object nios_bsp/CMakeFiles/hal2_bsp.dir/HAL/src/alt_log_printf.c.obj
[ 66%] Building C object nios_bsp/CMakeFiles/hal2_bsp.dir/HAL/src/alt_putstr.c.obj
[ 79%] Building C object nios_bsp/CMakeFiles/hal2_bsp.dir/HAL/src/alt_sbrk.c.obj
[ 58%] Building C object nios_bsp/CMakeFiles/hal2_bsp.dir/HAL/src/alt_kill.c.obj
[ 74%] Building C object nios_bsp/CMakeFiles/hal2_bsp.dir/HAL/src/alt_write.c.obj
[ 75%] Building C object nios_bsp/CMakeFiles/hal2_bsp.dir/alt_sys_init.c.obj
[ 82%] Building C object nios_bsp/CMakeFiles/hal2_bsp.dir/drivers/src/altera_avalon_jtag_uart_write.c.obj
[ 76%] Building C object nios_bsp/CMakeFiles/hal2_bsp.dir/HAL/src/intel_fpga_platform_api_niosv.c.obj
[ 80%] Building C object nios_bsp/CMakeFiles/hal2_bsp.dir/drivers/mtm/drivers_common/HAL/src/intel_vvp_core_irq.c.obj
[ 81%] Building C object nios_bsp/CMakeFiles/hal2_bsp.dir/drivers/src/altera_avalon_jtag_uart_read.c.obj
[ 69%] Building C object nios_bsp/CMakeFiles/hal2_bsp.dir/drivers/src/altera_avalon_jtag_uart_fd.c.obj
[ 78%] Building C object nios_bsp/CMakeFiles/hal2_bsp.dir/HAL/src/alt_lseek.c.obj
[ 83%] Building C object nios_bsp/CMakeFiles/hal2_bsp.dir/drivers/mtm/drivers_common/src/intel_vvp_core.c.obj
[ 77%] Building C object nios_bsp/CMakeFiles/hal2_bsp.dir/HAL/src/mtimer.c.obj
[ 84%] Building C object nios_bsp/CMakeFiles/hal2_bsp.dir/drivers/mtm/intel_vvp_vfr/src/intel_vvp_vfr.c.obj
[ 83%] Building C object nios_bsp/CMakeFiles/hal2_bsp.dir/HAL/src/alt_malloc_lock.c.obj
[ 83%] Building C object nios_bsp/CMakeFiles/hal2_bsp.dir/HAL/src/intel_fpga_api_cmn_inf.c.obj
[ 84%] Linking C static library libhal2_bsp.a
[ 84%] Built target hal2_bsp
[ 84%] Building C object CMakeFiles/nios_app.elf.dir/terasic_sdcard/crc7.c.obj
[ 85%] Building C object CMakeFiles/nios_app.elf.dir/diskio.c.obj
D:/dev_2025/a3sk_revA/pricture_viewer_new/software/nios_app/diskio.c: In function 'disk_ioctl':
D:/dev_2025/a3sk_revA/pricture_viewer_new/software/nios_app/diskio.c:216:13: warning: unused variable 'result' [-Wunused-variable]
  216 |         int result;
      |             ^~~~~~
D:/dev_2025/a3sk_revA/pricture_viewer_new/software/nios_app/diskio.c: In function 'disk_status':
D:/dev_2025/a3sk_revA/pricture_viewer_new/software/nios_app/diskio.c:43:24: warning: 'stat' may be used uninitialized [-Wmaybe-uninitialized]
   43 |                 return stat;
      |                        ^~~~
D:/dev_2025/a3sk_revA/pricture_viewer_new/software/nios_app/diskio.c:34:17: note: 'stat' was declared here
   34 |         DSTATUS stat;
      |                 ^~~~
D:/dev_2025/a3sk_revA/pricture_viewer_new/software/nios_app/diskio.c: In function 'disk_read':
D:/dev_2025/a3sk_revA/pricture_viewer_new/software/nios_app/diskio.c:126:24: warning: 'res' may be used uninitialized [-Wmaybe-uninitialized]
  126 |                 return res;
      |                        ^~~
D:/dev_2025/a3sk_revA/pricture_viewer_new/software/nios_app/diskio.c:115:17: note: 'res' was declared here
  115 |         DRESULT res;
      |                 ^~~
D:/dev_2025/a3sk_revA/pricture_viewer_new/software/nios_app/diskio.c: In function 'disk_write':
D:/dev_2025/a3sk_revA/pricture_viewer_new/software/nios_app/diskio.c:177:24: warning: 'res' may be used uninitialized [-Wmaybe-uninitialized]
  177 |                 return res;
      |                        ^~~
D:/dev_2025/a3sk_revA/pricture_viewer_new/software/nios_app/diskio.c:166:17: note: 'res' was declared here
  166 |         DRESULT res;
      |                 ^~~
D:/dev_2025/a3sk_revA/pricture_viewer_new/software/nios_app/diskio.c: In function 'disk_ioctl':
D:/dev_2025/a3sk_revA/pricture_viewer_new/software/nios_app/diskio.c:223:24: warning: 'res' may be used uninitialized [-Wmaybe-uninitialized]
  223 |                 return res;
      |                        ^~~
D:/dev_2025/a3sk_revA/pricture_viewer_new/software/nios_app/diskio.c:215:17: note: 'res' was declared here
  215 |         DRESULT res;
      |                 ^~~
[ 87%] Building C object CMakeFiles/nios_app.elf.dir/terasic_sdcard/sd_lib.c.obj
[ 86%] Building CXX object CMakeFiles/nios_app.elf.dir/VVP_FR.cpp.obj
D:/dev_2025/a3sk_revA/pricture_viewer_new/software/nios_app/terasic_sdcard/sd_lib.c: In function 'SDLIB_WriteBlock512':
D:/dev_2025/a3sk_revA/pricture_viewer_new/software/nios_app/terasic_sdcard/sd_lib.c:329:32: warning: passing argument 1 of 'SD_WriteData512' discards 'const' qualifier from pointer target type [-Wdiscarded-qualifiers]
  329 |     bSuccess = SD_WriteData512(szDataWrite);  // Write 512 bytes
      |                                ^~~~~~~~~~~
In file included from D:/dev_2025/a3sk_revA/pricture_viewer_new/software/nios_app/terasic_sdcard/sd_lib.c:45:
D:/dev_2025/a3sk_revA/pricture_viewer_new/software/nios_app/terasic_sdcard/sd_protocol.h:66:29: note: expected 'alt_u8 *' {aka 'unsigned char *'} but argument is of type 'const alt_u8 *' {aka 'const unsigned char *'}
   66 | bool SD_WriteData512(alt_u8 szDataWrite[]);
      |                      ~~~~~~~^~~~~~~~~~~~~
[ 89%] Building C object CMakeFiles/nios_app.elf.dir/mem_verify.c.obj
[ 92%] Building C object CMakeFiles/nios_app.elf.dir/ffunicode.c.obj
[ 88%] Building C object CMakeFiles/nios_app.elf.dir/Bitmap_File.c.obj
D:/dev_2025/a3sk_revA/pricture_viewer_new/software/nios_app/mem_verify.c: In function 'TMEM_Verify':
D:/dev_2025/a3sk_revA/pricture_viewer_new/software/nios_app/mem_verify.c:93:79: warning: format '%X' expects argument of type 'unsigned int', but argument 4 has type 'alt_64' {aka 'long long int'} [-Wformat=]
   93 |                     printf("verify ng, read=%08Xh, expected=%08Xh, WordIndex=%Xh\n", (int)*(pSrc-1), (int)szData[i], (nPos/my_data_size)+i);
      |                                                                              ~^                                      ~~~~~~~~~~~~~~~~~~~~~
      |                                                                               |                                                         |
      |                                                                               unsigned int                                              alt_64 {aka long long int}
      |                                                                              %llX
[ 90%] Building C object CMakeFiles/nios_app.elf.dir/ffsystem.c.obj
D:/dev_2025/a3sk_revA/pricture_viewer_new/software/nios_app/Bitmap_File.c: In function 'BMP_IsSupported':
D:/dev_2025/a3sk_revA/pricture_viewer_new/software/nios_app/Bitmap_File.c:26:17: warning: implicit declaration of function 'printf' [-Wimplicit-function-declaration]
   26 |                 printf("failed to open file - %s\r\n", pFilenamme);
      |                 ^~~~~~
D:/dev_2025/a3sk_revA/pricture_viewer_new/software/nios_app/Bitmap_File.c:12:1: note: include '<stdio.h>' or provide a declaration of 'printf'
   11 | #include "Bitmap_File.h"
  +++ |+#include <stdio.h>
   12 | 
D:/dev_2025/a3sk_revA/pricture_viewer_new/software/nios_app/Bitmap_File.c:26:17: warning: incompatible implicit declaration of built-in function 'printf' [-Wbuiltin-declaration-mismatch]
   26 |                 printf("failed to open file - %s\r\n", pFilenamme);
      |                 ^~~~~~
D:/dev_2025/a3sk_revA/pricture_viewer_new/software/nios_app/Bitmap_File.c:26:17: note: include '<stdio.h>' or provide a declaration of 'printf'
D:/dev_2025/a3sk_revA/pricture_viewer_new/software/nios_app/Bitmap_File.c: In function 'BMP_find_image_file':
D:/dev_2025/a3sk_revA/pricture_viewer_new/software/nios_app/Bitmap_File.c:64:17: warning: implicit declaration of function 'strcpy' [-Wimplicit-function-declaration]
   64 |                 strcpy(szFileList[nFileCnt], fno.fname);
      |                 ^~~~~~
D:/dev_2025/a3sk_revA/pricture_viewer_new/software/nios_app/Bitmap_File.c:12:1: note: include '<string.h>' or provide a declaration of 'strcpy'
   11 | #include "Bitmap_File.h"
  +++ |+#include <string.h>
   12 | 
D:/dev_2025/a3sk_revA/pricture_viewer_new/software/nios_app/Bitmap_File.c:64:17: warning: incompatible implicit declaration of built-in function 'strcpy' [-Wbuiltin-declaration-mismatch]
   64 |                 strcpy(szFileList[nFileCnt], fno.fname);
      |                 ^~~~~~
D:/dev_2025/a3sk_revA/pricture_viewer_new/software/nios_app/Bitmap_File.c:64:17: note: include '<string.h>' or provide a declaration of 'strcpy'
D:/dev_2025/a3sk_revA/pricture_viewer_new/software/nios_app/Bitmap_File.c: In function 'BMP_draw':
D:/dev_2025/a3sk_revA/pricture_viewer_new/software/nios_app/Bitmap_File.c:90:17: warning: incompatible implicit declaration of built-in function 'printf' [-Wbuiltin-declaration-mismatch]
   90 |                 printf("failed to open file - %s\r\n", pFilename);
      |                 ^~~~~~
D:/dev_2025/a3sk_revA/pricture_viewer_new/software/nios_app/Bitmap_File.c:90:17: note: include '<stdio.h>' or provide a declaration of 'printf'
[ 93%] Building C object CMakeFiles/nios_app.elf.dir/terasic_sdcard/sd_protocol.c.obj
[ 91%] Building C object CMakeFiles/nios_app.elf.dir/glue.c.obj
[ 96%] Building C object CMakeFiles/nios_app.elf.dir/ff.c.obj
[ 95%] Building CXX object CMakeFiles/nios_app.elf.dir/VVP_CORE.cpp.obj
[ 94%] Building C object CMakeFiles/nios_app.elf.dir/terasic_sdcard/debug.c.obj
D:/dev_2025/a3sk_revA/pricture_viewer_new/software/nios_app/terasic_sdcard/sd_protocol.c: In function 'SD_CMD0':
D:/dev_2025/a3sk_revA/pricture_viewer_new/software/nios_app/terasic_sdcard/sd_protocol.c:174:11: warning: implicit declaration of function 'crc7' [-Wimplicit-function-declaration]
  174 |     crc = crc7(0, szCmd, 5);
      |           ^~~~
D:/dev_2025/a3sk_revA/pricture_viewer_new/software/nios_app/terasic_sdcard/sd_protocol.c: In function 'SD_CMD9':
D:/dev_2025/a3sk_revA/pricture_viewer_new/software/nios_app/terasic_sdcard/sd_protocol.c:548:12: warning: 'nCopyLen' may be used uninitialized [-Wmaybe-uninitialized]
  548 |         if (nCopyLen > 16)
      |            ^
D:/dev_2025/a3sk_revA/pricture_viewer_new/software/nios_app/terasic_sdcard/sd_protocol.c:547:13: note: 'nCopyLen' was declared here
  547 |         int nCopyLen, x;
      |             ^~~~~~~~
D:/dev_2025/a3sk_revA/pricture_viewer_new/software/nios_app/terasic_sdcard/sd_protocol.c: In function 'SD_CMD10':
D:/dev_2025/a3sk_revA/pricture_viewer_new/software/nios_app/terasic_sdcard/sd_protocol.c:603:12: warning: 'nCopyLen' may be used uninitialized [-Wmaybe-uninitialized]
  603 |         if (nCopyLen > 16)
      |            ^
D:/dev_2025/a3sk_revA/pricture_viewer_new/software/nios_app/terasic_sdcard/sd_protocol.c:602:13: note: 'nCopyLen' was declared here
  602 |         int nCopyLen, x;
      |             ^~~~~~~~
D:/dev_2025/a3sk_revA/pricture_viewer_new/software/nios_app/glue.c: In function 'RAM_disk_status':
D:/dev_2025/a3sk_revA/pricture_viewer_new/software/nios_app/glue.c:123:1: warning: control reaches end of non-void function [-Wreturn-type]
  123 | }
      | ^
D:/dev_2025/a3sk_revA/pricture_viewer_new/software/nios_app/glue.c: In function 'RAM_disk_initialize':
D:/dev_2025/a3sk_revA/pricture_viewer_new/software/nios_app/glue.c:127:1: warning: control reaches end of non-void function [-Wreturn-type]
  127 | }
      | ^
D:/dev_2025/a3sk_revA/pricture_viewer_new/software/nios_app/glue.c: In function 'RAM_disk_read':
D:/dev_2025/a3sk_revA/pricture_viewer_new/software/nios_app/glue.c:135:1: warning: control reaches end of non-void function [-Wreturn-type]
  135 | }
      | ^
D:/dev_2025/a3sk_revA/pricture_viewer_new/software/nios_app/glue.c: In function 'RAM_disk_write':
D:/dev_2025/a3sk_revA/pricture_viewer_new/software/nios_app/glue.c:143:1: warning: control reaches end of non-void function [-Wreturn-type]
  143 | }
      | ^
D:/dev_2025/a3sk_revA/pricture_viewer_new/software/nios_app/glue.c: In function 'USB_disk_status':
D:/dev_2025/a3sk_revA/pricture_viewer_new/software/nios_app/glue.c:148:1: warning: control reaches end of non-void function [-Wreturn-type]
  148 | }
      | ^
D:/dev_2025/a3sk_revA/pricture_viewer_new/software/nios_app/glue.c: In function 'USB_disk_initialize':
D:/dev_2025/a3sk_revA/pricture_viewer_new/software/nios_app/glue.c:152:1: warning: control reaches end of non-void function [-Wreturn-type]
  152 | }
      | ^
D:/dev_2025/a3sk_revA/pricture_viewer_new/software/nios_app/glue.c: In function 'USB_disk_read':
D:/dev_2025/a3sk_revA/pricture_viewer_new/software/nios_app/glue.c:160:1: warning: control reaches end of non-void function [-Wreturn-type]
  160 | }
      | ^
D:/dev_2025/a3sk_revA/pricture_viewer_new/software/nios_app/glue.c: In function 'USB_disk_write':
D:/dev_2025/a3sk_revA/pricture_viewer_new/software/nios_app/glue.c:168:1: warning: control reaches end of non-void function [-Wreturn-type]
  168 | }
      | ^
D:/dev_2025/a3sk_revA/pricture_viewer_new/software/nios_app/terasic_sdcard/debug.c: In function 'debug_output':
D:/dev_2025/a3sk_revA/pricture_viewer_new/software/nios_app/terasic_sdcard/debug.c:55:5: warning: format not a string literal and no format arguments [-Wformat-security]
   55 |     printf(pMessage);
      |     ^~~~~~
D:/dev_2025/a3sk_revA/pricture_viewer_new/software/nios_app/terasic_sdcard/debug.c: In function 'myprintf_hexarray':
D:/dev_2025/a3sk_revA/pricture_viewer_new/software/nios_app/terasic_sdcard/debug.c:83:17: warning: pointer targets in passing argument 1 of 'sprintf' differ in signedness [-Wpointer-sign]
   83 |         sprintf(szText, "[%02X]", *(pHex+i));
      |                 ^~~~~~
      |                 |
      |                 unsigned char *
In file included from D:/dev_2025/a3sk_revA/pricture_viewer_new/software/nios_app/terasic_sdcard/debug.c:33:
C:/altera_pro/25.1/riscfree/toolchain/riscv32-unknown-elf/riscv32-unknown-elf/include/stdio.h:250:18: note: expected 'char * restrict' but argument is of type 'unsigned char *'
  250 | int     sprintf (char *__restrict, const char *__restrict, ...)
      |                  ^
In file included from D:/dev_2025/a3sk_revA/pricture_viewer_new/software/nios_app/terasic_sdcard/terasic_includes.h:59,
                 from D:/dev_2025/a3sk_revA/pricture_viewer_new/software/nios_app/terasic_sdcard/debug.c:35:
D:/dev_2025/a3sk_revA/pricture_viewer_new/software/nios_app/terasic_sdcard/debug.c:84:16: warning: pointer targets in passing argument 1 of 'myprintf' differ in signedness [-Wpointer-sign]
   84 |         DEBUG((szText));
      |                ^~~~~~
      |                |
      |                unsigned char *
D:/dev_2025/a3sk_revA/pricture_viewer_new/software/nios_app/terasic_sdcard/debug.h:75:46: note: in definition of macro 'DEBUG'
   75 |     #define DEBUG(x)               {myprintf x;}  // standard in/out, specifed in project (it could be uart, jtag, or lcd)
      |                                              ^
D:/dev_2025/a3sk_revA/pricture_viewer_new/software/nios_app/terasic_sdcard/debug.c:64:20: note: expected 'char *' but argument is of type 'unsigned char *'
   64 | int myprintf(char *format, ...){
      |              ~~~~~~^~~~~~
[ 97%] Building CXX object CMakeFiles/nios_app.elf.dir/main.cpp.obj
D:/dev_2025/a3sk_revA/pricture_viewer_new/software/nios_app/VVP_FR.cpp: In member function 'virtual void VVP_FR::ShowStatus()':
D:/dev_2025/a3sk_revA/pricture_viewer_new/software/nios_app/VVP_FR.cpp:43:19: warning: unused variable 'status' [-Wunused-variable]
   43 |         uint32_t  status, value32;
      |                   ^~~~~~
D:/dev_2025/a3sk_revA/pricture_viewer_new/software/nios_app/VVP_FR.cpp:43:27: warning: unused variable 'value32' [-Wunused-variable]
   43 |         uint32_t  status, value32;
      |                           ^~~~~~~
D:/dev_2025/a3sk_revA/pricture_viewer_new/software/nios_app/VVP_CORE.cpp: In member function 'void VVP_CORE::DumpRegister(REG_INFO*, int)':
D:/dev_2025/a3sk_revA/pricture_viewer_new/software/nios_app/VVP_CORE.cpp:32:30: warning: format '%d' expects argument of type 'int', but argument 3 has type 'uint32_t' {aka 'long unsigned int'} [-Wformat=]
   32 |                 printf("%s: %d (%xh)\r\n", szRegInfo[i].szHint, value32 & szRegInfo[i].ValueMask, value32);
      |                             ~^                                  ~~~~~~~~~~~~~~~~~~~~~~~~~~~~~~~~
      |                              |                                          |
      |                              int                                        uint32_t {aka long unsigned int}
      |                             %ld
D:/dev_2025/a3sk_revA/pricture_viewer_new/software/nios_app/VVP_CORE.cpp:32:34: warning: format '%x' expects argument of type 'unsigned int', but argument 4 has type 'uint32_t' {aka 'long unsigned int'} [-Wformat=]
   32 |                 printf("%s: %d (%xh)\r\n", szRegInfo[i].szHint, value32 & szRegInfo[i].ValueMask, value32);
      |                                 ~^                                                                ~~~~~~~
      |                                  |                                                                |
      |                                  unsigned int                                                     uint32_t {aka long unsigned int}
      |                                 %lx
[ 98%] Linking CXX executable nios_app.elf
C:/altera_pro/25.1/riscfree/toolchain/riscv32-unknown-elf/bin/../lib/gcc/riscv32-unknown-elf/13.2.0/../../../../riscv32-unknown-elf/bin/ld.exe: CMakeFiles/nios_app.elf.dir/Bitmap_File.c.obj: in function `BMP_find_image_file':
D:/dev_2025/a3sk_revA/pricture_viewer_new/software/nios_app/Bitmap_File.c:61:(.text+0x1d0): undefined reference to `f_findfirst'
C:/altera_pro/25.1/riscfree/toolchain/riscv32-unknown-elf/bin/../lib/gcc/riscv32-unknown-elf/13.2.0/../../../../riscv32-unknown-elf/bin/ld.exe: D:/dev_2025/a3sk_revA/pricture_viewer_new/software/nios_app/Bitmap_File.c:64:(.text+0x21c): undefined reference to `f_findnext'
collect2.exe: error: ld returned 1 exit status
make[2]: *** [CMakeFiles/nios_app.elf.dir/build.make:309: nios_app.elf] Error 1
make[1]: *** [CMakeFiles/Makefile2:118: CMakeFiles/nios_app.elf.dir/all] Error 2
make: *** [Makefile:91: all] Error 2
"C:/altera_pro/25.1/riscfree/build_tools/bin/make.exe -j all" terminated with exit code 2. Build might be incomplete.
11:39:07 **** Clean-only build of configuration Debug for project nios_app ****
"C:\\altera_pro\\25.1\\riscfree\\build_tools\\bin\\make.exe" -j clean 
11:41:16 **** Build of configuration Debug for project nios_app ****
"C:\\altera_pro\\25.1\\riscfree\\build_tools\\bin\\make.exe" -j all 
[  1%] Building C object nios_bsp/CMakeFiles/hal2_bsp.dir/HAL/src/alt_busy_sleep.c.obj
[  2%] Building C object nios_bsp/CMakeFiles/hal2_bsp.dir/HAL/src/alt_env_lock.c.obj
[  5%] Building ASM object nios_bsp/CMakeFiles/hal2_bsp.dir/HAL/src/machine_trap.S.obj
[  3%] Building ASM object nios_bsp/CMakeFiles/hal2_bsp.dir/HAL/src/crt0.S.obj
[  6%] Building C object nios_bsp/CMakeFiles/hal2_bsp.dir/HAL/src/alt_dcache_flush_no_writeback.c.obj
[  7%] Building C object nios_bsp/CMakeFiles/hal2_bsp.dir/HAL/src/alt_dcache_flush_all.c.obj
[ 11%] Building C object nios_bsp/CMakeFiles/hal2_bsp.dir/HAL/src/alt_dma_txchan_open.c.obj
[  4%] Building C object nios_bsp/CMakeFiles/hal2_bsp.dir/HAL/src/alt_fd_lock.c.obj
[ 14%] Building C object nios_bsp/CMakeFiles/hal2_bsp.dir/HAL/src/alt_ecc_exception.c.obj
[ 16%] Building C object nios_bsp/CMakeFiles/hal2_bsp.dir/HAL/src/alt_find_file.c.obj
[  8%] Building ASM object nios_bsp/CMakeFiles/hal2_bsp.dir/HAL/src/alt_vic_vector_table.S.obj
[ 15%] Building C object nios_bsp/CMakeFiles/hal2_bsp.dir/HAL/src/alt_getchar.c.obj
[  9%] Building C object nios_bsp/CMakeFiles/hal2_bsp.dir/HAL/src/alt_dma_rxchan_open.c.obj
[  9%] Building C object nios_bsp/CMakeFiles/hal2_bsp.dir/HAL/src/alt_execve.c.obj
[ 18%] Building ASM object nios_bsp/CMakeFiles/hal2_bsp.dir/HAL/src/alt_mcount.S.obj
[ 20%] Building ASM object nios_bsp/CMakeFiles/hal2_bsp.dir/HAL/src/alt_log_macro.S.obj
[ 21%] Building C object nios_bsp/CMakeFiles/hal2_bsp.dir/HAL/src/alt_find_dev.c.obj
[ 14%] Building C object nios_bsp/CMakeFiles/hal2_bsp.dir/HAL/src/alt_close.c.obj
[ 14%] Building C object nios_bsp/CMakeFiles/hal2_bsp.dir/HAL/src/alt_ecc_error_inject.c.obj
[ 17%] Building C object nios_bsp/CMakeFiles/hal2_bsp.dir/HAL/src/alt_errno.c.obj
[ 27%] Building ASM object nios_bsp/CMakeFiles/hal2_bsp.dir/HAL/src/alt_ecc_exception_entry.S.obj
[ 17%] Building C object nios_bsp/CMakeFiles/hal2_bsp.dir/HAL/src/alt_fork.c.obj
[ 24%] Building C object nios_bsp/CMakeFiles/hal2_bsp.dir/HAL/src/alt_dcache_flush.c.obj
[ 10%] Building C object nios_bsp/CMakeFiles/hal2_bsp.dir/HAL/src/alt_environ.c.obj
[ 30%] Building C object nios_bsp/CMakeFiles/hal2_bsp.dir/HAL/src/alt_link.c.obj
[ 28%] Building C object nios_bsp/CMakeFiles/hal2_bsp.dir/HAL/src/alt_iic.c.obj
[ 17%] Building C object nios_bsp/CMakeFiles/hal2_bsp.dir/HAL/src/alt_flash_dev.c.obj
[ 31%] Building C object nios_bsp/CMakeFiles/hal2_bsp.dir/HAL/src/alt_instruction_exception_register.c.obj
[ 19%] Building C object nios_bsp/CMakeFiles/hal2_bsp.dir/HAL/src/alt_get_fd.c.obj
[ 22%] Building C object nios_bsp/CMakeFiles/hal2_bsp.dir/HAL/src/alt_fd_unlock.c.obj
[ 34%] Building C object nios_bsp/CMakeFiles/hal2_bsp.dir/HAL/src/alt_release_fd.c.obj
[ 37%] Building C object nios_bsp/CMakeFiles/hal2_bsp.dir/HAL/src/alt_load.c.obj
[ 35%] Building C object nios_bsp/CMakeFiles/hal2_bsp.dir/HAL/src/alt_irq_handler.c.obj
[ 29%] Building C object nios_bsp/CMakeFiles/hal2_bsp.dir/HAL/src/alt_exit.c.obj
[ 26%] Building C object nios_bsp/CMakeFiles/hal2_bsp.dir/HAL/src/alt_fcntl.c.obj
[ 41%] Building C object nios_bsp/CMakeFiles/hal2_bsp.dir/HAL/src/alt_fs_reg.c.obj
[ 40%] Building C object nios_bsp/CMakeFiles/hal2_bsp.dir/HAL/src/alt_usleep.c.obj
[ 38%] Building C object nios_bsp/CMakeFiles/hal2_bsp.dir/HAL/src/alt_dev_llist_insert.c.obj
[ 33%] Building C object nios_bsp/CMakeFiles/hal2_bsp.dir/HAL/src/alt_dev.c.obj
[ 35%] Building C object nios_bsp/CMakeFiles/hal2_bsp.dir/HAL/src/alt_isatty.c.obj
[ 43%] Building C object nios_bsp/CMakeFiles/hal2_bsp.dir/HAL/src/alt_main.c.obj
[ 44%] Building C object nios_bsp/CMakeFiles/hal2_bsp.dir/HAL/src/alt_printf.c.obj
[ 46%] Building C object nios_bsp/CMakeFiles/hal2_bsp.dir/HAL/src/alt_putchar.c.obj
[ 25%] Building C object nios_bsp/CMakeFiles/hal2_bsp.dir/HAL/src/alt_gettod.c.obj
[ 50%] Building C object nios_bsp/CMakeFiles/hal2_bsp.dir/HAL/src/alt_remap_cached.c.obj
[ 39%] Building C object nios_bsp/CMakeFiles/hal2_bsp.dir/HAL/src/alt_vic_isr_wrapper.c.obj
[ 42%] Building C object nios_bsp/CMakeFiles/hal2_bsp.dir/HAL/src/alt_do_ctors.c.obj
[ 51%] Building C object nios_bsp/CMakeFiles/hal2_bsp.dir/HAL/src/intel_fpga_platform_api_niosv.c.obj
[ 52%] Building C object nios_bsp/CMakeFiles/hal2_bsp.dir/HAL/src/alt_fstat.c.obj
[ 23%] Building C object nios_bsp/CMakeFiles/hal2_bsp.dir/HAL/src/alt_do_dtors.c.obj
[ 45%] Building C object nios_bsp/CMakeFiles/hal2_bsp.dir/HAL/src/alt_malloc_lock.c.obj
[ 56%] Building C object nios_bsp/CMakeFiles/hal2_bsp.dir/HAL/src/alt_settod.c.obj
[ 29%] Building C object nios_bsp/CMakeFiles/hal2_bsp.dir/HAL/src/alt_alarm_start.c.obj
[ 48%] Building C object nios_bsp/CMakeFiles/hal2_bsp.dir/HAL/src/alt_uncached_free.c.obj
[ 53%] Building C object nios_bsp/CMakeFiles/hal2_bsp.dir/HAL/src/alt_getpid.c.obj
[ 57%] Building C object nios_bsp/CMakeFiles/hal2_bsp.dir/HAL/src/intel_fpga_api_cmn_msg.c.obj
[ 48%] Building C object nios_bsp/CMakeFiles/hal2_bsp.dir/HAL/src/alt_remap_uncached.c.obj
[ 55%] Building C object nios_bsp/CMakeFiles/hal2_bsp.dir/HAL/src/alt_open.c.obj
[ 61%] Building C object nios_bsp/CMakeFiles/hal2_bsp.dir/HAL/src/alt_io_redirect.c.obj
[ 60%] Building C object nios_bsp/CMakeFiles/hal2_bsp.dir/HAL/src/alt_iic_isr_register.c.obj
[ 58%] Building C object nios_bsp/CMakeFiles/hal2_bsp.dir/drivers/src/altera_avalon_sysid_qsys.c.obj
[ 55%] Building C object nios_bsp/CMakeFiles/hal2_bsp.dir/HAL/src/alt_stat.c.obj
[ 36%] Building C object nios_bsp/CMakeFiles/hal2_bsp.dir/HAL/src/alt_ioctl.c.obj
[ 31%] Building C object nios_bsp/CMakeFiles/hal2_bsp.dir/HAL/src/alt_gmon.c.obj
[ 32%] Building C object nios_bsp/CMakeFiles/hal2_bsp.dir/HAL/src/alt_icache_flush_all.c.obj
[ 47%] Building C object nios_bsp/CMakeFiles/hal2_bsp.dir/HAL/src/alt_read.c.obj
[ 58%] Building C object nios_bsp/CMakeFiles/hal2_bsp.dir/drivers/mtm/drivers_common/src/intel_vvp_core.c.obj
[ 59%] Building C object nios_bsp/CMakeFiles/hal2_bsp.dir/HAL/src/alt_icache_flush.c.obj
[ 63%] Building C object nios_bsp/CMakeFiles/hal2_bsp.dir/HAL/src/alt_tick.c.obj
[ 62%] Building C object nios_bsp/CMakeFiles/hal2_bsp.dir/HAL/src/intel_niosv_irq.c.obj
[ 45%] Building C object nios_bsp/CMakeFiles/hal2_bsp.dir/HAL/src/intel_fpga_api_cmn_inf.c.obj
[ 49%] Building C object nios_bsp/CMakeFiles/hal2_bsp.dir/HAL/src/alt_log_printf.c.obj
[ 70%] Building C object nios_bsp/CMakeFiles/hal2_bsp.dir/HAL/src/alt_tls.c.obj
[ 48%] Building C object nios_bsp/CMakeFiles/hal2_bsp.dir/HAL/src/alt_lseek.c.obj
[ 73%] Building C object nios_bsp/CMakeFiles/hal2_bsp.dir/HAL/src/alt_times.c.obj
[ 64%] Building C object nios_bsp/CMakeFiles/hal2_bsp.dir/drivers/src/altera_avalon_jtag_uart_fd.c.obj
[ 71%] Building C object nios_bsp/CMakeFiles/hal2_bsp.dir/drivers/mtm/intel_vvp_vfr/src/intel_vvp_vfr.c.obj
[ 75%] Building C object nios_bsp/CMakeFiles/hal2_bsp.dir/HAL/src/alt_wait.c.obj
[ 65%] Building C object nios_bsp/CMakeFiles/hal2_bsp.dir/HAL/src/alt_write.c.obj
[ 77%] Building C object nios_bsp/CMakeFiles/hal2_bsp.dir/drivers/src/altera_avalon_jtag_uart_write.c.obj
[ 80%] Building C object nios_bsp/CMakeFiles/hal2_bsp.dir/HAL/src/intel_fpga_api_niosv.c.obj
[ 54%] Building C object nios_bsp/CMakeFiles/hal2_bsp.dir/drivers/src/altera_avalon_jtag_uart_init.c.obj
[ 66%] Building C object nios_bsp/CMakeFiles/hal2_bsp.dir/HAL/src/alt_putstr.c.obj
[ 68%] Building C object nios_bsp/CMakeFiles/hal2_bsp.dir/HAL/src/alt_uncached_malloc.c.obj
[ 72%] Building C object nios_bsp/CMakeFiles/hal2_bsp.dir/HAL/src/intel_fpga_api_cmn_dfl.c.obj
[ 70%] Building C object nios_bsp/CMakeFiles/hal2_bsp.dir/HAL/src/mtimer.c.obj
[ 67%] Building C object nios_bsp/CMakeFiles/hal2_bsp.dir/HAL/src/alt_sbrk.c.obj
[ 78%] Building C object nios_bsp/CMakeFiles/hal2_bsp.dir/HAL/src/alt_putcharbuf.c.obj
[ 84%] Building C object nios_bsp/CMakeFiles/hal2_bsp.dir/alt_sys_init.c.obj
[ 82%] Building C object nios_bsp/CMakeFiles/hal2_bsp.dir/drivers/src/altera_avalon_jtag_uart_read.c.obj
[ 76%] Building C object nios_bsp/CMakeFiles/hal2_bsp.dir/HAL/src/alt_kill.c.obj
[ 83%] Building C object nios_bsp/CMakeFiles/hal2_bsp.dir/drivers/src/altera_avalon_jtag_uart_ioctl.c.obj
[ 74%] Building C object nios_bsp/CMakeFiles/hal2_bsp.dir/HAL/src/alt_unlink.c.obj
[ 79%] Building C object nios_bsp/CMakeFiles/hal2_bsp.dir/HAL/src/alt_rename.c.obj
[ 81%] Building C object nios_bsp/CMakeFiles/hal2_bsp.dir/drivers/mtm/drivers_common/HAL/src/intel_vvp_core_irq.c.obj
[ 84%] Linking C static library libhal2_bsp.a
[ 84%] Built target hal2_bsp
[ 89%] Building C object CMakeFiles/nios_app.elf.dir/terasic_sdcard/debug.c.obj
[ 91%] Building C object CMakeFiles/nios_app.elf.dir/terasic_sdcard/sd_lib.c.obj
D:/dev_2025/a3sk_revA/pricture_viewer_new/software/nios_app/terasic_sdcard/debug.c: In function 'debug_output':
D:/dev_2025/a3sk_revA/pricture_viewer_new/software/nios_app/terasic_sdcard/debug.c:55:5: warning: format not a string literal and no format arguments [-Wformat-security]
   55 |     printf(pMessage);
      |     ^~~~~~
D:/dev_2025/a3sk_revA/pricture_viewer_new/software/nios_app/terasic_sdcard/debug.c: In function 'myprintf_hexarray':
D:/dev_2025/a3sk_revA/pricture_viewer_new/software/nios_app/terasic_sdcard/debug.c:83:17: warning: pointer targets in passing argument 1 of 'sprintf' differ in signedness [-Wpointer-sign]
   83 |         sprintf(szText, "[%02X]", *(pHex+i));
      |                 ^~~~~~
      |                 |
      |                 unsigned char *
In file included from D:/dev_2025/a3sk_revA/pricture_viewer_new/software/nios_app/terasic_sdcard/debug.c:33:
C:/altera_pro/25.1/riscfree/toolchain/riscv32-unknown-elf/riscv32-unknown-elf/include/stdio.h:250:18: note: expected 'char * restrict' but argument is of type 'unsigned char *'
  250 | int     sprintf (char *__restrict, const char *__restrict, ...)
      |                  ^
In file included from D:/dev_2025/a3sk_revA/pricture_viewer_new/software/nios_app/terasic_sdcard/terasic_includes.h:59,
                 from D:/dev_2025/a3sk_revA/pricture_viewer_new/software/nios_app/terasic_sdcard/debug.c:35:
D:/dev_2025/a3sk_revA/pricture_viewer_new/software/nios_app/terasic_sdcard/debug.c:84:16: warning: pointer targets in passing argument 1 of 'myprintf' differ in signedness [-Wpointer-sign]
   84 |         DEBUG((szText));
      |                ^~~~~~
      |                |
      |                unsigned char *
D:/dev_2025/a3sk_revA/pricture_viewer_new/software/nios_app/terasic_sdcard/debug.h:75:46: note: in definition of macro 'DEBUG'
   75 |     #define DEBUG(x)               {myprintf x;}  // standard in/out, specifed in project (it could be uart, jtag, or lcd)
      |                                              ^
D:/dev_2025/a3sk_revA/pricture_viewer_new/software/nios_app/terasic_sdcard/debug.c:64:20: note: expected 'char *' but argument is of type 'unsigned char *'
   64 | int myprintf(char *format, ...){
      |              ~~~~~~^~~~~~
[ 86%] Building C object CMakeFiles/nios_app.elf.dir/ffunicode.c.obj
[ 85%] Building C object CMakeFiles/nios_app.elf.dir/diskio.c.obj
[ 87%] Building C object CMakeFiles/nios_app.elf.dir/ffsystem.c.obj
D:/dev_2025/a3sk_revA/pricture_viewer_new/software/nios_app/terasic_sdcard/sd_lib.c: In function 'SDLIB_WriteBlock512':
D:/dev_2025/a3sk_revA/pricture_viewer_new/software/nios_app/terasic_sdcard/sd_lib.c:329:32: warning: passing argument 1 of 'SD_WriteData512' discards 'const' qualifier from pointer target type [-Wdiscarded-qualifiers]
  329 |     bSuccess = SD_WriteData512(szDataWrite);  // Write 512 bytes
      |                                ^~~~~~~~~~~
In file included from D:/dev_2025/a3sk_revA/pricture_viewer_new/software/nios_app/terasic_sdcard/sd_lib.c:45:
D:/dev_2025/a3sk_revA/pricture_viewer_new/software/nios_app/terasic_sdcard/sd_protocol.h:66:29: note: expected 'alt_u8 *' {aka 'unsigned char *'} but argument is of type 'const alt_u8 *' {aka 'const unsigned char *'}
   66 | bool SD_WriteData512(alt_u8 szDataWrite[]);
      |                      ~~~~~~~^~~~~~~~~~~~~
[ 96%] Building C object CMakeFiles/nios_app.elf.dir/terasic_sdcard/sd_protocol.c.obj
[ 93%] Building CXX object CMakeFiles/nios_app.elf.dir/VVP_CORE.cpp.obj
[ 97%] Building C object CMakeFiles/nios_app.elf.dir/mem_verify.c.obj
D:/dev_2025/a3sk_revA/pricture_viewer_new/software/nios_app/diskio.c: In function 'disk_ioctl':
D:/dev_2025/a3sk_revA/pricture_viewer_new/software/nios_app/diskio.c:216:13: warning: unused variable 'result' [-Wunused-variable]
  216 |         int result;
      |             ^~~~~~
D:/dev_2025/a3sk_revA/pricture_viewer_new/software/nios_app/diskio.c: In function 'disk_status':
D:/dev_2025/a3sk_revA/pricture_viewer_new/software/nios_app/diskio.c:43:24: warning: 'stat' may be used uninitialized [-Wmaybe-uninitialized]
   43 |                 return stat;
      |                        ^~~~
D:/dev_2025/a3sk_revA/pricture_viewer_new/software/nios_app/diskio.c:34:17: note: 'stat' was declared here
   34 |         DSTATUS stat;
      |                 ^~~~
D:/dev_2025/a3sk_revA/pricture_viewer_new/software/nios_app/diskio.c: In function 'disk_read':
D:/dev_2025/a3sk_revA/pricture_viewer_new/software/nios_app/diskio.c:126:24: warning: 'res' may be used uninitialized [-Wmaybe-uninitialized]
  126 |                 return res;
      |                        ^~~
D:/dev_2025/a3sk_revA/pricture_viewer_new/software/nios_app/diskio.c:115:17: note: 'res' was declared here
  115 |         DRESULT res;
      |                 ^~~
D:/dev_2025/a3sk_revA/pricture_viewer_new/software/nios_app/diskio.c: In function 'disk_write':
D:/dev_2025/a3sk_revA/pricture_viewer_new/software/nios_app/diskio.c:177:24: warning: 'res' may be used uninitialized [-Wmaybe-uninitialized]
  177 |                 return res;
      |                        ^~~
D:/dev_2025/a3sk_revA/pricture_viewer_new/software/nios_app/diskio.c:166:17: note: 'res' was declared here
  166 |         DRESULT res;
      |                 ^~~
D:/dev_2025/a3sk_revA/pricture_viewer_new/software/nios_app/diskio.c: In function 'disk_ioctl':
D:/dev_2025/a3sk_revA/pricture_viewer_new/software/nios_app/diskio.c:223:24: warning: 'res' may be used uninitialized [-Wmaybe-uninitialized]
  223 |                 return res;
      |                        ^~~
D:/dev_2025/a3sk_revA/pricture_viewer_new/software/nios_app/diskio.c:215:17: note: 'res' was declared here
  215 |         DRESULT res;
      |                 ^~~
[ 96%] Building C object CMakeFiles/nios_app.elf.dir/terasic_sdcard/crc7.c.obj
[ 95%] Building C object CMakeFiles/nios_app.elf.dir/Bitmap_File.c.obj
[ 88%] Building CXX object CMakeFiles/nios_app.elf.dir/main.cpp.obj
D:/dev_2025/a3sk_revA/pricture_viewer_new/software/nios_app/terasic_sdcard/sd_protocol.c: In function 'SD_CMD0':
D:/dev_2025/a3sk_revA/pricture_viewer_new/software/nios_app/terasic_sdcard/sd_protocol.c:174:11: warning: implicit declaration of function 'crc7' [-Wimplicit-function-declaration]
  174 |     crc = crc7(0, szCmd, 5);
      |           ^~~~
D:/dev_2025/a3sk_revA/pricture_viewer_new/software/nios_app/mem_verify.c: In function 'TMEM_Verify':
D:/dev_2025/a3sk_revA/pricture_viewer_new/software/nios_app/mem_verify.c:93:79: warning: format '%X' expects argument of type 'unsigned int', but argument 4 has type 'alt_64' {aka 'long long int'} [-Wformat=]
   93 |                     printf("verify ng, read=%08Xh, expected=%08Xh, WordIndex=%Xh\n", (int)*(pSrc-1), (int)szData[i], (nPos/my_data_size)+i);
      |                                                                              ~^                                      ~~~~~~~~~~~~~~~~~~~~~
      |                                                                               |                                                         |
      |                                                                               unsigned int                                              alt_64 {aka long long int}
      |                                                                              %llX
D:/dev_2025/a3sk_revA/pricture_viewer_new/software/nios_app/terasic_sdcard/sd_protocol.c: In function 'SD_CMD9':
D:/dev_2025/a3sk_revA/pricture_viewer_new/software/nios_app/terasic_sdcard/sd_protocol.c:548:12: warning: 'nCopyLen' may be used uninitialized [-Wmaybe-uninitialized]
  548 |         if (nCopyLen > 16)
      |            ^
D:/dev_2025/a3sk_revA/pricture_viewer_new/software/nios_app/terasic_sdcard/sd_protocol.c:547:13: note: 'nCopyLen' was declared here
  547 |         int nCopyLen, x;
      |             ^~~~~~~~
D:/dev_2025/a3sk_revA/pricture_viewer_new/software/nios_app/terasic_sdcard/sd_protocol.c: In function 'SD_CMD10':
D:/dev_2025/a3sk_revA/pricture_viewer_new/software/nios_app/terasic_sdcard/sd_protocol.c:603:12: warning: 'nCopyLen' may be used uninitialized [-Wmaybe-uninitialized]
  603 |         if (nCopyLen > 16)
      |            ^
D:/dev_2025/a3sk_revA/pricture_viewer_new/software/nios_app/terasic_sdcard/sd_protocol.c:602:13: note: 'nCopyLen' was declared here
  602 |         int nCopyLen, x;
      |             ^~~~~~~~
[ 94%] Building CXX object CMakeFiles/nios_app.elf.dir/VVP_FR.cpp.obj
D:/dev_2025/a3sk_revA/pricture_viewer_new/software/nios_app/Bitmap_File.c: In function 'BMP_IsSupported':
D:/dev_2025/a3sk_revA/pricture_viewer_new/software/nios_app/Bitmap_File.c:26:17: warning: implicit declaration of function 'printf' [-Wimplicit-function-declaration]
   26 |                 printf("failed to open file - %s\r\n", pFilenamme);
      |                 ^~~~~~
D:/dev_2025/a3sk_revA/pricture_viewer_new/software/nios_app/Bitmap_File.c:12:1: note: include '<stdio.h>' or provide a declaration of 'printf'
   11 | #include "Bitmap_File.h"
  +++ |+#include <stdio.h>
   12 | 
D:/dev_2025/a3sk_revA/pricture_viewer_new/software/nios_app/Bitmap_File.c:26:17: warning: incompatible implicit declaration of built-in function 'printf' [-Wbuiltin-declaration-mismatch]
   26 |                 printf("failed to open file - %s\r\n", pFilenamme);
      |                 ^~~~~~
D:/dev_2025/a3sk_revA/pricture_viewer_new/software/nios_app/Bitmap_File.c:26:17: note: include '<stdio.h>' or provide a declaration of 'printf'
D:/dev_2025/a3sk_revA/pricture_viewer_new/software/nios_app/Bitmap_File.c: In function 'BMP_find_image_file':
D:/dev_2025/a3sk_revA/pricture_viewer_new/software/nios_app/Bitmap_File.c:64:17: warning: implicit declaration of function 'strcpy' [-Wimplicit-function-declaration]
   64 |                 strcpy(szFileList[nFileCnt], fno.fname);
      |                 ^~~~~~
D:/dev_2025/a3sk_revA/pricture_viewer_new/software/nios_app/Bitmap_File.c:12:1: note: include '<string.h>' or provide a declaration of 'strcpy'
   11 | #include "Bitmap_File.h"
  +++ |+#include <string.h>
   12 | 
D:/dev_2025/a3sk_revA/pricture_viewer_new/software/nios_app/Bitmap_File.c:64:17: warning: incompatible implicit declaration of built-in function 'strcpy' [-Wbuiltin-declaration-mismatch]
   64 |                 strcpy(szFileList[nFileCnt], fno.fname);
      |                 ^~~~~~
D:/dev_2025/a3sk_revA/pricture_viewer_new/software/nios_app/Bitmap_File.c:64:17: note: include '<string.h>' or provide a declaration of 'strcpy'
D:/dev_2025/a3sk_revA/pricture_viewer_new/software/nios_app/Bitmap_File.c: In function 'BMP_draw':
D:/dev_2025/a3sk_revA/pricture_viewer_new/software/nios_app/Bitmap_File.c:90:17: warning: incompatible implicit declaration of built-in function 'printf' [-Wbuiltin-declaration-mismatch]
   90 |                 printf("failed to open file - %s\r\n", pFilename);
      |                 ^~~~~~
D:/dev_2025/a3sk_revA/pricture_viewer_new/software/nios_app/Bitmap_File.c:90:17: note: include '<stdio.h>' or provide a declaration of 'printf'
[ 92%] Building C object CMakeFiles/nios_app.elf.dir/ff.c.obj
[ 91%] Building C object CMakeFiles/nios_app.elf.dir/glue.c.obj
D:/dev_2025/a3sk_revA/pricture_viewer_new/software/nios_app/glue.c: In function 'RAM_disk_status':
D:/dev_2025/a3sk_revA/pricture_viewer_new/software/nios_app/glue.c:123:1: warning: control reaches end of non-void function [-Wreturn-type]
  123 | }
      | ^
D:/dev_2025/a3sk_revA/pricture_viewer_new/software/nios_app/glue.c: In function 'RAM_disk_initialize':
D:/dev_2025/a3sk_revA/pricture_viewer_new/software/nios_app/glue.c:127:1: warning: control reaches end of non-void function [-Wreturn-type]
  127 | }
      | ^
D:/dev_2025/a3sk_revA/pricture_viewer_new/software/nios_app/glue.c: In function 'RAM_disk_read':
D:/dev_2025/a3sk_revA/pricture_viewer_new/software/nios_app/glue.c:135:1: warning: control reaches end of non-void function [-Wreturn-type]
  135 | }
      | ^
D:/dev_2025/a3sk_revA/pricture_viewer_new/software/nios_app/glue.c: In function 'RAM_disk_write':
D:/dev_2025/a3sk_revA/pricture_viewer_new/software/nios_app/glue.c:143:1: warning: control reaches end of non-void function [-Wreturn-type]
  143 | }
      | ^
D:/dev_2025/a3sk_revA/pricture_viewer_new/software/nios_app/glue.c: In function 'USB_disk_status':
D:/dev_2025/a3sk_revA/pricture_viewer_new/software/nios_app/glue.c:148:1: warning: control reaches end of non-void function [-Wreturn-type]
  148 | }
      | ^
D:/dev_2025/a3sk_revA/pricture_viewer_new/software/nios_app/glue.c: In function 'USB_disk_initialize':
D:/dev_2025/a3sk_revA/pricture_viewer_new/software/nios_app/glue.c:152:1: warning: control reaches end of non-void function [-Wreturn-type]
  152 | }
      | ^
D:/dev_2025/a3sk_revA/pricture_viewer_new/software/nios_app/glue.c: In function 'USB_disk_read':
D:/dev_2025/a3sk_revA/pricture_viewer_new/software/nios_app/glue.c:160:1: warning: control reaches end of non-void function [-Wreturn-type]
  160 | }
      | ^
D:/dev_2025/a3sk_revA/pricture_viewer_new/software/nios_app/glue.c: In function 'USB_disk_write':
D:/dev_2025/a3sk_revA/pricture_viewer_new/software/nios_app/glue.c:168:1: warning: control reaches end of non-void function [-Wreturn-type]
  168 | }
      | ^
D:/dev_2025/a3sk_revA/pricture_viewer_new/software/nios_app/VVP_FR.cpp: In member function 'virtual void VVP_FR::ShowStatus()':
D:/dev_2025/a3sk_revA/pricture_viewer_new/software/nios_app/VVP_FR.cpp:43:19: warning: unused variable 'status' [-Wunused-variable]
   43 |         uint32_t  status, value32;
      |                   ^~~~~~
D:/dev_2025/a3sk_revA/pricture_viewer_new/software/nios_app/VVP_FR.cpp:43:27: warning: unused variable 'value32' [-Wunused-variable]
   43 |         uint32_t  status, value32;
      |                           ^~~~~~~
D:/dev_2025/a3sk_revA/pricture_viewer_new/software/nios_app/VVP_CORE.cpp: In member function 'void VVP_CORE::DumpRegister(REG_INFO*, int)':
D:/dev_2025/a3sk_revA/pricture_viewer_new/software/nios_app/VVP_CORE.cpp:32:30: warning: format '%d' expects argument of type 'int', but argument 3 has type 'uint32_t' {aka 'long unsigned int'} [-Wformat=]
   32 |                 printf("%s: %d (%xh)\r\n", szRegInfo[i].szHint, value32 & szRegInfo[i].ValueMask, value32);
      |                             ~^                                  ~~~~~~~~~~~~~~~~~~~~~~~~~~~~~~~~
      |                              |                                          |
      |                              int                                        uint32_t {aka long unsigned int}
      |                             %ld
D:/dev_2025/a3sk_revA/pricture_viewer_new/software/nios_app/VVP_CORE.cpp:32:34: warning: format '%x' expects argument of type 'unsigned int', but argument 4 has type 'uint32_t' {aka 'long unsigned int'} [-Wformat=]
   32 |                 printf("%s: %d (%xh)\r\n", szRegInfo[i].szHint, value32 & szRegInfo[i].ValueMask, value32);
      |                                 ~^                                                                ~~~~~~~
      |                                  |                                                                |
      |                                  unsigned int                                                     uint32_t {aka long unsigned int}
      |                                 %lx
[ 98%] Linking CXX executable nios_app.elf
C:/altera_pro/25.1/riscfree/toolchain/riscv32-unknown-elf/bin/../lib/gcc/riscv32-unknown-elf/13.2.0/../../../../riscv32-unknown-elf/bin/ld.exe: CMakeFiles/nios_app.elf.dir/Bitmap_File.c.obj: in function `BMP_find_image_file':
D:/dev_2025/a3sk_revA/pricture_viewer_new/software/nios_app/Bitmap_File.c:61:(.text+0x1d0): undefined reference to `f_findfirst'
C:/altera_pro/25.1/riscfree/toolchain/riscv32-unknown-elf/bin/../lib/gcc/riscv32-unknown-elf/13.2.0/../../../../riscv32-unknown-elf/bin/ld.exe: D:/dev_2025/a3sk_revA/pricture_viewer_new/software/nios_app/Bitmap_File.c:64:(.text+0x21c): undefined reference to `f_findnext'
collect2.exe: error: ld returned 1 exit status
make[2]: *** [CMakeFiles/nios_app.elf.dir/build.make:309: nios_app.elf] Error 1
make[1]: *** [CMakeFiles/Makefile2:118: CMakeFiles/nios_app.elf.dir/all] Error 2
make: *** [Makefile:91: all] Error 2
"C:/altera_pro/25.1/riscfree/build_tools/bin/make.exe -j all" terminated with exit code 2. Build might be incomplete.
11:49:55 **** Incremental Build of configuration Debug for project nios_app ****
"C:\\altera_pro\\25.1\\riscfree\\build_tools\\bin\\make.exe" -j all 
[ 84%] Built target hal2_bsp
[ 85%] Building C object CMakeFiles/nios_app.elf.dir/terasic_sdcard/sd_protocol.c.obj
D:/dev_2025/a3sk_revA/pricture_viewer_new/software/nios_app/terasic_sdcard/sd_protocol.c: In function 'SD_CMD9':
D:/dev_2025/a3sk_revA/pricture_viewer_new/software/nios_app/terasic_sdcard/sd_protocol.c:549:12: warning: 'nCopyLen' may be used uninitialized [-Wmaybe-uninitialized]
  549 |         if (nCopyLen > 16)
      |            ^
D:/dev_2025/a3sk_revA/pricture_viewer_new/software/nios_app/terasic_sdcard/sd_protocol.c:548:13: note: 'nCopyLen' was declared here
  548 |         int nCopyLen, x;
      |             ^~~~~~~~
D:/dev_2025/a3sk_revA/pricture_viewer_new/software/nios_app/terasic_sdcard/sd_protocol.c: In function 'SD_CMD10':
D:/dev_2025/a3sk_revA/pricture_viewer_new/software/nios_app/terasic_sdcard/sd_protocol.c:604:12: warning: 'nCopyLen' may be used uninitialized [-Wmaybe-uninitialized]
  604 |         if (nCopyLen > 16)
      |            ^
D:/dev_2025/a3sk_revA/pricture_viewer_new/software/nios_app/terasic_sdcard/sd_protocol.c:603:13: note: 'nCopyLen' was declared here
  603 |         int nCopyLen, x;
      |             ^~~~~~~~
[ 86%] Linking CXX executable nios_app.elf
C:/altera_pro/25.1/riscfree/toolchain/riscv32-unknown-elf/bin/../lib/gcc/riscv32-unknown-elf/13.2.0/../../../../riscv32-unknown-elf/bin/ld.exe: CMakeFiles/nios_app.elf.dir/Bitmap_File.c.obj: in function `BMP_find_image_file':
D:/dev_2025/a3sk_revA/pricture_viewer_new/software/nios_app/Bitmap_File.c:61:(.text+0x1d0): undefined reference to `f_findfirst'
C:/altera_pro/25.1/riscfree/toolchain/riscv32-unknown-elf/bin/../lib/gcc/riscv32-unknown-elf/13.2.0/../../../../riscv32-unknown-elf/bin/ld.exe: D:/dev_2025/a3sk_revA/pricture_viewer_new/software/nios_app/Bitmap_File.c:64:(.text+0x21c): undefined reference to `f_findnext'
collect2.exe: error: ld returned 1 exit status
make[2]: *** [CMakeFiles/nios_app.elf.dir/build.make:309: nios_app.elf] Error 1
make[1]: *** [CMakeFiles/Makefile2:118: CMakeFiles/nios_app.elf.dir/all] Error 2
make: *** [Makefile:91: all] Error 2
"C:/altera_pro/25.1/riscfree/build_tools/bin/make.exe -j all" terminated with exit code 2. Build might be incomplete.
12:48:05 **** Incremental Build of configuration Debug for project nios_app ****
"C:\\altera_pro\\25.1\\riscfree\\build_tools\\bin\\make.exe" -j all 
[ 84%] Built target hal2_bsp
[ 85%] Building C object CMakeFiles/nios_app.elf.dir/ffsystem.c.obj
[ 87%] Building CXX object CMakeFiles/nios_app.elf.dir/main.cpp.obj
[ 88%] Building C object CMakeFiles/nios_app.elf.dir/glue.c.obj
[ 86%] Building C object CMakeFiles/nios_app.elf.dir/diskio.c.obj
[ 89%] Building C object CMakeFiles/nios_app.elf.dir/ffunicode.c.obj
D:/dev_2025/a3sk_revA/pricture_viewer_new/software/nios_app/diskio.c: In function 'disk_ioctl':
D:/dev_2025/a3sk_revA/pricture_viewer_new/software/nios_app/diskio.c:216:13: warning: unused variable 'result' [-Wunused-variable]
  216 |         int result;
      |             ^~~~~~
D:/dev_2025/a3sk_revA/pricture_viewer_new/software/nios_app/diskio.c: In function 'disk_status':
D:/dev_2025/a3sk_revA/pricture_viewer_new/software/nios_app/diskio.c:43:24: warning: 'stat' may be used uninitialized [-Wmaybe-uninitialized]
   43 |                 return stat;
      |                        ^~~~
D:/dev_2025/a3sk_revA/pricture_viewer_new/software/nios_app/diskio.c:34:17: note: 'stat' was declared here
   34 |         DSTATUS stat;
      |                 ^~~~
D:/dev_2025/a3sk_revA/pricture_viewer_new/software/nios_app/diskio.c: In function 'disk_read':
D:/dev_2025/a3sk_revA/pricture_viewer_new/software/nios_app/diskio.c:126:24: warning: 'res' may be used uninitialized [-Wmaybe-uninitialized]
  126 |                 return res;
      |                        ^~~
D:/dev_2025/a3sk_revA/pricture_viewer_new/software/nios_app/diskio.c:115:17: note: 'res' was declared here
  115 |         DRESULT res;
      |                 ^~~
D:/dev_2025/a3sk_revA/pricture_viewer_new/software/nios_app/diskio.c: In function 'disk_write':
D:/dev_2025/a3sk_revA/pricture_viewer_new/software/nios_app/diskio.c:177:24: warning: 'res' may be used uninitialized [-Wmaybe-uninitialized]
  177 |                 return res;
      |                        ^~~
D:/dev_2025/a3sk_revA/pricture_viewer_new/software/nios_app/diskio.c:166:17: note: 'res' was declared here
  166 |         DRESULT res;
      |                 ^~~
D:/dev_2025/a3sk_revA/pricture_viewer_new/software/nios_app/diskio.c: In function 'disk_ioctl':
D:/dev_2025/a3sk_revA/pricture_viewer_new/software/nios_app/diskio.c:223:24: warning: 'res' may be used uninitialized [-Wmaybe-uninitialized]
  223 |                 return res;
      |                        ^~~
D:/dev_2025/a3sk_revA/pricture_viewer_new/software/nios_app/diskio.c:215:17: note: 'res' was declared here
  215 |         DRESULT res;
      |                 ^~~
D:/dev_2025/a3sk_revA/pricture_viewer_new/software/nios_app/glue.c: In function 'RAM_disk_status':
D:/dev_2025/a3sk_revA/pricture_viewer_new/software/nios_app/glue.c:123:1: warning: control reaches end of non-void function [-Wreturn-type]
  123 | }
      | ^
D:/dev_2025/a3sk_revA/pricture_viewer_new/software/nios_app/glue.c: In function 'RAM_disk_initialize':
D:/dev_2025/a3sk_revA/pricture_viewer_new/software/nios_app/glue.c:127:1: warning: control reaches end of non-void function [-Wreturn-type]
  127 | }
      | ^
D:/dev_2025/a3sk_revA/pricture_viewer_new/software/nios_app/glue.c: In function 'RAM_disk_read':
D:/dev_2025/a3sk_revA/pricture_viewer_new/software/nios_app/glue.c:135:1: warning: control reaches end of non-void function [-Wreturn-type]
  135 | }
      | ^
D:/dev_2025/a3sk_revA/pricture_viewer_new/software/nios_app/glue.c: In function 'RAM_disk_write':
D:/dev_2025/a3sk_revA/pricture_viewer_new/software/nios_app/glue.c:143:1: warning: control reaches end of non-void function [-Wreturn-type]
  143 | }
      | ^
D:/dev_2025/a3sk_revA/pricture_viewer_new/software/nios_app/glue.c: In function 'USB_disk_status':
D:/dev_2025/a3sk_revA/pricture_viewer_new/software/nios_app/glue.c:148:1: warning: control reaches end of non-void function [-Wreturn-type]
  148 | }
      | ^
D:/dev_2025/a3sk_revA/pricture_viewer_new/software/nios_app/glue.c: In function 'USB_disk_initialize':
D:/dev_2025/a3sk_revA/pricture_viewer_new/software/nios_app/glue.c:152:1: warning: control reaches end of non-void function [-Wreturn-type]
  152 | }
      | ^
D:/dev_2025/a3sk_revA/pricture_viewer_new/software/nios_app/glue.c: In function 'USB_disk_read':
D:/dev_2025/a3sk_revA/pricture_viewer_new/software/nios_app/glue.c:160:1: warning: control reaches end of non-void function [-Wreturn-type]
  160 | }
      | ^
D:/dev_2025/a3sk_revA/pricture_viewer_new/software/nios_app/glue.c: In function 'USB_disk_write':
D:/dev_2025/a3sk_revA/pricture_viewer_new/software/nios_app/glue.c:168:1: warning: control reaches end of non-void function [-Wreturn-type]
  168 | }
      | ^
[ 91%] Building C object CMakeFiles/nios_app.elf.dir/ff.c.obj
[ 91%] Building C object CMakeFiles/nios_app.elf.dir/Bitmap_File.c.obj
D:/dev_2025/a3sk_revA/pricture_viewer_new/software/nios_app/Bitmap_File.c: In function 'BMP_IsSupported':
D:/dev_2025/a3sk_revA/pricture_viewer_new/software/nios_app/Bitmap_File.c:26:17: warning: implicit declaration of function 'printf' [-Wimplicit-function-declaration]
   26 |                 printf("failed to open file - %s\r\n", pFilenamme);
      |                 ^~~~~~
D:/dev_2025/a3sk_revA/pricture_viewer_new/software/nios_app/Bitmap_File.c:12:1: note: include '<stdio.h>' or provide a declaration of 'printf'
   11 | #include "Bitmap_File.h"
  +++ |+#include <stdio.h>
   12 | 
D:/dev_2025/a3sk_revA/pricture_viewer_new/software/nios_app/Bitmap_File.c:26:17: warning: incompatible implicit declaration of built-in function 'printf' [-Wbuiltin-declaration-mismatch]
   26 |                 printf("failed to open file - %s\r\n", pFilenamme);
      |                 ^~~~~~
D:/dev_2025/a3sk_revA/pricture_viewer_new/software/nios_app/Bitmap_File.c:26:17: note: include '<stdio.h>' or provide a declaration of 'printf'
D:/dev_2025/a3sk_revA/pricture_viewer_new/software/nios_app/Bitmap_File.c: In function 'BMP_find_image_file':
D:/dev_2025/a3sk_revA/pricture_viewer_new/software/nios_app/Bitmap_File.c:64:17: warning: implicit declaration of function 'strcpy' [-Wimplicit-function-declaration]
   64 |                 strcpy(szFileList[nFileCnt], fno.fname);
      |                 ^~~~~~
D:/dev_2025/a3sk_revA/pricture_viewer_new/software/nios_app/Bitmap_File.c:12:1: note: include '<string.h>' or provide a declaration of 'strcpy'
   11 | #include "Bitmap_File.h"
  +++ |+#include <string.h>
   12 | 
D:/dev_2025/a3sk_revA/pricture_viewer_new/software/nios_app/Bitmap_File.c:64:17: warning: incompatible implicit declaration of built-in function 'strcpy' [-Wbuiltin-declaration-mismatch]
   64 |                 strcpy(szFileList[nFileCnt], fno.fname);
      |                 ^~~~~~
D:/dev_2025/a3sk_revA/pricture_viewer_new/software/nios_app/Bitmap_File.c:64:17: note: include '<string.h>' or provide a declaration of 'strcpy'
D:/dev_2025/a3sk_revA/pricture_viewer_new/software/nios_app/Bitmap_File.c: In function 'BMP_draw':
D:/dev_2025/a3sk_revA/pricture_viewer_new/software/nios_app/Bitmap_File.c:90:17: warning: incompatible implicit declaration of built-in function 'printf' [-Wbuiltin-declaration-mismatch]
   90 |                 printf("failed to open file - %s\r\n", pFilename);
      |                 ^~~~~~
D:/dev_2025/a3sk_revA/pricture_viewer_new/software/nios_app/Bitmap_File.c:90:17: note: include '<stdio.h>' or provide a declaration of 'printf'
[ 92%] Linking CXX executable nios_app.elf
[ 98%] Built target nios_app.elf
[100%] Reporting memory available for stack + heap in nios_app.elf.
[ 99%] Creating onchip_memory.hex.
[ 99%] Creating nios_app.elf.objdump.
[100%] Built target create-objdump
[100%] Built target create-hex
nios_app.elf
 * 299.99 KB - Program size (code + initialized data).
 * 205.73 KB - Free for stack + heap.
[100%] Built target niosv-stack-report
13:04:17 **** Incremental Build of configuration Debug for project nios_app ****
"C:\\altera_pro\\25.1\\riscfree\\build_tools\\bin\\make.exe" -j all 
[ 84%] Built target hal2_bsp
[ 85%] Building CXX object CMakeFiles/nios_app.elf.dir/main.cpp.obj
[ 86%] Linking CXX executable nios_app.elf
[ 98%] Built target nios_app.elf
[100%] Creating nios_app.elf.objdump.
[ 98%] Creating onchip_memory.hex.
[100%] Reporting memory available for stack + heap in nios_app.elf.
[100%] Built target create-objdump
[100%] Built target create-hex
nios_app.elf
 * 300.08 KB - Program size (code + initialized data).
 * 205.64 KB - Free for stack + heap.
[100%] Built target niosv-stack-report
13:13:19 **** Incremental Build of configuration Debug for project nios_app ****
"C:\\altera_pro\\25.1\\riscfree\\build_tools\\bin\\make.exe" -j all 
[ 84%] Built target hal2_bsp
[ 85%] Building C object CMakeFiles/nios_app.elf.dir/Bitmap_File.c.obj
D:/dev_2025/a3sk_revA/pricture_viewer_new/software/nios_app/Bitmap_File.c: In function 'BMP_IsSupported':
D:/dev_2025/a3sk_revA/pricture_viewer_new/software/nios_app/Bitmap_File.c:26:17: warning: implicit declaration of function 'printf' [-Wimplicit-function-declaration]
   26 |                 printf("failed to open file - %s\r\n", pFilenamme);
      |                 ^~~~~~
D:/dev_2025/a3sk_revA/pricture_viewer_new/software/nios_app/Bitmap_File.c:12:1: note: include '<stdio.h>' or provide a declaration of 'printf'
   11 | #include "Bitmap_File.h"
  +++ |+#include <stdio.h>
   12 | 
D:/dev_2025/a3sk_revA/pricture_viewer_new/software/nios_app/Bitmap_File.c:26:17: warning: incompatible implicit declaration of built-in function 'printf' [-Wbuiltin-declaration-mismatch]
   26 |                 printf("failed to open file - %s\r\n", pFilenamme);
      |                 ^~~~~~
D:/dev_2025/a3sk_revA/pricture_viewer_new/software/nios_app/Bitmap_File.c:26:17: note: include '<stdio.h>' or provide a declaration of 'printf'
D:/dev_2025/a3sk_revA/pricture_viewer_new/software/nios_app/Bitmap_File.c: In function 'BMP_find_image_file':
D:/dev_2025/a3sk_revA/pricture_viewer_new/software/nios_app/Bitmap_File.c:64:17: warning: implicit declaration of function 'strcpy' [-Wimplicit-function-declaration]
   64 |                 strcpy(szFileList[nFileCnt], fno.fname);
      |                 ^~~~~~
D:/dev_2025/a3sk_revA/pricture_viewer_new/software/nios_app/Bitmap_File.c:12:1: note: include '<string.h>' or provide a declaration of 'strcpy'
   11 | #include "Bitmap_File.h"
  +++ |+#include <string.h>
   12 | 
D:/dev_2025/a3sk_revA/pricture_viewer_new/software/nios_app/Bitmap_File.c:64:17: warning: incompatible implicit declaration of built-in function 'strcpy' [-Wbuiltin-declaration-mismatch]
   64 |                 strcpy(szFileList[nFileCnt], fno.fname);
      |                 ^~~~~~
D:/dev_2025/a3sk_revA/pricture_viewer_new/software/nios_app/Bitmap_File.c:64:17: note: include '<string.h>' or provide a declaration of 'strcpy'
D:/dev_2025/a3sk_revA/pricture_viewer_new/software/nios_app/Bitmap_File.c: In function 'BMP_draw':
D:/dev_2025/a3sk_revA/pricture_viewer_new/software/nios_app/Bitmap_File.c:92:17: warning: incompatible implicit declaration of built-in function 'printf' [-Wbuiltin-declaration-mismatch]
   92 |                 printf("failed to open file - %s\r\n", pFilename);
      |                 ^~~~~~
D:/dev_2025/a3sk_revA/pricture_viewer_new/software/nios_app/Bitmap_File.c:92:17: note: include '<stdio.h>' or provide a declaration of 'printf'
[ 86%] Linking CXX executable nios_app.elf
[ 98%] Built target nios_app.elf
[100%] Reporting memory available for stack + heap in nios_app.elf.
[ 98%] Creating onchip_memory.hex.
[100%] Creating nios_app.elf.objdump.
[100%] Built target create-objdump
[100%] Built target create-hex
nios_app.elf
 * 300.14 KB - Program size (code + initialized data).
 * 205.58 KB - Free for stack + heap.
[100%] Built target niosv-stack-report
13:21:53 **** Incremental Build of configuration Debug for project nios_app ****
"C:\\altera_pro\\25.1\\riscfree\\build_tools\\bin\\make.exe" -j all 
[ 84%] Built target hal2_bsp
[ 85%] Building C object CMakeFiles/nios_app.elf.dir/Bitmap_File.c.obj
D:/dev_2025/a3sk_revA/pricture_viewer_new/software/nios_app/Bitmap_File.c: In function 'BMP_IsSupported':
D:/dev_2025/a3sk_revA/pricture_viewer_new/software/nios_app/Bitmap_File.c:26:17: warning: implicit declaration of function 'printf' [-Wimplicit-function-declaration]
   26 |                 printf("failed to open file - %s\r\n", pFilenamme);
      |                 ^~~~~~
D:/dev_2025/a3sk_revA/pricture_viewer_new/software/nios_app/Bitmap_File.c:12:1: note: include '<stdio.h>' or provide a declaration of 'printf'
   11 | #include "Bitmap_File.h"
  +++ |+#include <stdio.h>
   12 | 
D:/dev_2025/a3sk_revA/pricture_viewer_new/software/nios_app/Bitmap_File.c:26:17: warning: incompatible implicit declaration of built-in function 'printf' [-Wbuiltin-declaration-mismatch]
   26 |                 printf("failed to open file - %s\r\n", pFilenamme);
      |                 ^~~~~~
D:/dev_2025/a3sk_revA/pricture_viewer_new/software/nios_app/Bitmap_File.c:26:17: note: include '<stdio.h>' or provide a declaration of 'printf'
D:/dev_2025/a3sk_revA/pricture_viewer_new/software/nios_app/Bitmap_File.c: In function 'BMP_find_image_file':
D:/dev_2025/a3sk_revA/pricture_viewer_new/software/nios_app/Bitmap_File.c:64:17: warning: implicit declaration of function 'strcpy' [-Wimplicit-function-declaration]
   64 |                 strcpy(szFileList[nFileCnt], fno.fname);
      |                 ^~~~~~
D:/dev_2025/a3sk_revA/pricture_viewer_new/software/nios_app/Bitmap_File.c:12:1: note: include '<string.h>' or provide a declaration of 'strcpy'
   11 | #include "Bitmap_File.h"
  +++ |+#include <string.h>
   12 | 
D:/dev_2025/a3sk_revA/pricture_viewer_new/software/nios_app/Bitmap_File.c:64:17: warning: incompatible implicit declaration of built-in function 'strcpy' [-Wbuiltin-declaration-mismatch]
   64 |                 strcpy(szFileList[nFileCnt], fno.fname);
      |                 ^~~~~~
D:/dev_2025/a3sk_revA/pricture_viewer_new/software/nios_app/Bitmap_File.c:64:17: note: include '<string.h>' or provide a declaration of 'strcpy'
D:/dev_2025/a3sk_revA/pricture_viewer_new/software/nios_app/Bitmap_File.c: In function 'BMP_draw':
D:/dev_2025/a3sk_revA/pricture_viewer_new/software/nios_app/Bitmap_File.c:93:17: warning: incompatible implicit declaration of built-in function 'printf' [-Wbuiltin-declaration-mismatch]
   93 |                 printf("failed to open file - %s\r\n", pFilename);
      |                 ^~~~~~
D:/dev_2025/a3sk_revA/pricture_viewer_new/software/nios_app/Bitmap_File.c:93:17: note: include '<stdio.h>' or provide a declaration of 'printf'
D:/dev_2025/a3sk_revA/pricture_viewer_new/software/nios_app/Bitmap_File.c:110:52: warning: pointer targets in assignment from 'char *' to 'unsigned char *' differ in signedness [-Wpointer-sign]
  110 |                                         pLineStart = (char *)pMem + (nHeight-1)*nWidth*3;
      |                                                    ^
D:/dev_2025/a3sk_revA/pricture_viewer_new/software/nios_app/Bitmap_File.c:112:41: error: expected expression before 'for'
  112 |                                         for(y=0;y<nHeight && bSuccess;y++){
      |                                         ^~~
D:/dev_2025/a3sk_revA/pricture_viewer_new/software/nios_app/Bitmap_File.c:86:20: warning: variable 'pLineStart' set but not used [-Wunused-but-set-variable]
   86 |     unsigned char *pLineStart;
      |                    ^~~~~~~~~~
make[2]: *** [CMakeFiles/nios_app.elf.dir/build.make:233: CMakeFiles/nios_app.elf.dir/Bitmap_File.c.obj] Error 1
make[1]: *** [CMakeFiles/Makefile2:118: CMakeFiles/nios_app.elf.dir/all] Error 2
make: *** [Makefile:91: all] Error 2
"C:/altera_pro/25.1/riscfree/build_tools/bin/make.exe -j all" terminated with exit code 2. Build might be incomplete.
13:22:05 **** Incremental Build of configuration Debug for project nios_app ****
"C:\\altera_pro\\25.1\\riscfree\\build_tools\\bin\\make.exe" -j all 
[ 84%] Built target hal2_bsp
[ 85%] Building C object CMakeFiles/nios_app.elf.dir/Bitmap_File.c.obj
D:/dev_2025/a3sk_revA/pricture_viewer_new/software/nios_app/Bitmap_File.c: In function 'BMP_IsSupported':
D:/dev_2025/a3sk_revA/pricture_viewer_new/software/nios_app/Bitmap_File.c:26:17: warning: implicit declaration of function 'printf' [-Wimplicit-function-declaration]
   26 |                 printf("failed to open file - %s\r\n", pFilenamme);
      |                 ^~~~~~
D:/dev_2025/a3sk_revA/pricture_viewer_new/software/nios_app/Bitmap_File.c:12:1: note: include '<stdio.h>' or provide a declaration of 'printf'
   11 | #include "Bitmap_File.h"
  +++ |+#include <stdio.h>
   12 | 
D:/dev_2025/a3sk_revA/pricture_viewer_new/software/nios_app/Bitmap_File.c:26:17: warning: incompatible implicit declaration of built-in function 'printf' [-Wbuiltin-declaration-mismatch]
   26 |                 printf("failed to open file - %s\r\n", pFilenamme);
      |                 ^~~~~~
D:/dev_2025/a3sk_revA/pricture_viewer_new/software/nios_app/Bitmap_File.c:26:17: note: include '<stdio.h>' or provide a declaration of 'printf'
D:/dev_2025/a3sk_revA/pricture_viewer_new/software/nios_app/Bitmap_File.c: In function 'BMP_find_image_file':
D:/dev_2025/a3sk_revA/pricture_viewer_new/software/nios_app/Bitmap_File.c:64:17: warning: implicit declaration of function 'strcpy' [-Wimplicit-function-declaration]
   64 |                 strcpy(szFileList[nFileCnt], fno.fname);
      |                 ^~~~~~
D:/dev_2025/a3sk_revA/pricture_viewer_new/software/nios_app/Bitmap_File.c:12:1: note: include '<string.h>' or provide a declaration of 'strcpy'
   11 | #include "Bitmap_File.h"
  +++ |+#include <string.h>
   12 | 
D:/dev_2025/a3sk_revA/pricture_viewer_new/software/nios_app/Bitmap_File.c:64:17: warning: incompatible implicit declaration of built-in function 'strcpy' [-Wbuiltin-declaration-mismatch]
   64 |                 strcpy(szFileList[nFileCnt], fno.fname);
      |                 ^~~~~~
D:/dev_2025/a3sk_revA/pricture_viewer_new/software/nios_app/Bitmap_File.c:64:17: note: include '<string.h>' or provide a declaration of 'strcpy'
D:/dev_2025/a3sk_revA/pricture_viewer_new/software/nios_app/Bitmap_File.c: In function 'BMP_draw':
D:/dev_2025/a3sk_revA/pricture_viewer_new/software/nios_app/Bitmap_File.c:93:17: warning: incompatible implicit declaration of built-in function 'printf' [-Wbuiltin-declaration-mismatch]
   93 |                 printf("failed to open file - %s\r\n", pFilename);
      |                 ^~~~~~
D:/dev_2025/a3sk_revA/pricture_viewer_new/software/nios_app/Bitmap_File.c:93:17: note: include '<stdio.h>' or provide a declaration of 'printf'
D:/dev_2025/a3sk_revA/pricture_viewer_new/software/nios_app/Bitmap_File.c:110:52: warning: pointer targets in assignment from 'char *' to 'unsigned char *' differ in signedness [-Wpointer-sign]
  110 |                                         pLineStart = (char *)pMem + (nHeight-1)*nWidth*3;
      |                                                    ^
D:/dev_2025/a3sk_revA/pricture_viewer_new/software/nios_app/Bitmap_File.c:111:45: error: 'y' undeclared (first use in this function)
  111 |                                         for(y=0;y<nHeight && bSuccess;y++){
      |                                             ^
D:/dev_2025/a3sk_revA/pricture_viewer_new/software/nios_app/Bitmap_File.c:111:45: note: each undeclared identifier is reported only once for each function it appears in
D:/dev_2025/a3sk_revA/pricture_viewer_new/software/nios_app/Bitmap_File.c:112:87: error: 'width' undeclared (first use in this function); did you mean 'nWidth'?
  112 |                                                 fr = f_read(&fil, (void *)pLineStart, width*3, &ReadLen);
      |                                                                                       ^~~~~
      |                                                                                       nWidth
D:/dev_2025/a3sk_revA/pricture_viewer_new/software/nios_app/Bitmap_File.c:115:57: warning: incompatible implicit declaration of built-in function 'printf' [-Wbuiltin-declaration-mismatch]
  115 |                                                         printf("Failed to read file %s\r\n", pFilename);
      |                                                         ^~~~~~
D:/dev_2025/a3sk_revA/pricture_viewer_new/software/nios_app/Bitmap_File.c:115:57: note: include '<stdio.h>' or provide a declaration of 'printf'
make[2]: *** [CMakeFiles/nios_app.elf.dir/build.make:233: CMakeFiles/nios_app.elf.dir/Bitmap_File.c.obj] Error 1
make[1]: *** [CMakeFiles/Makefile2:118: CMakeFiles/nios_app.elf.dir/all] Error 2
make: *** [Makefile:91: all] Error 2
"C:/altera_pro/25.1/riscfree/build_tools/bin/make.exe -j all" terminated with exit code 2. Build might be incomplete.
13:22:33 **** Incremental Build of configuration Debug for project nios_app ****
"C:\\altera_pro\\25.1\\riscfree\\build_tools\\bin\\make.exe" -j all 
[ 84%] Built target hal2_bsp
[ 85%] Building C object CMakeFiles/nios_app.elf.dir/Bitmap_File.c.obj
D:/dev_2025/a3sk_revA/pricture_viewer_new/software/nios_app/Bitmap_File.c: In function 'BMP_IsSupported':
D:/dev_2025/a3sk_revA/pricture_viewer_new/software/nios_app/Bitmap_File.c:26:17: warning: implicit declaration of function 'printf' [-Wimplicit-function-declaration]
   26 |                 printf("failed to open file - %s\r\n", pFilenamme);
      |                 ^~~~~~
D:/dev_2025/a3sk_revA/pricture_viewer_new/software/nios_app/Bitmap_File.c:12:1: note: include '<stdio.h>' or provide a declaration of 'printf'
   11 | #include "Bitmap_File.h"
  +++ |+#include <stdio.h>
   12 | 
D:/dev_2025/a3sk_revA/pricture_viewer_new/software/nios_app/Bitmap_File.c:26:17: warning: incompatible implicit declaration of built-in function 'printf' [-Wbuiltin-declaration-mismatch]
   26 |                 printf("failed to open file - %s\r\n", pFilenamme);
      |                 ^~~~~~
D:/dev_2025/a3sk_revA/pricture_viewer_new/software/nios_app/Bitmap_File.c:26:17: note: include '<stdio.h>' or provide a declaration of 'printf'
D:/dev_2025/a3sk_revA/pricture_viewer_new/software/nios_app/Bitmap_File.c: In function 'BMP_find_image_file':
D:/dev_2025/a3sk_revA/pricture_viewer_new/software/nios_app/Bitmap_File.c:64:17: warning: implicit declaration of function 'strcpy' [-Wimplicit-function-declaration]
   64 |                 strcpy(szFileList[nFileCnt], fno.fname);
      |                 ^~~~~~
D:/dev_2025/a3sk_revA/pricture_viewer_new/software/nios_app/Bitmap_File.c:12:1: note: include '<string.h>' or provide a declaration of 'strcpy'
   11 | #include "Bitmap_File.h"
  +++ |+#include <string.h>
   12 | 
D:/dev_2025/a3sk_revA/pricture_viewer_new/software/nios_app/Bitmap_File.c:64:17: warning: incompatible implicit declaration of built-in function 'strcpy' [-Wbuiltin-declaration-mismatch]
   64 |                 strcpy(szFileList[nFileCnt], fno.fname);
      |                 ^~~~~~
D:/dev_2025/a3sk_revA/pricture_viewer_new/software/nios_app/Bitmap_File.c:64:17: note: include '<string.h>' or provide a declaration of 'strcpy'
D:/dev_2025/a3sk_revA/pricture_viewer_new/software/nios_app/Bitmap_File.c: In function 'BMP_draw':
D:/dev_2025/a3sk_revA/pricture_viewer_new/software/nios_app/Bitmap_File.c:93:17: warning: incompatible implicit declaration of built-in function 'printf' [-Wbuiltin-declaration-mismatch]
   93 |                 printf("failed to open file - %s\r\n", pFilename);
      |                 ^~~~~~
D:/dev_2025/a3sk_revA/pricture_viewer_new/software/nios_app/Bitmap_File.c:93:17: note: include '<stdio.h>' or provide a declaration of 'printf'
D:/dev_2025/a3sk_revA/pricture_viewer_new/software/nios_app/Bitmap_File.c:110:52: warning: pointer targets in assignment from 'char *' to 'unsigned char *' differ in signedness [-Wpointer-sign]
  110 |                                         pLineStart = (char *)pMem + (nHeight-1)*nWidth*3;
      |                                                    ^
D:/dev_2025/a3sk_revA/pricture_viewer_new/software/nios_app/Bitmap_File.c:111:45: error: 'y' undeclared (first use in this function)
  111 |                                         for(y=0;y<nHeight && bSuccess;y++){
      |                                             ^
D:/dev_2025/a3sk_revA/pricture_viewer_new/software/nios_app/Bitmap_File.c:111:45: note: each undeclared identifier is reported only once for each function it appears in
D:/dev_2025/a3sk_revA/pricture_viewer_new/software/nios_app/Bitmap_File.c:112:87: error: 'width' undeclared (first use in this function); did you mean 'nWidth'?
  112 |                                                 fr = f_read(&fil, (void *)pLineStart, width*3, &ReadLen);
      |                                                                                       ^~~~~
      |                                                                                       nWidth
D:/dev_2025/a3sk_revA/pricture_viewer_new/software/nios_app/Bitmap_File.c:115:57: warning: incompatible implicit declaration of built-in function 'printf' [-Wbuiltin-declaration-mismatch]
  115 |                                                         printf("Failed to read file %s\r\n", pFilename);
      |                                                         ^~~~~~
D:/dev_2025/a3sk_revA/pricture_viewer_new/software/nios_app/Bitmap_File.c:115:57: note: include '<stdio.h>' or provide a declaration of 'printf'
make[2]: *** [CMakeFiles/nios_app.elf.dir/build.make:233: CMakeFiles/nios_app.elf.dir/Bitmap_File.c.obj] Error 1
make[1]: *** [CMakeFiles/Makefile2:118: CMakeFiles/nios_app.elf.dir/all] Error 2
make: *** [Makefile:91: all] Error 2
"C:/altera_pro/25.1/riscfree/build_tools/bin/make.exe -j all" terminated with exit code 2. Build might be incomplete.
13:27:48 **** Incremental Build of configuration Debug for project nios_app ****
"C:\\altera_pro\\25.1\\riscfree\\build_tools\\bin\\make.exe" -j all 
[ 84%] Built target hal2_bsp
[ 85%] Building C object CMakeFiles/nios_app.elf.dir/Bitmap_File.c.obj
D:/dev_2025/a3sk_revA/pricture_viewer_new/software/nios_app/Bitmap_File.c: In function 'BMP_IsSupported':
D:/dev_2025/a3sk_revA/pricture_viewer_new/software/nios_app/Bitmap_File.c:26:17: warning: implicit declaration of function 'printf' [-Wimplicit-function-declaration]
   26 |                 printf("failed to open file - %s\r\n", pFilenamme);
      |                 ^~~~~~
D:/dev_2025/a3sk_revA/pricture_viewer_new/software/nios_app/Bitmap_File.c:12:1: note: include '<stdio.h>' or provide a declaration of 'printf'
   11 | #include "Bitmap_File.h"
  +++ |+#include <stdio.h>
   12 | 
D:/dev_2025/a3sk_revA/pricture_viewer_new/software/nios_app/Bitmap_File.c:26:17: warning: incompatible implicit declaration of built-in function 'printf' [-Wbuiltin-declaration-mismatch]
   26 |                 printf("failed to open file - %s\r\n", pFilenamme);
      |                 ^~~~~~
D:/dev_2025/a3sk_revA/pricture_viewer_new/software/nios_app/Bitmap_File.c:26:17: note: include '<stdio.h>' or provide a declaration of 'printf'
D:/dev_2025/a3sk_revA/pricture_viewer_new/software/nios_app/Bitmap_File.c: In function 'BMP_find_image_file':
D:/dev_2025/a3sk_revA/pricture_viewer_new/software/nios_app/Bitmap_File.c:64:17: warning: implicit declaration of function 'strcpy' [-Wimplicit-function-declaration]
   64 |                 strcpy(szFileList[nFileCnt], fno.fname);
      |                 ^~~~~~
D:/dev_2025/a3sk_revA/pricture_viewer_new/software/nios_app/Bitmap_File.c:12:1: note: include '<string.h>' or provide a declaration of 'strcpy'
   11 | #include "Bitmap_File.h"
  +++ |+#include <string.h>
   12 | 
D:/dev_2025/a3sk_revA/pricture_viewer_new/software/nios_app/Bitmap_File.c:64:17: warning: incompatible implicit declaration of built-in function 'strcpy' [-Wbuiltin-declaration-mismatch]
   64 |                 strcpy(szFileList[nFileCnt], fno.fname);
      |                 ^~~~~~
D:/dev_2025/a3sk_revA/pricture_viewer_new/software/nios_app/Bitmap_File.c:64:17: note: include '<string.h>' or provide a declaration of 'strcpy'
D:/dev_2025/a3sk_revA/pricture_viewer_new/software/nios_app/Bitmap_File.c: In function 'BMP_draw':
D:/dev_2025/a3sk_revA/pricture_viewer_new/software/nios_app/Bitmap_File.c:94:17: warning: incompatible implicit declaration of built-in function 'printf' [-Wbuiltin-declaration-mismatch]
   94 |                 printf("failed to open file - %s\r\n", pFilename);
      |                 ^~~~~~
D:/dev_2025/a3sk_revA/pricture_viewer_new/software/nios_app/Bitmap_File.c:94:17: note: include '<stdio.h>' or provide a declaration of 'printf'
D:/dev_2025/a3sk_revA/pricture_viewer_new/software/nios_app/Bitmap_File.c:111:52: warning: pointer targets in assignment from 'char *' to 'unsigned char *' differ in signedness [-Wpointer-sign]
  111 |                                         pLineStart = (char *)pMem + (nHeight-1)*nWidth*3;
      |                                                    ^
D:/dev_2025/a3sk_revA/pricture_viewer_new/software/nios_app/Bitmap_File.c:113:87: error: 'width' undeclared (first use in this function); did you mean 'nWidth'?
  113 |                                                 fr = f_read(&fil, (void *)pLineStart, width*3, &ReadLen);
      |                                                                                       ^~~~~
      |                                                                                       nWidth
D:/dev_2025/a3sk_revA/pricture_viewer_new/software/nios_app/Bitmap_File.c:113:87: note: each undeclared identifier is reported only once for each function it appears in
D:/dev_2025/a3sk_revA/pricture_viewer_new/software/nios_app/Bitmap_File.c:116:57: warning: incompatible implicit declaration of built-in function 'printf' [-Wbuiltin-declaration-mismatch]
  116 |                                                         printf("Failed to read file %s\r\n", pFilename);
      |                                                         ^~~~~~
D:/dev_2025/a3sk_revA/pricture_viewer_new/software/nios_app/Bitmap_File.c:116:57: note: include '<stdio.h>' or provide a declaration of 'printf'
make[2]: *** [CMakeFiles/nios_app.elf.dir/build.make:233: CMakeFiles/nios_app.elf.dir/Bitmap_File.c.obj] Error 1
make[1]: *** [CMakeFiles/Makefile2:118: CMakeFiles/nios_app.elf.dir/all] Error 2
make: *** [Makefile:91: all] Error 2
"C:/altera_pro/25.1/riscfree/build_tools/bin/make.exe -j all" terminated with exit code 2. Build might be incomplete.
13:28:07 **** Incremental Build of configuration Debug for project nios_app ****
"C:\\altera_pro\\25.1\\riscfree\\build_tools\\bin\\make.exe" -j all 
[ 84%] Built target hal2_bsp
[ 85%] Building C object CMakeFiles/nios_app.elf.dir/Bitmap_File.c.obj
D:/dev_2025/a3sk_revA/pricture_viewer_new/software/nios_app/Bitmap_File.c: In function 'BMP_IsSupported':
D:/dev_2025/a3sk_revA/pricture_viewer_new/software/nios_app/Bitmap_File.c:26:17: warning: implicit declaration of function 'printf' [-Wimplicit-function-declaration]
   26 |                 printf("failed to open file - %s\r\n", pFilenamme);
      |                 ^~~~~~
D:/dev_2025/a3sk_revA/pricture_viewer_new/software/nios_app/Bitmap_File.c:12:1: note: include '<stdio.h>' or provide a declaration of 'printf'
   11 | #include "Bitmap_File.h"
  +++ |+#include <stdio.h>
   12 | 
D:/dev_2025/a3sk_revA/pricture_viewer_new/software/nios_app/Bitmap_File.c:26:17: warning: incompatible implicit declaration of built-in function 'printf' [-Wbuiltin-declaration-mismatch]
   26 |                 printf("failed to open file - %s\r\n", pFilenamme);
      |                 ^~~~~~
D:/dev_2025/a3sk_revA/pricture_viewer_new/software/nios_app/Bitmap_File.c:26:17: note: include '<stdio.h>' or provide a declaration of 'printf'
D:/dev_2025/a3sk_revA/pricture_viewer_new/software/nios_app/Bitmap_File.c: In function 'BMP_find_image_file':
D:/dev_2025/a3sk_revA/pricture_viewer_new/software/nios_app/Bitmap_File.c:64:17: warning: implicit declaration of function 'strcpy' [-Wimplicit-function-declaration]
   64 |                 strcpy(szFileList[nFileCnt], fno.fname);
      |                 ^~~~~~
D:/dev_2025/a3sk_revA/pricture_viewer_new/software/nios_app/Bitmap_File.c:12:1: note: include '<string.h>' or provide a declaration of 'strcpy'
   11 | #include "Bitmap_File.h"
  +++ |+#include <string.h>
   12 | 
D:/dev_2025/a3sk_revA/pricture_viewer_new/software/nios_app/Bitmap_File.c:64:17: warning: incompatible implicit declaration of built-in function 'strcpy' [-Wbuiltin-declaration-mismatch]
   64 |                 strcpy(szFileList[nFileCnt], fno.fname);
      |                 ^~~~~~
D:/dev_2025/a3sk_revA/pricture_viewer_new/software/nios_app/Bitmap_File.c:64:17: note: include '<string.h>' or provide a declaration of 'strcpy'
D:/dev_2025/a3sk_revA/pricture_viewer_new/software/nios_app/Bitmap_File.c: In function 'BMP_draw':
D:/dev_2025/a3sk_revA/pricture_viewer_new/software/nios_app/Bitmap_File.c:94:17: warning: incompatible implicit declaration of built-in function 'printf' [-Wbuiltin-declaration-mismatch]
   94 |                 printf("failed to open file - %s\r\n", pFilename);
      |                 ^~~~~~
D:/dev_2025/a3sk_revA/pricture_viewer_new/software/nios_app/Bitmap_File.c:94:17: note: include '<stdio.h>' or provide a declaration of 'printf'
D:/dev_2025/a3sk_revA/pricture_viewer_new/software/nios_app/Bitmap_File.c:111:52: warning: pointer targets in assignment from 'char *' to 'unsigned char *' differ in signedness [-Wpointer-sign]
  111 |                                         pLineStart = (char *)pMem + (nHeight-1)*nWidth*3;
      |                                                    ^
D:/dev_2025/a3sk_revA/pricture_viewer_new/software/nios_app/Bitmap_File.c:113:87: error: 'width' undeclared (first use in this function); did you mean 'nWidth'?
  113 |                                                 fr = f_read(&fil, (void *)pLineStart, width*3, &ReadLen);
      |                                                                                       ^~~~~
      |                                                                                       nWidth
D:/dev_2025/a3sk_revA/pricture_viewer_new/software/nios_app/Bitmap_File.c:113:87: note: each undeclared identifier is reported only once for each function it appears in
D:/dev_2025/a3sk_revA/pricture_viewer_new/software/nios_app/Bitmap_File.c:116:57: warning: incompatible implicit declaration of built-in function 'printf' [-Wbuiltin-declaration-mismatch]
  116 |                                                         printf("Failed to read file %s\r\n", pFilename);
      |                                                         ^~~~~~
D:/dev_2025/a3sk_revA/pricture_viewer_new/software/nios_app/Bitmap_File.c:116:57: note: include '<stdio.h>' or provide a declaration of 'printf'
make[2]: *** [CMakeFiles/nios_app.elf.dir/build.make:233: CMakeFiles/nios_app.elf.dir/Bitmap_File.c.obj] Error 1
make[1]: *** [CMakeFiles/Makefile2:118: CMakeFiles/nios_app.elf.dir/all] Error 2
make: *** [Makefile:91: all] Error 2
"C:/altera_pro/25.1/riscfree/build_tools/bin/make.exe -j all" terminated with exit code 2. Build might be incomplete.
13:28:57 **** Incremental Build of configuration Debug for project nios_app ****
"C:\\altera_pro\\25.1\\riscfree\\build_tools\\bin\\make.exe" -j all 
[ 84%] Built target hal2_bsp
[ 85%] Building C object CMakeFiles/nios_app.elf.dir/Bitmap_File.c.obj
D:/dev_2025/a3sk_revA/pricture_viewer_new/software/nios_app/Bitmap_File.c: In function 'BMP_IsSupported':
D:/dev_2025/a3sk_revA/pricture_viewer_new/software/nios_app/Bitmap_File.c:26:17: warning: implicit declaration of function 'printf' [-Wimplicit-function-declaration]
   26 |                 printf("failed to open file - %s\r\n", pFilenamme);
      |                 ^~~~~~
D:/dev_2025/a3sk_revA/pricture_viewer_new/software/nios_app/Bitmap_File.c:12:1: note: include '<stdio.h>' or provide a declaration of 'printf'
   11 | #include "Bitmap_File.h"
  +++ |+#include <stdio.h>
   12 | 
D:/dev_2025/a3sk_revA/pricture_viewer_new/software/nios_app/Bitmap_File.c:26:17: warning: incompatible implicit declaration of built-in function 'printf' [-Wbuiltin-declaration-mismatch]
   26 |                 printf("failed to open file - %s\r\n", pFilenamme);
      |                 ^~~~~~
D:/dev_2025/a3sk_revA/pricture_viewer_new/software/nios_app/Bitmap_File.c:26:17: note: include '<stdio.h>' or provide a declaration of 'printf'
D:/dev_2025/a3sk_revA/pricture_viewer_new/software/nios_app/Bitmap_File.c: In function 'BMP_find_image_file':
D:/dev_2025/a3sk_revA/pricture_viewer_new/software/nios_app/Bitmap_File.c:64:17: warning: implicit declaration of function 'strcpy' [-Wimplicit-function-declaration]
   64 |                 strcpy(szFileList[nFileCnt], fno.fname);
      |                 ^~~~~~
D:/dev_2025/a3sk_revA/pricture_viewer_new/software/nios_app/Bitmap_File.c:12:1: note: include '<string.h>' or provide a declaration of 'strcpy'
   11 | #include "Bitmap_File.h"
  +++ |+#include <string.h>
   12 | 
D:/dev_2025/a3sk_revA/pricture_viewer_new/software/nios_app/Bitmap_File.c:64:17: warning: incompatible implicit declaration of built-in function 'strcpy' [-Wbuiltin-declaration-mismatch]
   64 |                 strcpy(szFileList[nFileCnt], fno.fname);
      |                 ^~~~~~
D:/dev_2025/a3sk_revA/pricture_viewer_new/software/nios_app/Bitmap_File.c:64:17: note: include '<string.h>' or provide a declaration of 'strcpy'
D:/dev_2025/a3sk_revA/pricture_viewer_new/software/nios_app/Bitmap_File.c: In function 'BMP_draw':
D:/dev_2025/a3sk_revA/pricture_viewer_new/software/nios_app/Bitmap_File.c:95:17: warning: incompatible implicit declaration of built-in function 'printf' [-Wbuiltin-declaration-mismatch]
   95 |                 printf("failed to open file - %s\r\n", pFilename);
      |                 ^~~~~~
D:/dev_2025/a3sk_revA/pricture_viewer_new/software/nios_app/Bitmap_File.c:95:17: note: include '<stdio.h>' or provide a declaration of 'printf'
D:/dev_2025/a3sk_revA/pricture_viewer_new/software/nios_app/Bitmap_File.c:112:52: warning: pointer targets in assignment from 'char *' to 'unsigned char *' differ in signedness [-Wpointer-sign]
  112 |                                         pLineStart = (char *)pMem + (nHeight-1)*nLineSize;
      |                                                    ^
D:/dev_2025/a3sk_revA/pricture_viewer_new/software/nios_app/Bitmap_File.c:117:57: warning: incompatible implicit declaration of built-in function 'printf' [-Wbuiltin-declaration-mismatch]
  117 |                                                         printf("Failed to read file %s\r\n", pFilename);
      |                                                         ^~~~~~
D:/dev_2025/a3sk_revA/pricture_viewer_new/software/nios_app/Bitmap_File.c:117:57: note: include '<stdio.h>' or provide a declaration of 'printf'
[ 86%] Linking CXX executable nios_app.elf
[ 98%] Built target nios_app.elf
[ 98%] Creating onchip_memory.hex.
[ 99%] Reporting memory available for stack + heap in nios_app.elf.
[100%] Creating nios_app.elf.objdump.
[100%] Built target create-hex
[100%] Built target create-objdump
nios_app.elf
 * 300.27 KB - Program size (code + initialized data).
 * 205.45 KB - Free for stack + heap.
[100%] Built target niosv-stack-report
13:31:41 **** Incremental Build of configuration Debug for project nios_app ****
"C:\\altera_pro\\25.1\\riscfree\\build_tools\\bin\\make.exe" -j all 
[ 84%] Built target hal2_bsp
[ 85%] Building C object CMakeFiles/nios_app.elf.dir/Bitmap_File.c.obj
D:/dev_2025/a3sk_revA/pricture_viewer_new/software/nios_app/Bitmap_File.c: In function 'BMP_IsSupported':
D:/dev_2025/a3sk_revA/pricture_viewer_new/software/nios_app/Bitmap_File.c:26:17: warning: implicit declaration of function 'printf' [-Wimplicit-function-declaration]
   26 |                 printf("failed to open file - %s\r\n", pFilenamme);
      |                 ^~~~~~
D:/dev_2025/a3sk_revA/pricture_viewer_new/software/nios_app/Bitmap_File.c:12:1: note: include '<stdio.h>' or provide a declaration of 'printf'
   11 | #include "Bitmap_File.h"
  +++ |+#include <stdio.h>
   12 | 
D:/dev_2025/a3sk_revA/pricture_viewer_new/software/nios_app/Bitmap_File.c:26:17: warning: incompatible implicit declaration of built-in function 'printf' [-Wbuiltin-declaration-mismatch]
   26 |                 printf("failed to open file - %s\r\n", pFilenamme);
      |                 ^~~~~~
D:/dev_2025/a3sk_revA/pricture_viewer_new/software/nios_app/Bitmap_File.c:26:17: note: include '<stdio.h>' or provide a declaration of 'printf'
D:/dev_2025/a3sk_revA/pricture_viewer_new/software/nios_app/Bitmap_File.c: In function 'BMP_find_image_file':
D:/dev_2025/a3sk_revA/pricture_viewer_new/software/nios_app/Bitmap_File.c:64:17: warning: implicit declaration of function 'strcpy' [-Wimplicit-function-declaration]
   64 |                 strcpy(szFileList[nFileCnt], fno.fname);
      |                 ^~~~~~
D:/dev_2025/a3sk_revA/pricture_viewer_new/software/nios_app/Bitmap_File.c:12:1: note: include '<string.h>' or provide a declaration of 'strcpy'
   11 | #include "Bitmap_File.h"
  +++ |+#include <string.h>
   12 | 
D:/dev_2025/a3sk_revA/pricture_viewer_new/software/nios_app/Bitmap_File.c:64:17: warning: incompatible implicit declaration of built-in function 'strcpy' [-Wbuiltin-declaration-mismatch]
   64 |                 strcpy(szFileList[nFileCnt], fno.fname);
      |                 ^~~~~~
D:/dev_2025/a3sk_revA/pricture_viewer_new/software/nios_app/Bitmap_File.c:64:17: note: include '<string.h>' or provide a declaration of 'strcpy'
D:/dev_2025/a3sk_revA/pricture_viewer_new/software/nios_app/Bitmap_File.c: In function 'BMP_draw':
D:/dev_2025/a3sk_revA/pricture_viewer_new/software/nios_app/Bitmap_File.c:95:17: warning: incompatible implicit declaration of built-in function 'printf' [-Wbuiltin-declaration-mismatch]
   95 |                 printf("failed to open file - %s\r\n", pFilename);
      |                 ^~~~~~
D:/dev_2025/a3sk_revA/pricture_viewer_new/software/nios_app/Bitmap_File.c:95:17: note: include '<stdio.h>' or provide a declaration of 'printf'
D:/dev_2025/a3sk_revA/pricture_viewer_new/software/nios_app/Bitmap_File.c:112:52: warning: pointer targets in assignment from 'char *' to 'unsigned char *' differ in signedness [-Wpointer-sign]
  112 |                                         pLineStart = (char *)pMem + (nHeight-1)*nLineSize;
      |                                                    ^
D:/dev_2025/a3sk_revA/pricture_viewer_new/software/nios_app/Bitmap_File.c:117:57: warning: incompatible implicit declaration of built-in function 'printf' [-Wbuiltin-declaration-mismatch]
  117 |                                                         printf("Failed to read file %s\r\n", pFilename);
      |                                                         ^~~~~~
D:/dev_2025/a3sk_revA/pricture_viewer_new/software/nios_app/Bitmap_File.c:117:57: note: include '<stdio.h>' or provide a declaration of 'printf'
[ 86%] Linking CXX executable nios_app.elf
[ 98%] Built target nios_app.elf
[100%] Creating onchip_memory.hex.
[100%] Reporting memory available for stack + heap in nios_app.elf.
[100%] Creating nios_app.elf.objdump.
[100%] Built target create-objdump
nios_app.elf
 * 300.27 KB - Program size (code + initialized data).
 * 205.45 KB - Free for stack + heap.
[100%] Built target create-hex
[100%] Built target niosv-stack-report
13:38:42 **** Incremental Build of configuration Debug for project nios_app ****
"C:\\altera_pro\\25.1\\riscfree\\build_tools\\bin\\make.exe" -j all 
[ 84%] Built target hal2_bsp
[ 85%] Building CXX object CMakeFiles/nios_app.elf.dir/main.cpp.obj
[ 86%] Linking CXX executable nios_app.elf
[ 98%] Built target nios_app.elf
[100%] Creating nios_app.elf.objdump.
[100%] Creating onchip_memory.hex.
[100%] Reporting memory available for stack + heap in nios_app.elf.
[100%] Built target create-objdump
[100%] Built target create-hex
nios_app.elf
 * 300.28 KB - Program size (code + initialized data).
 * 205.44 KB - Free for stack + heap.
[100%] Built target niosv-stack-report
13:44:18 **** Incremental Build of configuration Debug for project nios_app ****
"C:\\altera_pro\\25.1\\riscfree\\build_tools\\bin\\make.exe" -j all 
[ 84%] Built target hal2_bsp
[ 85%] Building CXX object CMakeFiles/nios_app.elf.dir/main.cpp.obj
D:/dev_2025/a3sk_revA/pricture_viewer_new/software/nios_app/main.cpp: In function 'void bitmap_show()':
D:/dev_2025/a3sk_revA/pricture_viewer_new/software/nios_app/main.cpp:583:82: error: 'width' was not declared in this scope; did you mean 'nWidth'?
  583 |                         alt_dcache_flush((void *)BuffsetSet_BaseAddr[Frame_Set], width*height*3);
      |                                                                                  ^~~~~
      |                                                                                  nWidth
D:/dev_2025/a3sk_revA/pricture_viewer_new/software/nios_app/main.cpp:583:88: error: 'height' was not declared in this scope; did you mean 'nHeight'?
  583 |                         alt_dcache_flush((void *)BuffsetSet_BaseAddr[Frame_Set], width*height*3);
      |                                                                                        ^~~~~~
      |                                                                                        nHeight
make[2]: *** [CMakeFiles/nios_app.elf.dir/build.make:79: CMakeFiles/nios_app.elf.dir/main.cpp.obj] Error 1
make[1]: *** [CMakeFiles/Makefile2:118: CMakeFiles/nios_app.elf.dir/all] Error 2
make: *** [Makefile:91: all] Error 2
"C:/altera_pro/25.1/riscfree/build_tools/bin/make.exe -j all" terminated with exit code 2. Build might be incomplete.
13:44:45 **** Incremental Build of configuration Debug for project nios_app ****
"C:\\altera_pro\\25.1\\riscfree\\build_tools\\bin\\make.exe" -j all 
[ 84%] Built target hal2_bsp
[ 85%] Building CXX object CMakeFiles/nios_app.elf.dir/main.cpp.obj
[ 86%] Linking CXX executable nios_app.elf
[ 98%] Built target nios_app.elf
[ 98%] Creating onchip_memory.hex.
[ 99%] Reporting memory available for stack + heap in nios_app.elf.
[100%] Creating nios_app.elf.objdump.
nios_app.elf
 * 300.44 KB - Program size (code + initialized data).
 * 205.28 KB - Free for stack + heap.
[100%] Built target create-objdump
[100%] Built target create-hex
[100%] Built target niosv-stack-report
14:19:49 **** Incremental Build of configuration Debug for project nios_app ****
"C:\\altera_pro\\25.1\\riscfree\\build_tools\\bin\\make.exe" -j all 
-- Configuring done (0.0s)
-- Generating done (0.0s)
-- Build files have been written to: D:/dev_2025/a3sk_revA/pricture_viewer_new/software/nios_app/build/Debug
[  1%] Building ASM object nios_bsp/CMakeFiles/hal2_bsp.dir/HAL/src/alt_vic_vector_table.S.obj
[  2%] Building C object nios_bsp/CMakeFiles/hal2_bsp.dir/HAL/src/alt_icache_flush_all.c.obj
[  2%] Building C object nios_bsp/CMakeFiles/hal2_bsp.dir/HAL/src/alt_alarm_start.c.obj
[  5%] Building C object nios_bsp/CMakeFiles/hal2_bsp.dir/HAL/src/alt_lseek.c.obj
[  4%] Building C object nios_bsp/CMakeFiles/hal2_bsp.dir/HAL/src/alt_icache_flush.c.obj
[  7%] Building C object nios_bsp/CMakeFiles/hal2_bsp.dir/HAL/src/alt_get_fd.c.obj
[ 12%] Building C object nios_bsp/CMakeFiles/hal2_bsp.dir/HAL/src/intel_fpga_api_niosv.c.obj
[  5%] Building C object nios_bsp/CMakeFiles/hal2_bsp.dir/HAL/src/alt_gmon.c.obj
[ 17%] Building C object nios_bsp/CMakeFiles/hal2_bsp.dir/HAL/src/alt_ecc_exception.c.obj
[ 19%] Building ASM object nios_bsp/CMakeFiles/hal2_bsp.dir/HAL/src/alt_ecc_exception_entry.S.obj
[ 22%] Building C object nios_bsp/CMakeFiles/hal2_bsp.dir/HAL/src/alt_busy_sleep.c.obj
[ 11%] Building C object nios_bsp/CMakeFiles/hal2_bsp.dir/HAL/src/alt_tick.c.obj
[  9%] Building C object nios_bsp/CMakeFiles/hal2_bsp.dir/HAL/src/alt_fd_unlock.c.obj
[  8%] Building C object nios_bsp/CMakeFiles/hal2_bsp.dir/HAL/src/alt_io_redirect.c.obj
[  3%] Building C object nios_bsp/CMakeFiles/hal2_bsp.dir/HAL/src/alt_exit.c.obj
[ 16%] Building ASM object nios_bsp/CMakeFiles/hal2_bsp.dir/HAL/src/alt_mcount.S.obj
[ 13%] Building C object nios_bsp/CMakeFiles/hal2_bsp.dir/HAL/src/alt_vic_isr_wrapper.c.obj
[ 21%] Building C object nios_bsp/CMakeFiles/hal2_bsp.dir/HAL/src/alt_dcache_flush.c.obj
[ 31%] Building C object nios_bsp/CMakeFiles/hal2_bsp.dir/HAL/src/alt_dma_txchan_open.c.obj
[ 15%] Building C object nios_bsp/CMakeFiles/hal2_bsp.dir/HAL/src/intel_niosv_irq.c.obj
[  6%] Building C object nios_bsp/CMakeFiles/hal2_bsp.dir/HAL/src/alt_find_dev.c.obj
[ 13%] Building C object nios_bsp/CMakeFiles/hal2_bsp.dir/HAL/src/alt_irq_handler.c.obj
[ 23%] Building C object nios_bsp/CMakeFiles/hal2_bsp.dir/drivers/mtm/intel_vvp_vfr/src/intel_vvp_vfr.c.obj
[ 27%] Building C object nios_bsp/CMakeFiles/hal2_bsp.dir/drivers/mtm/drivers_common/HAL/src/intel_vvp_core_irq.c.obj
[ 10%] Building C object nios_bsp/CMakeFiles/hal2_bsp.dir/HAL/src/alt_read.c.obj
[ 26%] Building C object nios_bsp/CMakeFiles/hal2_bsp.dir/drivers/src/altera_avalon_jtag_uart_ioctl.c.obj
[ 24%] Building C object nios_bsp/CMakeFiles/hal2_bsp.dir/drivers/src/altera_avalon_jtag_uart_write.c.obj
[ 19%] Building C object nios_bsp/CMakeFiles/hal2_bsp.dir/HAL/src/intel_fpga_platform_api_niosv.c.obj
[ 14%] Building C object nios_bsp/CMakeFiles/hal2_bsp.dir/HAL/src/alt_dev.c.obj
[ 23%] Building C object nios_bsp/CMakeFiles/hal2_bsp.dir/HAL/src/intel_fpga_api_cmn_inf.c.obj
[ 34%] Building C object nios_bsp/CMakeFiles/hal2_bsp.dir/HAL/src/alt_sbrk.c.obj
[ 24%] Building C object nios_bsp/CMakeFiles/hal2_bsp.dir/drivers/mtm/drivers_common/src/intel_vvp_core.c.obj
[ 29%] Building C object nios_bsp/CMakeFiles/hal2_bsp.dir/HAL/src/alt_close.c.obj
[ 38%] Building C object nios_bsp/CMakeFiles/hal2_bsp.dir/HAL/src/alt_flash_dev.c.obj
[ 35%] Building C object nios_bsp/CMakeFiles/hal2_bsp.dir/HAL/src/alt_dcache_flush_all.c.obj
[ 36%] Building C object nios_bsp/CMakeFiles/hal2_bsp.dir/HAL/src/alt_iic.c.obj
[ 30%] Building C object nios_bsp/CMakeFiles/hal2_bsp.dir/HAL/src/alt_dcache_flush_no_writeback.c.obj
[ 45%] Building ASM object nios_bsp/CMakeFiles/hal2_bsp.dir/HAL/src/machine_trap.S.obj
[ 25%] Building C object nios_bsp/CMakeFiles/hal2_bsp.dir/HAL/src/alt_iic_isr_register.c.obj
[ 48%] Building C object nios_bsp/CMakeFiles/hal2_bsp.dir/HAL/src/intel_fpga_api_cmn_dfl.c.obj
[ 37%] Building C object nios_bsp/CMakeFiles/hal2_bsp.dir/HAL/src/alt_fs_reg.c.obj
[ 48%] Building C object nios_bsp/CMakeFiles/hal2_bsp.dir/HAL/src/alt_instruction_exception_register.c.obj
[ 40%] Building C object nios_bsp/CMakeFiles/hal2_bsp.dir/HAL/src/alt_ecc_error_inject.c.obj
[ 48%] Building ASM object nios_bsp/CMakeFiles/hal2_bsp.dir/HAL/src/crt0.S.obj
[ 48%] Building C object nios_bsp/CMakeFiles/hal2_bsp.dir/HAL/src/alt_dma_rxchan_open.c.obj
[ 49%] Building C object nios_bsp/CMakeFiles/hal2_bsp.dir/HAL/src/alt_open.c.obj
[ 44%] Building C object nios_bsp/CMakeFiles/hal2_bsp.dir/HAL/src/intel_fpga_api_cmn_msg.c.obj
[ 32%] Building C object nios_bsp/CMakeFiles/hal2_bsp.dir/HAL/src/alt_write.c.obj
[ 42%] Building C object nios_bsp/CMakeFiles/hal2_bsp.dir/HAL/src/alt_fd_lock.c.obj
[ 51%] Building C object nios_bsp/CMakeFiles/hal2_bsp.dir/drivers/src/altera_avalon_jtag_uart_fd.c.obj
[ 52%] Building C object nios_bsp/CMakeFiles/hal2_bsp.dir/HAL/src/alt_fstat.c.obj
[ 41%] Building C object nios_bsp/CMakeFiles/hal2_bsp.dir/HAL/src/mtimer.c.obj
[ 49%] Building C object nios_bsp/CMakeFiles/hal2_bsp.dir/alt_sys_init.c.obj
[ 50%] Building ASM object nios_bsp/CMakeFiles/hal2_bsp.dir/HAL/src/alt_log_macro.S.obj
[ 20%] Building C object nios_bsp/CMakeFiles/hal2_bsp.dir/HAL/src/alt_find_file.c.obj
[ 38%] Building C object nios_bsp/CMakeFiles/hal2_bsp.dir/drivers/src/altera_avalon_jtag_uart_init.c.obj
[ 54%] Building C object nios_bsp/CMakeFiles/hal2_bsp.dir/drivers/src/altera_avalon_jtag_uart_read.c.obj
[ 33%] Building C object nios_bsp/CMakeFiles/hal2_bsp.dir/HAL/src/alt_fcntl.c.obj
[ 43%] Building C object nios_bsp/CMakeFiles/hal2_bsp.dir/HAL/src/alt_ioctl.c.obj
[ 28%] Building C object nios_bsp/CMakeFiles/hal2_bsp.dir/HAL/src/alt_isatty.c.obj
[ 53%] Building C object nios_bsp/CMakeFiles/hal2_bsp.dir/drivers/src/altera_avalon_sysid_qsys.c.obj
[ 40%] Building C object nios_bsp/CMakeFiles/hal2_bsp.dir/HAL/src/alt_main.c.obj
[ 55%] Building C object nios_bsp/CMakeFiles/hal2_bsp.dir/HAL/src/alt_release_fd.c.obj
[ 55%] Linking C static library libhal2_bsp.a
[ 84%] Built target hal2_bsp
[ 85%] Building C object CMakeFiles/nios_app.elf.dir/terasic_sdcard/sd_protocol.c.obj
[ 87%] Building CXX object CMakeFiles/nios_app.elf.dir/VVP_FR.cpp.obj
[ 86%] Building C object CMakeFiles/nios_app.elf.dir/glue.c.obj
[ 90%] Building C object CMakeFiles/nios_app.elf.dir/terasic_sdcard/sd_lib.c.obj
D:/dev_2025/a3sk_revA/pricture_viewer_new/software/nios_app/terasic_sdcard/sd_protocol.c: In function 'SD_CMD9':
D:/dev_2025/a3sk_revA/pricture_viewer_new/software/nios_app/terasic_sdcard/sd_protocol.c:549:12: warning: 'nCopyLen' may be used uninitialized [-Wmaybe-uninitialized]
  549 |         if (nCopyLen > 16)
      |            ^
D:/dev_2025/a3sk_revA/pricture_viewer_new/software/nios_app/terasic_sdcard/sd_protocol.c:548:13: note: 'nCopyLen' was declared here
  548 |         int nCopyLen, x;
      |             ^~~~~~~~
D:/dev_2025/a3sk_revA/pricture_viewer_new/software/nios_app/terasic_sdcard/sd_protocol.c: In function 'SD_CMD10':
D:/dev_2025/a3sk_revA/pricture_viewer_new/software/nios_app/terasic_sdcard/sd_protocol.c:604:12: warning: 'nCopyLen' may be used uninitialized [-Wmaybe-uninitialized]
  604 |         if (nCopyLen > 16)
      |            ^
D:/dev_2025/a3sk_revA/pricture_viewer_new/software/nios_app/terasic_sdcard/sd_protocol.c:603:13: note: 'nCopyLen' was declared here
  603 |         int nCopyLen, x;
      |             ^~~~~~~~
[ 90%] Building C object CMakeFiles/nios_app.elf.dir/terasic_sdcard/crc7.c.obj
[ 89%] Building CXX object CMakeFiles/nios_app.elf.dir/main.cpp.obj
[ 89%] Building C object CMakeFiles/nios_app.elf.dir/terasic_sdcard/debug.c.obj
D:/dev_2025/a3sk_revA/pricture_viewer_new/software/nios_app/glue.c: In function 'RAM_disk_status':
D:/dev_2025/a3sk_revA/pricture_viewer_new/software/nios_app/glue.c:123:1: warning: control reaches end of non-void function [-Wreturn-type]
  123 | }
      | ^
D:/dev_2025/a3sk_revA/pricture_viewer_new/software/nios_app/glue.c: In function 'RAM_disk_initialize':
D:/dev_2025/a3sk_revA/pricture_viewer_new/software/nios_app/glue.c:127:1: warning: control reaches end of non-void function [-Wreturn-type]
  127 | }
      | ^
D:/dev_2025/a3sk_revA/pricture_viewer_new/software/nios_app/glue.c: In function 'RAM_disk_read':
D:/dev_2025/a3sk_revA/pricture_viewer_new/software/nios_app/glue.c:135:1: warning: control reaches end of non-void function [-Wreturn-type]
  135 | }
      | ^
D:/dev_2025/a3sk_revA/pricture_viewer_new/software/nios_app/glue.c: In function 'RAM_disk_write':
D:/dev_2025/a3sk_revA/pricture_viewer_new/software/nios_app/glue.c:143:1: warning: control reaches end of non-void function [-Wreturn-type]
  143 | }
      | ^
D:/dev_2025/a3sk_revA/pricture_viewer_new/software/nios_app/glue.c: In function 'USB_disk_status':
D:/dev_2025/a3sk_revA/pricture_viewer_new/software/nios_app/terasic_sdcard/sd_lib.c: In function 'SDLIB_WriteBlock512':
D:/dev_2025/a3sk_revA/pricture_viewer_new/software/nios_app/glue.c:148:1: warning: control reaches end of non-void function [-Wreturn-type]
  148 | }
      | ^
D:/dev_2025/a3sk_revA/pricture_viewer_new/software/nios_app/terasic_sdcard/sd_lib.c:329:32: warning: passing argument 1 of 'SD_WriteData512' discards 'const' qualifier from pointer target type [-Wdiscarded-qualifiers]
  329 |     bSuccess = SD_WriteData512(szDataWrite);  // Write 512 bytes
      |                                ^~~~~~~~~~~
D:/dev_2025/a3sk_revA/pricture_viewer_new/software/nios_app/glue.c: In function 'USB_disk_initialize':
D:/dev_2025/a3sk_revA/pricture_viewer_new/software/nios_app/glue.c:152:1: warning: control reaches end of non-void function [-Wreturn-type]
  152 | }
      | ^
D:/dev_2025/a3sk_revA/pricture_viewer_new/software/nios_app/glue.c: In function 'USB_disk_read':
D:/dev_2025/a3sk_revA/pricture_viewer_new/software/nios_app/glue.c:160:1: warning: control reaches end of non-void function [-Wreturn-type]
  160 | }
      | ^
In file included from D:/dev_2025/a3sk_revA/pricture_viewer_new/software/nios_app/terasic_sdcard/sd_lib.c:45:
D:/dev_2025/a3sk_revA/pricture_viewer_new/software/nios_app/terasic_sdcard/sd_protocol.h:66:29: note: expected 'alt_u8 *' {aka 'unsigned char *'} but argument is of type 'const alt_u8 *' {aka 'const unsigned char *'}
   66 | bool SD_WriteData512(alt_u8 szDataWrite[]);
      |                      ~~~~~~~^~~~~~~~~~~~~
D:/dev_2025/a3sk_revA/pricture_viewer_new/software/nios_app/glue.c: In function 'USB_disk_write':
D:/dev_2025/a3sk_revA/pricture_viewer_new/software/nios_app/glue.c:168:1: warning: control reaches end of non-void function [-Wreturn-type]
  168 | }
      | ^
D:/dev_2025/a3sk_revA/pricture_viewer_new/software/nios_app/terasic_sdcard/debug.c: In function 'debug_output':
D:/dev_2025/a3sk_revA/pricture_viewer_new/software/nios_app/terasic_sdcard/debug.c:55:5: warning: format not a string literal and no format arguments [-Wformat-security]
   55 |     printf(pMessage);
      |     ^~~~~~
D:/dev_2025/a3sk_revA/pricture_viewer_new/software/nios_app/terasic_sdcard/debug.c: In function 'myprintf_hexarray':
D:/dev_2025/a3sk_revA/pricture_viewer_new/software/nios_app/terasic_sdcard/debug.c:83:17: warning: pointer targets in passing argument 1 of 'sprintf' differ in signedness [-Wpointer-sign]
   83 |         sprintf(szText, "[%02X]", *(pHex+i));
      |                 ^~~~~~
      |                 |
      |                 unsigned char *
In file included from D:/dev_2025/a3sk_revA/pricture_viewer_new/software/nios_app/terasic_sdcard/debug.c:33:
C:/altera_pro/25.1/riscfree/toolchain/riscv32-unknown-elf/riscv32-unknown-elf/include/stdio.h:250:18: note: expected 'char * restrict' but argument is of type 'unsigned char *'
  250 | int     sprintf (char *__restrict, const char *__restrict, ...)
      |                  ^
In file included from D:/dev_2025/a3sk_revA/pricture_viewer_new/software/nios_app/terasic_sdcard/terasic_includes.h:59,
                 from D:/dev_2025/a3sk_revA/pricture_viewer_new/software/nios_app/terasic_sdcard/debug.c:35:
D:/dev_2025/a3sk_revA/pricture_viewer_new/software/nios_app/terasic_sdcard/debug.c:84:16: warning: pointer targets in passing argument 1 of 'myprintf' differ in signedness [-Wpointer-sign]
   84 |         DEBUG((szText));
      |                ^~~~~~
      |                |
      |                unsigned char *
D:/dev_2025/a3sk_revA/pricture_viewer_new/software/nios_app/terasic_sdcard/debug.h:75:46: note: in definition of macro 'DEBUG'
   75 |     #define DEBUG(x)               {myprintf x;}  // standard in/out, specifed in project (it could be uart, jtag, or lcd)
      |                                              ^
D:/dev_2025/a3sk_revA/pricture_viewer_new/software/nios_app/terasic_sdcard/debug.c:64:20: note: expected 'char *' but argument is of type 'unsigned char *'
   64 | int myprintf(char *format, ...){
      |              ~~~~~~^~~~~~
[ 91%] Building CXX object CMakeFiles/nios_app.elf.dir/VVP_CORE.cpp.obj
D:/dev_2025/a3sk_revA/pricture_viewer_new/software/nios_app/VVP_FR.cpp: In member function 'virtual void VVP_FR::ShowStatus()':
D:/dev_2025/a3sk_revA/pricture_viewer_new/software/nios_app/VVP_FR.cpp:43:19: warning: unused variable 'status' [-Wunused-variable]
   43 |         uint32_t  status, value32;
      |                   ^~~~~~
D:/dev_2025/a3sk_revA/pricture_viewer_new/software/nios_app/VVP_FR.cpp:43:27: warning: unused variable 'value32' [-Wunused-variable]
   43 |         uint32_t  status, value32;
      |                           ^~~~~~~
D:/dev_2025/a3sk_revA/pricture_viewer_new/software/nios_app/VVP_CORE.cpp: In member function 'void VVP_CORE::DumpRegister(REG_INFO*, int)':
D:/dev_2025/a3sk_revA/pricture_viewer_new/software/nios_app/VVP_CORE.cpp:32:30: warning: format '%d' expects argument of type 'int', but argument 3 has type 'uint32_t' {aka 'long unsigned int'} [-Wformat=]
   32 |                 printf("%s: %d (%xh)\r\n", szRegInfo[i].szHint, value32 & szRegInfo[i].ValueMask, value32);
      |                             ~^                                  ~~~~~~~~~~~~~~~~~~~~~~~~~~~~~~~~
      |                              |                                          |
      |                              int                                        uint32_t {aka long unsigned int}
      |                             %ld
D:/dev_2025/a3sk_revA/pricture_viewer_new/software/nios_app/VVP_CORE.cpp:32:34: warning: format '%x' expects argument of type 'unsigned int', but argument 4 has type 'uint32_t' {aka 'long unsigned int'} [-Wformat=]
   32 |                 printf("%s: %d (%xh)\r\n", szRegInfo[i].szHint, value32 & szRegInfo[i].ValueMask, value32);
      |                                 ~^                                                                ~~~~~~~
      |                                  |                                                                |
      |                                  unsigned int                                                     uint32_t {aka long unsigned int}
      |                                 %lx
[ 92%] Linking CXX executable nios_app.elf
[ 98%] Built target nios_app.elf
[ 99%] Reporting memory available for stack + heap in nios_app.elf.
[ 98%] Creating onchip_memory.hex.
[100%] Creating nios_app.elf.objdump.
[100%] Built target create-objdump
[100%] Built target create-hex
nios_app.elf
 * 300.44 KB - Program size (code + initialized data).
 * 205.28 KB - Free for stack + heap.
[100%] Built target niosv-stack-report
14:23:58 **** Incremental Build of configuration Debug for project nios_app ****
"C:\\altera_pro\\25.1\\riscfree\\build_tools\\bin\\make.exe" -j all 
[ 84%] Built target hal2_bsp
[ 85%] Building CXX object CMakeFiles/nios_app.elf.dir/main.cpp.obj
[ 86%] Linking CXX executable nios_app.elf
[ 98%] Built target nios_app.elf
[ 99%] Reporting memory available for stack + heap in nios_app.elf.
[ 99%] Creating onchip_memory.hex.
[100%] Creating nios_app.elf.objdump.
[100%] Built target create-objdump
[100%] Built target create-hex
nios_app.elf
 * 300.44 KB - Program size (code + initialized data).
 * 205.28 KB - Free for stack + heap.
[100%] Built target niosv-stack-report
14:49:12 Buildscript generation: nios_app::Debug in D:\dev_2025\a3sk_revA\pricture_viewer\software\nios_app\build\Debug
cmake -DCMAKE_BUILD_TYPE:STRING=Debug -DCMAKE_EXPORT_COMPILE_COMMANDS:BOOL=ON -G "Unix Makefiles" "D:\\dev_2025\\a3sk_revA\\pricture_viewer\\software\\nios_app" 
-- The C compiler identification is GNU 13.2.0
-- The CXX compiler identification is GNU 13.2.0
-- Detecting C compiler ABI info
-- Detecting C compiler ABI info - done
-- Check for working C compiler: C:/altera_pro/25.1/riscfree/toolchain/riscv32-unknown-elf/bin/riscv32-unknown-elf-gcc.exe - skipped
-- Detecting C compile features
-- Detecting C compile features - done
-- Detecting CXX compiler ABI info
-- Detecting CXX compiler ABI info - done
-- Check for working CXX compiler: C:/altera_pro/25.1/riscfree/toolchain/riscv32-unknown-elf/bin/riscv32-unknown-elf-g++.exe - skipped
-- Detecting CXX compile features
-- Detecting CXX compile features - done
-- The ASM compiler identification is GNU
-- Found assembler: C:/altera_pro/25.1/riscfree/toolchain/riscv32-unknown-elf/bin/riscv32-unknown-elf-gcc.exe
-- Configuring done (22.5s)
-- Generating done (0.1s)
-- Build files have been written to: D:/dev_2025/a3sk_revA/pricture_viewer/software/nios_app/build/Debug
14:49:37 Buildscript generation finished (took 25229 ms)
14:49:37 **** Build of configuration Debug for project nios_app ****
"C:\\altera_pro\\25.1\\riscfree\\build_tools\\bin\\make.exe" -j all 
[  1%] Building ASM object nios_bsp/CMakeFiles/hal2_bsp.dir/HAL/src/alt_ecc_exception_entry.S.obj
[  1%] Building C object nios_bsp/CMakeFiles/hal2_bsp.dir/HAL/src/alt_alarm_start.c.obj
[  6%] Building C object nios_bsp/CMakeFiles/hal2_bsp.dir/HAL/src/alt_exit.c.obj
[  2%] Building C object nios_bsp/CMakeFiles/hal2_bsp.dir/HAL/src/alt_fs_reg.c.obj
[  4%] Building C object nios_bsp/CMakeFiles/hal2_bsp.dir/HAL/src/alt_fcntl.c.obj
[  9%] Building C object nios_bsp/CMakeFiles/hal2_bsp.dir/HAL/src/alt_gettod.c.obj
[  5%] Building C object nios_bsp/CMakeFiles/hal2_bsp.dir/HAL/src/alt_dcache_flush.c.obj
[  9%] Building C object nios_bsp/CMakeFiles/hal2_bsp.dir/HAL/src/alt_dcache_flush_no_writeback.c.obj
[ 11%] Building ASM object nios_bsp/CMakeFiles/hal2_bsp.dir/HAL/src/alt_log_macro.S.obj
[ 12%] Building C object nios_bsp/CMakeFiles/hal2_bsp.dir/HAL/src/alt_dev.c.obj
[ 10%] Building C object nios_bsp/CMakeFiles/hal2_bsp.dir/HAL/src/alt_dma_rxchan_open.c.obj
[  7%] Building C object nios_bsp/CMakeFiles/hal2_bsp.dir/HAL/src/alt_fork.c.obj
[ 13%] Building C object nios_bsp/CMakeFiles/hal2_bsp.dir/HAL/src/alt_dev_llist_insert.c.obj
[ 14%] Building C object nios_bsp/CMakeFiles/hal2_bsp.dir/HAL/src/alt_fd_unlock.c.obj
[  3%] Building ASM object nios_bsp/CMakeFiles/hal2_bsp.dir/HAL/src/alt_vic_vector_table.S.obj
[ 17%] Building C object nios_bsp/CMakeFiles/hal2_bsp.dir/HAL/src/alt_fd_lock.c.obj
[ 16%] Building C object nios_bsp/CMakeFiles/hal2_bsp.dir/HAL/src/alt_getpid.c.obj
[ 15%] Building C object nios_bsp/CMakeFiles/hal2_bsp.dir/HAL/src/alt_fstat.c.obj
[ 10%] Building C object nios_bsp/CMakeFiles/hal2_bsp.dir/HAL/src/alt_execve.c.obj
[ 18%] Building C object nios_bsp/CMakeFiles/hal2_bsp.dir/HAL/src/alt_do_ctors.c.obj
[ 19%] Building ASM object nios_bsp/CMakeFiles/hal2_bsp.dir/HAL/src/machine_trap.S.obj
[ 24%] Building C object nios_bsp/CMakeFiles/hal2_bsp.dir/HAL/src/alt_icache_flush_all.c.obj
[ 27%] Building C object nios_bsp/CMakeFiles/hal2_bsp.dir/HAL/src/alt_ecc_error_inject.c.obj
[ 25%] Building C object nios_bsp/CMakeFiles/hal2_bsp.dir/HAL/src/alt_icache_flush.c.obj
[ 21%] Building C object nios_bsp/CMakeFiles/hal2_bsp.dir/HAL/src/alt_dma_txchan_open.c.obj
[ 29%] Building C object nios_bsp/CMakeFiles/hal2_bsp.dir/HAL/src/alt_iic.c.obj
[ 30%] Building C object nios_bsp/CMakeFiles/hal2_bsp.dir/HAL/src/alt_getchar.c.obj
[ 23%] Building C object nios_bsp/CMakeFiles/hal2_bsp.dir/HAL/src/alt_close.c.obj
[ 31%] Building ASM object nios_bsp/CMakeFiles/hal2_bsp.dir/HAL/src/crt0.S.obj
[ 34%] Building C object nios_bsp/CMakeFiles/hal2_bsp.dir/HAL/src/alt_iic_isr_register.c.obj
[ 33%] Building C object nios_bsp/CMakeFiles/hal2_bsp.dir/HAL/src/alt_get_fd.c.obj
[ 36%] Building C object nios_bsp/CMakeFiles/hal2_bsp.dir/HAL/src/alt_open.c.obj
[ 36%] Building C object nios_bsp/CMakeFiles/hal2_bsp.dir/HAL/src/alt_kill.c.obj
[ 22%] Building C object nios_bsp/CMakeFiles/hal2_bsp.dir/HAL/src/alt_errno.c.obj
[ 41%] Building C object nios_bsp/CMakeFiles/hal2_bsp.dir/HAL/src/alt_read.c.obj
[ 33%] Building C object nios_bsp/CMakeFiles/hal2_bsp.dir/HAL/src/alt_flash_dev.c.obj
[ 35%] Building C object nios_bsp/CMakeFiles/hal2_bsp.dir/HAL/src/alt_io_redirect.c.obj
[ 37%] Building C object nios_bsp/CMakeFiles/hal2_bsp.dir/HAL/src/alt_log_printf.c.obj
[ 33%] Building C object nios_bsp/CMakeFiles/hal2_bsp.dir/HAL/src/alt_irq_handler.c.obj
[ 41%] Building C object nios_bsp/CMakeFiles/hal2_bsp.dir/HAL/src/alt_remap_uncached.c.obj
[ 44%] Building C object nios_bsp/CMakeFiles/hal2_bsp.dir/HAL/src/alt_release_fd.c.obj
[ 28%] Building C object nios_bsp/CMakeFiles/hal2_bsp.dir/HAL/src/alt_do_dtors.c.obj
[ 42%] Building C object nios_bsp/CMakeFiles/hal2_bsp.dir/HAL/src/alt_putstr.c.obj
[ 46%] Building C object nios_bsp/CMakeFiles/hal2_bsp.dir/HAL/src/alt_printf.c.obj
[ 48%] Building C object nios_bsp/CMakeFiles/hal2_bsp.dir/HAL/src/alt_uncached_malloc.c.obj
[ 43%] Building C object nios_bsp/CMakeFiles/hal2_bsp.dir/HAL/src/alt_busy_sleep.c.obj
[ 40%] Building C object nios_bsp/CMakeFiles/hal2_bsp.dir/HAL/src/alt_environ.c.obj
[ 38%] Building C object nios_bsp/CMakeFiles/hal2_bsp.dir/HAL/src/alt_load.c.obj
[ 47%] Building C object nios_bsp/CMakeFiles/hal2_bsp.dir/HAL/src/alt_tls.c.obj
[ 22%] Building C object nios_bsp/CMakeFiles/hal2_bsp.dir/HAL/src/alt_find_dev.c.obj
[ 20%] Building ASM object nios_bsp/CMakeFiles/hal2_bsp.dir/HAL/src/alt_mcount.S.obj
[ 32%] Building C object nios_bsp/CMakeFiles/hal2_bsp.dir/HAL/src/alt_dcache_flush_all.c.obj
[ 49%] Building C object nios_bsp/CMakeFiles/hal2_bsp.dir/HAL/src/alt_wait.c.obj
[ 39%] Building C object nios_bsp/CMakeFiles/hal2_bsp.dir/HAL/src/alt_find_file.c.obj
[ 48%] Building C object nios_bsp/CMakeFiles/hal2_bsp.dir/HAL/src/alt_gmon.c.obj
[ 52%] Building C object nios_bsp/CMakeFiles/hal2_bsp.dir/HAL/src/intel_fpga_api_cmn_inf.c.obj
[ 50%] Building C object nios_bsp/CMakeFiles/hal2_bsp.dir/HAL/src/alt_isatty.c.obj
[ 26%] Building C object nios_bsp/CMakeFiles/hal2_bsp.dir/HAL/src/alt_ecc_exception.c.obj
[ 45%] Building C object nios_bsp/CMakeFiles/hal2_bsp.dir/HAL/src/alt_env_lock.c.obj
[ 53%] Building C object nios_bsp/CMakeFiles/hal2_bsp.dir/HAL/src/intel_fpga_api_cmn_dfl.c.obj
[ 54%] Building C object nios_bsp/CMakeFiles/hal2_bsp.dir/HAL/src/alt_malloc_lock.c.obj
[ 55%] Building C object nios_bsp/CMakeFiles/hal2_bsp.dir/HAL/src/alt_remap_cached.c.obj
[ 51%] Building C object nios_bsp/CMakeFiles/hal2_bsp.dir/HAL/src/alt_main.c.obj
[ 56%] Building C object nios_bsp/CMakeFiles/hal2_bsp.dir/HAL/src/alt_ioctl.c.obj
[ 58%] Building C object nios_bsp/CMakeFiles/hal2_bsp.dir/HAL/src/alt_instruction_exception_register.c.obj
[ 52%] Building C object nios_bsp/CMakeFiles/hal2_bsp.dir/HAL/src/alt_lseek.c.obj
[ 57%] Building C object nios_bsp/CMakeFiles/hal2_bsp.dir/HAL/src/alt_link.c.obj
[ 60%] Building C object nios_bsp/CMakeFiles/hal2_bsp.dir/HAL/src/alt_tick.c.obj
[ 61%] Building C object nios_bsp/CMakeFiles/hal2_bsp.dir/HAL/src/alt_sbrk.c.obj
[ 62%] Building C object nios_bsp/CMakeFiles/hal2_bsp.dir/HAL/src/alt_putcharbuf.c.obj
[ 64%] Building C object nios_bsp/CMakeFiles/hal2_bsp.dir/HAL/src/alt_times.c.obj
[ 59%] Building C object nios_bsp/CMakeFiles/hal2_bsp.dir/HAL/src/alt_putchar.c.obj
[ 68%] Building C object nios_bsp/CMakeFiles/hal2_bsp.dir/drivers/mtm/drivers_common/HAL/src/intel_vvp_core_irq.c.obj
[ 70%] Building C object nios_bsp/CMakeFiles/hal2_bsp.dir/drivers/src/altera_avalon_jtag_uart_ioctl.c.obj
[ 69%] Building C object nios_bsp/CMakeFiles/hal2_bsp.dir/HAL/src/intel_niosv_irq.c.obj
[ 65%] Building C object nios_bsp/CMakeFiles/hal2_bsp.dir/HAL/src/alt_settod.c.obj
[ 71%] Building C object nios_bsp/CMakeFiles/hal2_bsp.dir/HAL/src/alt_rename.c.obj
[ 67%] Building C object nios_bsp/CMakeFiles/hal2_bsp.dir/HAL/src/alt_usleep.c.obj
[ 63%] Building C object nios_bsp/CMakeFiles/hal2_bsp.dir/HAL/src/alt_stat.c.obj
[ 73%] Building C object nios_bsp/CMakeFiles/hal2_bsp.dir/HAL/src/alt_unlink.c.obj
[ 72%] Building C object nios_bsp/CMakeFiles/hal2_bsp.dir/HAL/src/alt_vic_isr_wrapper.c.obj
[ 70%] Building C object nios_bsp/CMakeFiles/hal2_bsp.dir/HAL/src/alt_uncached_free.c.obj
[ 66%] Building C object nios_bsp/CMakeFiles/hal2_bsp.dir/HAL/src/alt_write.c.obj
[ 75%] Building C object nios_bsp/CMakeFiles/hal2_bsp.dir/drivers/src/altera_avalon_sysid_qsys.c.obj
[ 74%] Building C object nios_bsp/CMakeFiles/hal2_bsp.dir/alt_sys_init.c.obj
[ 78%] Building C object nios_bsp/CMakeFiles/hal2_bsp.dir/HAL/src/intel_fpga_api_cmn_msg.c.obj
[ 79%] Building C object nios_bsp/CMakeFiles/hal2_bsp.dir/drivers/src/altera_avalon_jtag_uart_write.c.obj
[ 76%] Building C object nios_bsp/CMakeFiles/hal2_bsp.dir/HAL/src/mtimer.c.obj
[ 80%] Building C object nios_bsp/CMakeFiles/hal2_bsp.dir/drivers/src/altera_avalon_jtag_uart_read.c.obj
[ 84%] Building C object nios_bsp/CMakeFiles/hal2_bsp.dir/drivers/mtm/intel_vvp_vfr/src/intel_vvp_vfr.c.obj
[ 77%] Building C object nios_bsp/CMakeFiles/hal2_bsp.dir/drivers/src/altera_avalon_jtag_uart_init.c.obj
[ 81%] Building C object nios_bsp/CMakeFiles/hal2_bsp.dir/HAL/src/intel_fpga_platform_api_niosv.c.obj
[ 82%] Building C object nios_bsp/CMakeFiles/hal2_bsp.dir/HAL/src/intel_fpga_api_niosv.c.obj
[ 83%] Building C object nios_bsp/CMakeFiles/hal2_bsp.dir/drivers/src/altera_avalon_jtag_uart_fd.c.obj
[ 84%] Building C object nios_bsp/CMakeFiles/hal2_bsp.dir/drivers/mtm/drivers_common/src/intel_vvp_core.c.obj
[ 84%] Linking C static library libhal2_bsp.a
[ 84%] Built target hal2_bsp
[ 86%] Building CXX object CMakeFiles/nios_app.elf.dir/main.cpp.obj
[ 86%] Building C object CMakeFiles/nios_app.elf.dir/ffsystem.c.obj
[ 87%] Building C object CMakeFiles/nios_app.elf.dir/ffunicode.c.obj
[ 87%] Building C object CMakeFiles/nios_app.elf.dir/terasic_sdcard/crc7.c.obj
[ 90%] Building C object CMakeFiles/nios_app.elf.dir/ff.c.obj
[ 91%] Building C object CMakeFiles/nios_app.elf.dir/glue.c.obj
[ 88%] Building CXX object CMakeFiles/nios_app.elf.dir/VVP_FR.cpp.obj
[ 93%] Building C object CMakeFiles/nios_app.elf.dir/Bitmap_File.c.obj
[ 89%] Building C object CMakeFiles/nios_app.elf.dir/terasic_sdcard/debug.c.obj
[ 95%] Building C object CMakeFiles/nios_app.elf.dir/terasic_sdcard/sd_lib.c.obj
[ 96%] Building CXX object CMakeFiles/nios_app.elf.dir/VVP_CORE.cpp.obj
D:/dev_2025/a3sk_revA/pricture_viewer/software/nios_app/glue.c: In function 'RAM_disk_status':
D:/dev_2025/a3sk_revA/pricture_viewer/software/nios_app/glue.c:123:1: warning: control reaches end of non-void function [-Wreturn-type]
[ 94%] Building C object CMakeFiles/nios_app.elf.dir/mem_verify.c.obj
  123 | }
      | ^
D:/dev_2025/a3sk_revA/pricture_viewer/software/nios_app/glue.c: In function 'RAM_disk_initialize':
D:/dev_2025/a3sk_revA/pricture_viewer/software/nios_app/glue.c:127:1: warning: control reaches end of non-void function [-Wreturn-type]
  127 | }
      | ^
D:/dev_2025/a3sk_revA/pricture_viewer/software/nios_app/glue.c: In function 'RAM_disk_read':
D:/dev_2025/a3sk_revA/pricture_viewer/software/nios_app/glue.c:135:1: warning: control reaches end of non-void function [-Wreturn-type]
  135 | }
      | ^
D:/dev_2025/a3sk_revA/pricture_viewer/software/nios_app/glue.c: In function 'RAM_disk_write':
D:/dev_2025/a3sk_revA/pricture_viewer/software/nios_app/glue.c:143:1: warning: control reaches end of non-void function [-Wreturn-type]
  143 | }
      | ^
D:/dev_2025/a3sk_revA/pricture_viewer/software/nios_app/glue.c: In function 'USB_disk_status':
D:/dev_2025/a3sk_revA/pricture_viewer/software/nios_app/glue.c:148:1: warning: control reaches end of non-void function [-Wreturn-type]
  148 | }
      | ^
D:/dev_2025/a3sk_revA/pricture_viewer/software/nios_app/glue.c: In function 'USB_disk_initialize':
D:/dev_2025/a3sk_revA/pricture_viewer/software/nios_app/Bitmap_File.c: In function 'BMP_IsSupported':
D:/dev_2025/a3sk_revA/pricture_viewer/software/nios_app/glue.c:152:1: warning: control reaches end of non-void function [-Wreturn-type]
  152 | }
      | ^
D:/dev_2025/a3sk_revA/pricture_viewer/software/nios_app/glue.c: In function 'USB_disk_read':
D:/dev_2025/a3sk_revA/pricture_viewer/software/nios_app/glue.c:160:1: warning: control reaches end of non-void function [-Wreturn-type]
  160 | }
      | ^
D:/dev_2025/a3sk_revA/pricture_viewer/software/nios_app/Bitmap_File.c:26:17: warning: implicit declaration of function 'printf' [-Wimplicit-function-declaration]
   26 |                 printf("failed to open file - %s\r\n", pFilenamme);
      |                 ^~~~~~
D:/dev_2025/a3sk_revA/pricture_viewer/software/nios_app/glue.c: In function 'USB_disk_write':
D:/dev_2025/a3sk_revA/pricture_viewer/software/nios_app/Bitmap_File.c:12:1: note: include '<stdio.h>' or provide a declaration of 'printf'
   11 | #include "Bitmap_File.h"
  +++ |+#include <stdio.h>
   12 | 
D:/dev_2025/a3sk_revA/pricture_viewer/software/nios_app/Bitmap_File.c:26:17: warning: incompatible implicit declaration of built-in function 'printf' [-Wbuiltin-declaration-mismatch]
   26 |                 printf("failed to open file - %s\r\n", pFilenamme);
      |                 ^~~~~~
D:/dev_2025/a3sk_revA/pricture_viewer/software/nios_app/glue.c:168:1: warning: control reaches end of non-void function [-Wreturn-type]
  168 | }
      | ^
D:/dev_2025/a3sk_revA/pricture_viewer/software/nios_app/Bitmap_File.c:26:17: note: include '<stdio.h>' or provide a declaration of 'printf'
D:/dev_2025/a3sk_revA/pricture_viewer/software/nios_app/Bitmap_File.c: In function 'BMP_find_image_file':
D:/dev_2025/a3sk_revA/pricture_viewer/software/nios_app/Bitmap_File.c:64:17: warning: implicit declaration of function 'strcpy' [-Wimplicit-function-declaration]
   64 |                 strcpy(szFileList[nFileCnt], fno.fname);
      |                 ^~~~~~
D:/dev_2025/a3sk_revA/pricture_viewer/software/nios_app/Bitmap_File.c:12:1: note: include '<string.h>' or provide a declaration of 'strcpy'
   11 | #include "Bitmap_File.h"
  +++ |+#include <string.h>
   12 | 
D:/dev_2025/a3sk_revA/pricture_viewer/software/nios_app/Bitmap_File.c:64:17: warning: incompatible implicit declaration of built-in function 'strcpy' [-Wbuiltin-declaration-mismatch]
   64 |                 strcpy(szFileList[nFileCnt], fno.fname);
      |                 ^~~~~~
D:/dev_2025/a3sk_revA/pricture_viewer/software/nios_app/Bitmap_File.c:64:17: note: include '<string.h>' or provide a declaration of 'strcpy'
D:/dev_2025/a3sk_revA/pricture_viewer/software/nios_app/Bitmap_File.c: In function 'BMP_draw':
D:/dev_2025/a3sk_revA/pricture_viewer/software/nios_app/Bitmap_File.c:95:17: warning: incompatible implicit declaration of built-in function 'printf' [-Wbuiltin-declaration-mismatch]
   95 |                 printf("failed to open file - %s\r\n", pFilename);
      |                 ^~~~~~
D:/dev_2025/a3sk_revA/pricture_viewer/software/nios_app/Bitmap_File.c:95:17: note: include '<stdio.h>' or provide a declaration of 'printf'
D:/dev_2025/a3sk_revA/pricture_viewer/software/nios_app/Bitmap_File.c:112:52: warning: pointer targets in assignment from 'char *' to 'unsigned char *' differ in signedness [-Wpointer-sign]
  112 |                                         pLineStart = (char *)pMem + (nHeight-1)*nLineSize;
      |                                                    ^
D:/dev_2025/a3sk_revA/pricture_viewer/software/nios_app/Bitmap_File.c:117:57: warning: incompatible implicit declaration of built-in function 'printf' [-Wbuiltin-declaration-mismatch]
  117 |                                                         printf("Failed to read file %s\r\n", pFilename);
      |                                                         ^~~~~~
D:/dev_2025/a3sk_revA/pricture_viewer/software/nios_app/Bitmap_File.c:117:57: note: include '<stdio.h>' or provide a declaration of 'printf'
[ 92%] Building C object CMakeFiles/nios_app.elf.dir/diskio.c.obj
D:/dev_2025/a3sk_revA/pricture_viewer/software/nios_app/terasic_sdcard/debug.c: In function 'debug_output':
D:/dev_2025/a3sk_revA/pricture_viewer/software/nios_app/terasic_sdcard/debug.c:55:5: warning: format not a string literal and no format arguments [-Wformat-security]
   55 |     printf(pMessage);
      |     ^~~~~~
D:/dev_2025/a3sk_revA/pricture_viewer/software/nios_app/terasic_sdcard/debug.c: In function 'myprintf_hexarray':
D:/dev_2025/a3sk_revA/pricture_viewer/software/nios_app/terasic_sdcard/debug.c:83:17: warning: pointer targets in passing argument 1 of 'sprintf' differ in signedness [-Wpointer-sign]
   83 |         sprintf(szText, "[%02X]", *(pHex+i));
      |                 ^~~~~~
      |                 |
      |                 unsigned char *
In file included from D:/dev_2025/a3sk_revA/pricture_viewer/software/nios_app/terasic_sdcard/debug.c:33:
C:/altera_pro/25.1/riscfree/toolchain/riscv32-unknown-elf/riscv32-unknown-elf/include/stdio.h:250:18: note: expected 'char * restrict' but argument is of type 'unsigned char *'
  250 | int     sprintf (char *__restrict, const char *__restrict, ...)
      |                  ^
In file included from D:/dev_2025/a3sk_revA/pricture_viewer/software/nios_app/terasic_sdcard/terasic_includes.h:59,
                 from D:/dev_2025/a3sk_revA/pricture_viewer/software/nios_app/terasic_sdcard/debug.c:35:
D:/dev_2025/a3sk_revA/pricture_viewer/software/nios_app/terasic_sdcard/debug.c:84:16: warning: pointer targets in passing argument 1 of 'myprintf' differ in signedness [-Wpointer-sign]
   84 |         DEBUG((szText));
      |                ^~~~~~
      |                |
      |                unsigned char *
D:/dev_2025/a3sk_revA/pricture_viewer/software/nios_app/terasic_sdcard/debug.h:75:46: note: in definition of macro 'DEBUG'
   75 |     #define DEBUG(x)               {myprintf x;}  // standard in/out, specifed in project (it could be uart, jtag, or lcd)
      |                                              ^
D:/dev_2025/a3sk_revA/pricture_viewer/software/nios_app/terasic_sdcard/debug.c:64:20: note: expected 'char *' but argument is of type 'unsigned char *'
   64 | int myprintf(char *format, ...){
      |              ~~~~~~^~~~~~
D:/dev_2025/a3sk_revA/pricture_viewer/software/nios_app/terasic_sdcard/sd_lib.c: In function 'SDLIB_WriteBlock512':
D:/dev_2025/a3sk_revA/pricture_viewer/software/nios_app/terasic_sdcard/sd_lib.c:329:32: warning: passing argument 1 of 'SD_WriteData512' discards 'const' qualifier from pointer target type [-Wdiscarded-qualifiers]
  329 |     bSuccess = SD_WriteData512(szDataWrite);  // Write 512 bytes
      |                                ^~~~~~~~~~~
In file included from D:/dev_2025/a3sk_revA/pricture_viewer/software/nios_app/terasic_sdcard/sd_lib.c:45:
D:/dev_2025/a3sk_revA/pricture_viewer/software/nios_app/terasic_sdcard/sd_protocol.h:66:29: note: expected 'alt_u8 *' {aka 'unsigned char *'} but argument is of type 'const alt_u8 *' {aka 'const unsigned char *'}
   66 | bool SD_WriteData512(alt_u8 szDataWrite[]);
      |                      ~~~~~~~^~~~~~~~~~~~~
D:/dev_2025/a3sk_revA/pricture_viewer/software/nios_app/mem_verify.c: In function 'TMEM_Verify':
D:/dev_2025/a3sk_revA/pricture_viewer/software/nios_app/mem_verify.c:93:79: warning: format '%X' expects argument of type 'unsigned int', but argument 4 has type 'alt_64' {aka 'long long int'} [-Wformat=]
   93 |                     printf("verify ng, read=%08Xh, expected=%08Xh, WordIndex=%Xh\n", (int)*(pSrc-1), (int)szData[i], (nPos/my_data_size)+i);
      |                                                                              ~^                                      ~~~~~~~~~~~~~~~~~~~~~
      |                                                                               |                                                         |
      |                                                                               unsigned int                                              alt_64 {aka long long int}
      |                                                                              %llX
D:/dev_2025/a3sk_revA/pricture_viewer/software/nios_app/diskio.c: In function 'disk_ioctl':
D:/dev_2025/a3sk_revA/pricture_viewer/software/nios_app/diskio.c:216:13: warning: unused variable 'result' [-Wunused-variable]
  216 |         int result;
      |             ^~~~~~
D:/dev_2025/a3sk_revA/pricture_viewer/software/nios_app/diskio.c: In function 'disk_status':
D:/dev_2025/a3sk_revA/pricture_viewer/software/nios_app/diskio.c:43:24: warning: 'stat' may be used uninitialized [-Wmaybe-uninitialized]
   43 |                 return stat;
      |                        ^~~~
D:/dev_2025/a3sk_revA/pricture_viewer/software/nios_app/diskio.c:34:17: note: 'stat' was declared here
   34 |         DSTATUS stat;
      |                 ^~~~
D:/dev_2025/a3sk_revA/pricture_viewer/software/nios_app/diskio.c: In function 'disk_read':
D:/dev_2025/a3sk_revA/pricture_viewer/software/nios_app/diskio.c:126:24: warning: 'res' may be used uninitialized [-Wmaybe-uninitialized]
  126 |                 return res;
      |                        ^~~
D:/dev_2025/a3sk_revA/pricture_viewer/software/nios_app/diskio.c:115:17: note: 'res' was declared here
  115 |         DRESULT res;
      |                 ^~~
D:/dev_2025/a3sk_revA/pricture_viewer/software/nios_app/diskio.c: In function 'disk_write':
D:/dev_2025/a3sk_revA/pricture_viewer/software/nios_app/diskio.c:177:24: warning: 'res' may be used uninitialized [-Wmaybe-uninitialized]
  177 |                 return res;
      |                        ^~~
D:/dev_2025/a3sk_revA/pricture_viewer/software/nios_app/diskio.c:166:17: note: 'res' was declared here
  166 |         DRESULT res;
      |                 ^~~
D:/dev_2025/a3sk_revA/pricture_viewer/software/nios_app/diskio.c: In function 'disk_ioctl':
D:/dev_2025/a3sk_revA/pricture_viewer/software/nios_app/diskio.c:223:24: warning: 'res' may be used uninitialized [-Wmaybe-uninitialized]
  223 |                 return res;
      |                        ^~~
D:/dev_2025/a3sk_revA/pricture_viewer/software/nios_app/diskio.c:215:17: note: 'res' was declared here
  215 |         DRESULT res;
      |                 ^~~
[ 97%] Building C object CMakeFiles/nios_app.elf.dir/terasic_sdcard/sd_protocol.c.obj
D:/dev_2025/a3sk_revA/pricture_viewer/software/nios_app/terasic_sdcard/sd_protocol.c: In function 'SD_CMD9':
D:/dev_2025/a3sk_revA/pricture_viewer/software/nios_app/terasic_sdcard/sd_protocol.c:549:12: warning: 'nCopyLen' may be used uninitialized [-Wmaybe-uninitialized]
  549 |         if (nCopyLen > 16)
      |            ^
D:/dev_2025/a3sk_revA/pricture_viewer/software/nios_app/terasic_sdcard/sd_protocol.c:548:13: note: 'nCopyLen' was declared here
  548 |         int nCopyLen, x;
      |             ^~~~~~~~
D:/dev_2025/a3sk_revA/pricture_viewer/software/nios_app/terasic_sdcard/sd_protocol.c: In function 'SD_CMD10':
D:/dev_2025/a3sk_revA/pricture_viewer/software/nios_app/terasic_sdcard/sd_protocol.c:604:12: warning: 'nCopyLen' may be used uninitialized [-Wmaybe-uninitialized]
  604 |         if (nCopyLen > 16)
      |            ^
D:/dev_2025/a3sk_revA/pricture_viewer/software/nios_app/terasic_sdcard/sd_protocol.c:603:13: note: 'nCopyLen' was declared here
  603 |         int nCopyLen, x;
      |             ^~~~~~~~
D:/dev_2025/a3sk_revA/pricture_viewer/software/nios_app/VVP_FR.cpp: In member function 'virtual void VVP_FR::ShowStatus()':
D:/dev_2025/a3sk_revA/pricture_viewer/software/nios_app/VVP_FR.cpp:43:19: warning: unused variable 'status' [-Wunused-variable]
   43 |         uint32_t  status, value32;
      |                   ^~~~~~
D:/dev_2025/a3sk_revA/pricture_viewer/software/nios_app/VVP_FR.cpp:43:27: warning: unused variable 'value32' [-Wunused-variable]
   43 |         uint32_t  status, value32;
      |                           ^~~~~~~
D:/dev_2025/a3sk_revA/pricture_viewer/software/nios_app/VVP_CORE.cpp: In member function 'void VVP_CORE::DumpRegister(REG_INFO*, int)':
D:/dev_2025/a3sk_revA/pricture_viewer/software/nios_app/VVP_CORE.cpp:32:30: warning: format '%d' expects argument of type 'int', but argument 3 has type 'uint32_t' {aka 'long unsigned int'} [-Wformat=]
   32 |                 printf("%s: %d (%xh)\r\n", szRegInfo[i].szHint, value32 & szRegInfo[i].ValueMask, value32);
      |                             ~^                                  ~~~~~~~~~~~~~~~~~~~~~~~~~~~~~~~~
      |                              |                                          |
      |                              int                                        uint32_t {aka long unsigned int}
      |                             %ld
D:/dev_2025/a3sk_revA/pricture_viewer/software/nios_app/VVP_CORE.cpp:32:34: warning: format '%x' expects argument of type 'unsigned int', but argument 4 has type 'uint32_t' {aka 'long unsigned int'} [-Wformat=]
   32 |                 printf("%s: %d (%xh)\r\n", szRegInfo[i].szHint, value32 & szRegInfo[i].ValueMask, value32);
      |                                 ~^                                                                ~~~~~~~
      |                                  |                                                                |
      |                                  unsigned int                                                     uint32_t {aka long unsigned int}
      |                                 %lx
[ 98%] Linking CXX executable nios_app.elf
[ 98%] Built target nios_app.elf
[ 98%] Creating onchip_memory.hex.
[100%] Reporting memory available for stack + heap in nios_app.elf.
[ 99%] Creating nios_app.elf.objdump.
[100%] Built target create-objdump
[100%] Built target create-hex
nios_app.elf
 * 300.44 KB - Program size (code + initialized data).
 * 205.28 KB - Free for stack + heap.
[100%] Built target niosv-stack-report
18:44:56 **** Clean-only build of configuration Debug for project nios_app ****
"C:\\altera_pro\\25.1\\riscfree\\build_tools\\bin\\make.exe" -j clean 
18:44:59 **** Incremental Build of configuration Debug for project nios_app ****
"C:\\altera_pro\\25.1\\riscfree\\build_tools\\bin\\make.exe" -j all 
[  2%] Building ASM object nios_bsp/CMakeFiles/hal2_bsp.dir/HAL/src/alt_ecc_exception_entry.S.obj
[  1%] Building ASM object nios_bsp/CMakeFiles/hal2_bsp.dir/HAL/src/crt0.S.obj
[  5%] Building ASM object nios_bsp/CMakeFiles/hal2_bsp.dir/HAL/src/alt_log_macro.S.obj
[  4%] Building C object nios_bsp/CMakeFiles/hal2_bsp.dir/HAL/src/alt_busy_sleep.c.obj
[ 11%] Building C object nios_bsp/CMakeFiles/hal2_bsp.dir/HAL/src/alt_find_dev.c.obj
[ 10%] Building C object nios_bsp/CMakeFiles/hal2_bsp.dir/HAL/src/alt_dcache_flush_no_writeback.c.obj
[  7%] Building C object nios_bsp/CMakeFiles/hal2_bsp.dir/HAL/src/alt_env_lock.c.obj
[ 14%] Building C object nios_bsp/CMakeFiles/hal2_bsp.dir/HAL/src/alt_errno.c.obj
[  9%] Building ASM object nios_bsp/CMakeFiles/hal2_bsp.dir/HAL/src/alt_mcount.S.obj
[ 22%] Building C object nios_bsp/CMakeFiles/hal2_bsp.dir/HAL/src/alt_dma_txchan_open.c.obj
[ 23%] Building C object nios_bsp/CMakeFiles/hal2_bsp.dir/HAL/src/alt_dev.c.obj
[ 21%] Building C object nios_bsp/CMakeFiles/hal2_bsp.dir/HAL/src/alt_execve.c.obj
[ 16%] Building C object nios_bsp/CMakeFiles/hal2_bsp.dir/HAL/src/alt_close.c.obj
[ 27%] Building C object nios_bsp/CMakeFiles/hal2_bsp.dir/HAL/src/alt_fstat.c.obj
[ 24%] Building ASM object nios_bsp/CMakeFiles/hal2_bsp.dir/HAL/src/machine_trap.S.obj
[  3%] Building ASM object nios_bsp/CMakeFiles/hal2_bsp.dir/HAL/src/alt_vic_vector_table.S.obj
[ 26%] Building C object nios_bsp/CMakeFiles/hal2_bsp.dir/HAL/src/alt_fd_unlock.c.obj
[ 18%] Building C object nios_bsp/CMakeFiles/hal2_bsp.dir/HAL/src/alt_fcntl.c.obj
[ 21%] Building C object nios_bsp/CMakeFiles/hal2_bsp.dir/HAL/src/alt_do_ctors.c.obj
[ 19%] Building C object nios_bsp/CMakeFiles/hal2_bsp.dir/HAL/src/alt_fork.c.obj
[  6%] Building C object nios_bsp/CMakeFiles/hal2_bsp.dir/HAL/src/alt_dcache_flush.c.obj
[ 17%] Building C object nios_bsp/CMakeFiles/hal2_bsp.dir/HAL/src/alt_environ.c.obj
[ 28%] Building C object nios_bsp/CMakeFiles/hal2_bsp.dir/HAL/src/alt_fd_lock.c.obj
[ 18%] Building C object nios_bsp/CMakeFiles/hal2_bsp.dir/HAL/src/alt_alarm_start.c.obj
[ 13%] Building C object nios_bsp/CMakeFiles/hal2_bsp.dir/HAL/src/alt_exit.c.obj
[ 29%] Building C object nios_bsp/CMakeFiles/hal2_bsp.dir/HAL/src/alt_icache_flush.c.obj
[  8%] Building C object nios_bsp/CMakeFiles/hal2_bsp.dir/HAL/src/alt_ecc_error_inject.c.obj
[ 14%] Building C object nios_bsp/CMakeFiles/hal2_bsp.dir/HAL/src/alt_dev_llist_insert.c.obj
[ 32%] Building C object nios_bsp/CMakeFiles/hal2_bsp.dir/HAL/src/alt_gmon.c.obj
[ 25%] Building C object nios_bsp/CMakeFiles/hal2_bsp.dir/HAL/src/alt_ecc_exception.c.obj
[ 30%] Building C object nios_bsp/CMakeFiles/hal2_bsp.dir/HAL/src/alt_fs_reg.c.obj
[ 32%] Building C object nios_bsp/CMakeFiles/hal2_bsp.dir/HAL/src/alt_io_redirect.c.obj
[ 33%] Building C object nios_bsp/CMakeFiles/hal2_bsp.dir/HAL/src/alt_get_fd.c.obj
[ 15%] Building C object nios_bsp/CMakeFiles/hal2_bsp.dir/HAL/src/alt_do_dtors.c.obj
[ 39%] Building C object nios_bsp/CMakeFiles/hal2_bsp.dir/HAL/src/alt_iic.c.obj
[ 34%] Building C object nios_bsp/CMakeFiles/hal2_bsp.dir/HAL/src/alt_gettod.c.obj
[ 36%] Building C object nios_bsp/CMakeFiles/hal2_bsp.dir/HAL/src/alt_sbrk.c.obj
[ 35%] Building C object nios_bsp/CMakeFiles/hal2_bsp.dir/HAL/src/alt_instruction_exception_register.c.obj
[ 38%] Building C object nios_bsp/CMakeFiles/hal2_bsp.dir/HAL/src/alt_getchar.c.obj
[ 42%] Building C object nios_bsp/CMakeFiles/hal2_bsp.dir/HAL/src/alt_link.c.obj
[ 38%] Building C object nios_bsp/CMakeFiles/hal2_bsp.dir/HAL/src/alt_irq_handler.c.obj
[ 31%] Building C object nios_bsp/CMakeFiles/hal2_bsp.dir/HAL/src/alt_find_file.c.obj
[ 26%] Building C object nios_bsp/CMakeFiles/hal2_bsp.dir/HAL/src/alt_dma_rxchan_open.c.obj
[ 41%] Building C object nios_bsp/CMakeFiles/hal2_bsp.dir/HAL/src/alt_ioctl.c.obj
[ 31%] Building C object nios_bsp/CMakeFiles/hal2_bsp.dir/HAL/src/alt_flash_dev.c.obj
[ 37%] Building C object nios_bsp/CMakeFiles/hal2_bsp.dir/HAL/src/alt_icache_flush_all.c.obj
[ 40%] Building C object nios_bsp/CMakeFiles/hal2_bsp.dir/HAL/src/alt_getpid.c.obj
[ 45%] Building C object nios_bsp/CMakeFiles/hal2_bsp.dir/HAL/src/alt_load.c.obj
[ 49%] Building C object nios_bsp/CMakeFiles/hal2_bsp.dir/HAL/src/alt_tick.c.obj
[ 48%] Building C object nios_bsp/CMakeFiles/hal2_bsp.dir/HAL/src/intel_fpga_api_cmn_dfl.c.obj
[ 58%] Building C object nios_bsp/CMakeFiles/hal2_bsp.dir/HAL/src/alt_main.c.obj
[ 56%] Building C object nios_bsp/CMakeFiles/hal2_bsp.dir/HAL/src/intel_fpga_api_cmn_msg.c.obj
[ 44%] Building C object nios_bsp/CMakeFiles/hal2_bsp.dir/HAL/src/alt_isatty.c.obj
[ 50%] Building C object nios_bsp/CMakeFiles/hal2_bsp.dir/HAL/src/alt_stat.c.obj
[ 52%] Building C object nios_bsp/CMakeFiles/hal2_bsp.dir/HAL/src/alt_putstr.c.obj
[ 55%] Building C object nios_bsp/CMakeFiles/hal2_bsp.dir/drivers/src/altera_avalon_jtag_uart_read.c.obj
[ 71%] Building C object nios_bsp/CMakeFiles/hal2_bsp.dir/HAL/src/alt_open.c.obj
[ 66%] Building C object nios_bsp/CMakeFiles/hal2_bsp.dir/HAL/src/alt_putchar.c.obj
[ 60%] Building C object nios_bsp/CMakeFiles/hal2_bsp.dir/HAL/src/alt_putcharbuf.c.obj
[ 61%] Building C object nios_bsp/CMakeFiles/hal2_bsp.dir/HAL/src/alt_malloc_lock.c.obj
[ 71%] Building C object nios_bsp/CMakeFiles/hal2_bsp.dir/HAL/src/alt_kill.c.obj
[ 62%] Building C object nios_bsp/CMakeFiles/hal2_bsp.dir/HAL/src/alt_times.c.obj
[ 65%] Building C object nios_bsp/CMakeFiles/hal2_bsp.dir/HAL/src/alt_tls.c.obj
[ 67%] Building C object nios_bsp/CMakeFiles/hal2_bsp.dir/HAL/src/alt_lseek.c.obj
[ 70%] Building C object nios_bsp/CMakeFiles/hal2_bsp.dir/HAL/src/alt_printf.c.obj
[ 12%] Building C object nios_bsp/CMakeFiles/hal2_bsp.dir/HAL/src/alt_dcache_flush_all.c.obj
[ 68%] Building C object nios_bsp/CMakeFiles/hal2_bsp.dir/drivers/src/altera_avalon_jtag_uart_init.c.obj
[ 65%] Building C object nios_bsp/CMakeFiles/hal2_bsp.dir/HAL/src/alt_uncached_free.c.obj
[ 54%] Building C object nios_bsp/CMakeFiles/hal2_bsp.dir/HAL/src/alt_rename.c.obj
[ 64%] Building C object nios_bsp/CMakeFiles/hal2_bsp.dir/HAL/src/alt_log_printf.c.obj
[ 74%] Building C object nios_bsp/CMakeFiles/hal2_bsp.dir/HAL/src/alt_uncached_malloc.c.obj
[ 77%] Building C object nios_bsp/CMakeFiles/hal2_bsp.dir/HAL/src/intel_niosv_irq.c.obj
[ 51%] Building C object nios_bsp/CMakeFiles/hal2_bsp.dir/HAL/src/alt_release_fd.c.obj
[ 69%] Building C object nios_bsp/CMakeFiles/hal2_bsp.dir/HAL/src/alt_remap_cached.c.obj
[ 80%] Building C object nios_bsp/CMakeFiles/hal2_bsp.dir/HAL/src/intel_fpga_api_cmn_inf.c.obj
[ 46%] Building C object nios_bsp/CMakeFiles/hal2_bsp.dir/alt_sys_init.c.obj
[ 53%] Building C object nios_bsp/CMakeFiles/hal2_bsp.dir/HAL/src/alt_settod.c.obj
[ 65%] Building C object nios_bsp/CMakeFiles/hal2_bsp.dir/HAL/src/alt_remap_uncached.c.obj
[ 57%] Building C object nios_bsp/CMakeFiles/hal2_bsp.dir/HAL/src/alt_write.c.obj
[ 75%] Building C object nios_bsp/CMakeFiles/hal2_bsp.dir/drivers/src/altera_avalon_sysid_qsys.c.obj
[ 75%] Building C object nios_bsp/CMakeFiles/hal2_bsp.dir/drivers/mtm/drivers_common/src/intel_vvp_core.c.obj
[ 59%] Building C object nios_bsp/CMakeFiles/hal2_bsp.dir/HAL/src/alt_iic_isr_register.c.obj
[ 48%] Building C object nios_bsp/CMakeFiles/hal2_bsp.dir/drivers/src/altera_avalon_jtag_uart_fd.c.obj
[ 82%] Building C object nios_bsp/CMakeFiles/hal2_bsp.dir/HAL/src/intel_fpga_api_niosv.c.obj
[ 43%] Building C object nios_bsp/CMakeFiles/hal2_bsp.dir/drivers/mtm/intel_vvp_vfr/src/intel_vvp_vfr.c.obj
[ 63%] Building C object nios_bsp/CMakeFiles/hal2_bsp.dir/HAL/src/alt_usleep.c.obj
[ 81%] Building C object nios_bsp/CMakeFiles/hal2_bsp.dir/drivers/src/altera_avalon_jtag_uart_write.c.obj
[ 78%] Building C object nios_bsp/CMakeFiles/hal2_bsp.dir/HAL/src/alt_read.c.obj
[ 76%] Building C object nios_bsp/CMakeFiles/hal2_bsp.dir/HAL/src/mtimer.c.obj
[ 80%] Building C object nios_bsp/CMakeFiles/hal2_bsp.dir/HAL/src/intel_fpga_platform_api_niosv.c.obj
[ 84%] Building C object nios_bsp/CMakeFiles/hal2_bsp.dir/drivers/mtm/drivers_common/HAL/src/intel_vvp_core_irq.c.obj
[ 72%] Building C object nios_bsp/CMakeFiles/hal2_bsp.dir/drivers/src/altera_avalon_jtag_uart_ioctl.c.obj
[ 79%] Building C object nios_bsp/CMakeFiles/hal2_bsp.dir/HAL/src/alt_vic_isr_wrapper.c.obj
[ 73%] Building C object nios_bsp/CMakeFiles/hal2_bsp.dir/HAL/src/alt_unlink.c.obj
[ 83%] Building C object nios_bsp/CMakeFiles/hal2_bsp.dir/HAL/src/alt_wait.c.obj
[ 84%] Linking C static library libhal2_bsp.a
[ 84%] Built target hal2_bsp
[ 86%] Building CXX object CMakeFiles/nios_app.elf.dir/main.cpp.obj
[ 87%] Building CXX object CMakeFiles/nios_app.elf.dir/VVP_CORE.cpp.obj
[ 91%] Building CXX object CMakeFiles/nios_app.elf.dir/VVP_FR.cpp.obj
[ 85%] Building C object CMakeFiles/nios_app.elf.dir/ffsystem.c.obj
[ 88%] Building C object CMakeFiles/nios_app.elf.dir/diskio.c.obj
[ 91%] Building C object CMakeFiles/nios_app.elf.dir/terasic_sdcard/sd_lib.c.obj
D:/dev_2025/a3sk_revA/pricture_viewer/software/nios_app/diskio.c: In function 'disk_ioctl':
D:/dev_2025/a3sk_revA/pricture_viewer/software/nios_app/diskio.c:216:13: warning: unused variable 'result' [-Wunused-variable]
  216 |         int result;
      |             ^~~~~~
D:/dev_2025/a3sk_revA/pricture_viewer/software/nios_app/diskio.c: In function 'disk_status':
D:/dev_2025/a3sk_revA/pricture_viewer/software/nios_app/diskio.c:43:24: warning: 'stat' may be used uninitialized [-Wmaybe-uninitialized]
   43 |                 return stat;
      |                        ^~~~
D:/dev_2025/a3sk_revA/pricture_viewer/software/nios_app/diskio.c:34:17: note: 'stat' was declared here
   34 |         DSTATUS stat;
      |                 ^~~~
D:/dev_2025/a3sk_revA/pricture_viewer/software/nios_app/diskio.c: In function 'disk_read':
D:/dev_2025/a3sk_revA/pricture_viewer/software/nios_app/diskio.c:126:24: warning: 'res' may be used uninitialized [-Wmaybe-uninitialized]
  126 |                 return res;
      |                        ^~~
D:/dev_2025/a3sk_revA/pricture_viewer/software/nios_app/diskio.c:115:17: note: 'res' was declared here
  115 |         DRESULT res;
      |                 ^~~
D:/dev_2025/a3sk_revA/pricture_viewer/software/nios_app/diskio.c: In function 'disk_write':
D:/dev_2025/a3sk_revA/pricture_viewer/software/nios_app/diskio.c:177:24: warning: 'res' may be used uninitialized [-Wmaybe-uninitialized]
  177 |                 return res;
      |                        ^~~
D:/dev_2025/a3sk_revA/pricture_viewer/software/nios_app/diskio.c:166:17: note: 'res' was declared here
  166 |         DRESULT res;
      |                 ^~~
D:/dev_2025/a3sk_revA/pricture_viewer/software/nios_app/diskio.c: In function 'disk_ioctl':
D:/dev_2025/a3sk_revA/pricture_viewer/software/nios_app/diskio.c:223:24: warning: 'res' may be used uninitialized [-Wmaybe-uninitialized]
  223 |                 return res;
      |                        ^~~
D:/dev_2025/a3sk_revA/pricture_viewer/software/nios_app/diskio.c:215:17: note: 'res' was declared here
  215 |         DRESULT res;
      |                 ^~~
[ 97%] Building C object CMakeFiles/nios_app.elf.dir/Bitmap_File.c.obj
[ 93%] Building C object CMakeFiles/nios_app.elf.dir/ffunicode.c.obj
[ 94%] Building C object CMakeFiles/nios_app.elf.dir/terasic_sdcard/debug.c.obj
D:/dev_2025/a3sk_revA/pricture_viewer/software/nios_app/terasic_sdcard/sd_lib.c: In function 'SDLIB_WriteBlock512':
D:/dev_2025/a3sk_revA/pricture_viewer/software/nios_app/terasic_sdcard/sd_lib.c:329:32: warning: passing argument 1 of 'SD_WriteData512' discards 'const' qualifier from pointer target type [-Wdiscarded-qualifiers]
  329 |     bSuccess = SD_WriteData512(szDataWrite);  // Write 512 bytes
      |                                ^~~~~~~~~~~
In file included from D:/dev_2025/a3sk_revA/pricture_viewer/software/nios_app/terasic_sdcard/sd_lib.c:45:
D:/dev_2025/a3sk_revA/pricture_viewer/software/nios_app/terasic_sdcard/sd_protocol.h:66:29: note: expected 'alt_u8 *' {aka 'unsigned char *'} but argument is of type 'const alt_u8 *' {aka 'const unsigned char *'}
   66 | bool SD_WriteData512(alt_u8 szDataWrite[]);
      |                      ~~~~~~~^~~~~~~~~~~~~
[ 95%] Building C object CMakeFiles/nios_app.elf.dir/terasic_sdcard/sd_protocol.c.obj
[ 92%] Building C object CMakeFiles/nios_app.elf.dir/glue.c.obj
[ 89%] Building C object CMakeFiles/nios_app.elf.dir/ff.c.obj
D:/dev_2025/a3sk_revA/pricture_viewer/software/nios_app/Bitmap_File.c: In function 'BMP_IsSupported':
D:/dev_2025/a3sk_revA/pricture_viewer/software/nios_app/Bitmap_File.c:26:17: warning: implicit declaration of function 'printf' [-Wimplicit-function-declaration]
   26 |                 printf("failed to open file - %s\r\n", pFilenamme);
      |                 ^~~~~~
D:/dev_2025/a3sk_revA/pricture_viewer/software/nios_app/Bitmap_File.c:12:1: note: include '<stdio.h>' or provide a declaration of 'printf'
   11 | #include "Bitmap_File.h"
  +++ |+#include <stdio.h>
   12 | 
D:/dev_2025/a3sk_revA/pricture_viewer/software/nios_app/Bitmap_File.c:26:17: warning: incompatible implicit declaration of built-in function 'printf' [-Wbuiltin-declaration-mismatch]
   26 |                 printf("failed to open file - %s\r\n", pFilenamme);
      |                 ^~~~~~
D:/dev_2025/a3sk_revA/pricture_viewer/software/nios_app/Bitmap_File.c:26:17: note: include '<stdio.h>' or provide a declaration of 'printf'
D:/dev_2025/a3sk_revA/pricture_viewer/software/nios_app/Bitmap_File.c: In function 'BMP_find_image_file':
D:/dev_2025/a3sk_revA/pricture_viewer/software/nios_app/Bitmap_File.c:64:17: warning: implicit declaration of function 'strcpy' [-Wimplicit-function-declaration]
   64 |                 strcpy(szFileList[nFileCnt], fno.fname);
      |                 ^~~~~~
D:/dev_2025/a3sk_revA/pricture_viewer/software/nios_app/Bitmap_File.c:12:1: note: include '<string.h>' or provide a declaration of 'strcpy'
   11 | #include "Bitmap_File.h"
  +++ |+#include <string.h>
   12 | 
D:/dev_2025/a3sk_revA/pricture_viewer/software/nios_app/Bitmap_File.c:64:17: warning: incompatible implicit declaration of built-in function 'strcpy' [-Wbuiltin-declaration-mismatch]
   64 |                 strcpy(szFileList[nFileCnt], fno.fname);
      |                 ^~~~~~
D:/dev_2025/a3sk_revA/pricture_viewer/software/nios_app/Bitmap_File.c:64:17: note: include '<string.h>' or provide a declaration of 'strcpy'
D:/dev_2025/a3sk_revA/pricture_viewer/software/nios_app/Bitmap_File.c: In function 'BMP_draw':
D:/dev_2025/a3sk_revA/pricture_viewer/software/nios_app/Bitmap_File.c:95:17: warning: incompatible implicit declaration of built-in function 'printf' [-Wbuiltin-declaration-mismatch]
   95 |                 printf("failed to open file - %s\r\n", pFilename);
      |                 ^~~~~~
D:/dev_2025/a3sk_revA/pricture_viewer/software/nios_app/Bitmap_File.c:95:17: note: include '<stdio.h>' or provide a declaration of 'printf'
D:/dev_2025/a3sk_revA/pricture_viewer/software/nios_app/Bitmap_File.c:112:52: warning: pointer targets in assignment from 'char *' to 'unsigned char *' differ in signedness [-Wpointer-sign]
  112 |                                         pLineStart = (char *)pMem + (nHeight-1)*nLineSize;
      |                                                    ^
D:/dev_2025/a3sk_revA/pricture_viewer/software/nios_app/Bitmap_File.c:117:57: warning: incompatible implicit declaration of built-in function 'printf' [-Wbuiltin-declaration-mismatch]
  117 |                                                         printf("Failed to read file %s\r\n", pFilename);
      |                                                         ^~~~~~
D:/dev_2025/a3sk_revA/pricture_viewer/software/nios_app/Bitmap_File.c:117:57: note: include '<stdio.h>' or provide a declaration of 'printf'
[ 96%] Building C object CMakeFiles/nios_app.elf.dir/mem_verify.c.obj
D:/dev_2025/a3sk_revA/pricture_viewer/software/nios_app/terasic_sdcard/debug.c: In function 'debug_output':
D:/dev_2025/a3sk_revA/pricture_viewer/software/nios_app/terasic_sdcard/debug.c:55:5: warning: format not a string literal and no format arguments [-Wformat-security]
   55 |     printf(pMessage);
      |     ^~~~~~
D:/dev_2025/a3sk_revA/pricture_viewer/software/nios_app/terasic_sdcard/debug.c: In function 'myprintf_hexarray':
D:/dev_2025/a3sk_revA/pricture_viewer/software/nios_app/terasic_sdcard/debug.c:83:17: warning: pointer targets in passing argument 1 of 'sprintf' differ in signedness [-Wpointer-sign]
   83 |         sprintf(szText, "[%02X]", *(pHex+i));
      |                 ^~~~~~
      |                 |
      |                 unsigned char *
In file included from D:/dev_2025/a3sk_revA/pricture_viewer/software/nios_app/terasic_sdcard/debug.c:33:
C:/altera_pro/25.1/riscfree/toolchain/riscv32-unknown-elf/riscv32-unknown-elf/include/stdio.h:250:18: note: expected 'char * restrict' but argument is of type 'unsigned char *'
  250 | int     sprintf (char *__restrict, const char *__restrict, ...)
      |                  ^
In file included from D:/dev_2025/a3sk_revA/pricture_viewer/software/nios_app/terasic_sdcard/terasic_includes.h:59,
                 from D:/dev_2025/a3sk_revA/pricture_viewer/software/nios_app/terasic_sdcard/debug.c:35:
D:/dev_2025/a3sk_revA/pricture_viewer/software/nios_app/terasic_sdcard/debug.c:84:16: warning: pointer targets in passing argument 1 of 'myprintf' differ in signedness [-Wpointer-sign]
   84 |         DEBUG((szText));
      |                ^~~~~~
      |                |
      |                unsigned char *
D:/dev_2025/a3sk_revA/pricture_viewer/software/nios_app/terasic_sdcard/debug.h:75:46: note: in definition of macro 'DEBUG'
   75 |     #define DEBUG(x)               {myprintf x;}  // standard in/out, specifed in project (it could be uart, jtag, or lcd)
      |                                              ^
D:/dev_2025/a3sk_revA/pricture_viewer/software/nios_app/terasic_sdcard/debug.c:64:20: note: expected 'char *' but argument is of type 'unsigned char *'
   64 | int myprintf(char *format, ...){
      |              ~~~~~~^~~~~~
D:/dev_2025/a3sk_revA/pricture_viewer/software/nios_app/terasic_sdcard/sd_protocol.c: In function 'SD_CMD9':
D:/dev_2025/a3sk_revA/pricture_viewer/software/nios_app/terasic_sdcard/sd_protocol.c:549:12: warning: 'nCopyLen' may be used uninitialized [-Wmaybe-uninitialized]
  549 |         if (nCopyLen > 16)
      |            ^
D:/dev_2025/a3sk_revA/pricture_viewer/software/nios_app/terasic_sdcard/sd_protocol.c:548:13: note: 'nCopyLen' was declared here
  548 |         int nCopyLen, x;
      |             ^~~~~~~~
D:/dev_2025/a3sk_revA/pricture_viewer/software/nios_app/terasic_sdcard/sd_protocol.c: In function 'SD_CMD10':
D:/dev_2025/a3sk_revA/pricture_viewer/software/nios_app/terasic_sdcard/sd_protocol.c:604:12: warning: 'nCopyLen' may be used uninitialized [-Wmaybe-uninitialized]
  604 |         if (nCopyLen > 16)
      |            ^
D:/dev_2025/a3sk_revA/pricture_viewer/software/nios_app/terasic_sdcard/sd_protocol.c:603:13: note: 'nCopyLen' was declared here
  603 |         int nCopyLen, x;
      |             ^~~~~~~~
D:/dev_2025/a3sk_revA/pricture_viewer/software/nios_app/glue.c: In function 'RAM_disk_status':
D:/dev_2025/a3sk_revA/pricture_viewer/software/nios_app/glue.c:123:1: warning: control reaches end of non-void function [-Wreturn-type]
  123 | }
      | ^
D:/dev_2025/a3sk_revA/pricture_viewer/software/nios_app/glue.c: In function 'RAM_disk_initialize':
D:/dev_2025/a3sk_revA/pricture_viewer/software/nios_app/glue.c:127:1: warning: control reaches end of non-void function [-Wreturn-type]
  127 | }
      | ^
D:/dev_2025/a3sk_revA/pricture_viewer/software/nios_app/glue.c: In function 'RAM_disk_read':
D:/dev_2025/a3sk_revA/pricture_viewer/software/nios_app/glue.c:135:1: warning: control reaches end of non-void function [-Wreturn-type]
  135 | }
      | ^
D:/dev_2025/a3sk_revA/pricture_viewer/software/nios_app/glue.c: In function 'RAM_disk_write':
D:/dev_2025/a3sk_revA/pricture_viewer/software/nios_app/glue.c:143:1: warning: control reaches end of non-void function [-Wreturn-type]
  143 | }
      | ^
D:/dev_2025/a3sk_revA/pricture_viewer/software/nios_app/glue.c: In function 'USB_disk_status':
D:/dev_2025/a3sk_revA/pricture_viewer/software/nios_app/glue.c:148:1: warning: control reaches end of non-void function [-Wreturn-type]
  148 | }
      | ^
D:/dev_2025/a3sk_revA/pricture_viewer/software/nios_app/glue.c: In function 'USB_disk_initialize':
D:/dev_2025/a3sk_revA/pricture_viewer/software/nios_app/glue.c:152:1: warning: control reaches end of non-void function [-Wreturn-type]
  152 | }
      | ^
D:/dev_2025/a3sk_revA/pricture_viewer/software/nios_app/glue.c: In function 'USB_disk_read':
D:/dev_2025/a3sk_revA/pricture_viewer/software/nios_app/glue.c:160:1: warning: control reaches end of non-void function [-Wreturn-type]
  160 | }
      | ^
D:/dev_2025/a3sk_revA/pricture_viewer/software/nios_app/glue.c: In function 'USB_disk_write':
D:/dev_2025/a3sk_revA/pricture_viewer/software/nios_app/glue.c:168:1: warning: control reaches end of non-void function [-Wreturn-type]
  168 | }
      | ^
D:/dev_2025/a3sk_revA/pricture_viewer/software/nios_app/mem_verify.c: In function 'TMEM_Verify':
D:/dev_2025/a3sk_revA/pricture_viewer/software/nios_app/mem_verify.c:93:79: warning: format '%X' expects argument of type 'unsigned int', but argument 4 has type 'alt_64' {aka 'long long int'} [-Wformat=]
   93 |                     printf("verify ng, read=%08Xh, expected=%08Xh, WordIndex=%Xh\n", (int)*(pSrc-1), (int)szData[i], (nPos/my_data_size)+i);
      |                                                                              ~^                                      ~~~~~~~~~~~~~~~~~~~~~
      |                                                                               |                                                         |
      |                                                                               unsigned int                                              alt_64 {aka long long int}
      |                                                                              %llX
[ 94%] Building C object CMakeFiles/nios_app.elf.dir/terasic_sdcard/crc7.c.obj
D:/dev_2025/a3sk_revA/pricture_viewer/software/nios_app/VVP_CORE.cpp: In member function 'void VVP_CORE::DumpRegister(REG_INFO*, int)':
D:/dev_2025/a3sk_revA/pricture_viewer/software/nios_app/VVP_CORE.cpp:32:30: warning: format '%d' expects argument of type 'int', but argument 3 has type 'uint32_t' {aka 'long unsigned int'} [-Wformat=]
   32 |                 printf("%s: %d (%xh)\r\n", szRegInfo[i].szHint, value32 & szRegInfo[i].ValueMask, value32);
      |                             ~^                                  ~~~~~~~~~~~~~~~~~~~~~~~~~~~~~~~~
      |                              |                                          |
      |                              int                                        uint32_t {aka long unsigned int}
      |                             %ld
D:/dev_2025/a3sk_revA/pricture_viewer/software/nios_app/VVP_CORE.cpp:32:34: warning: format '%x' expects argument of type 'unsigned int', but argument 4 has type 'uint32_t' {aka 'long unsigned int'} [-Wformat=]
   32 |                 printf("%s: %d (%xh)\r\n", szRegInfo[i].szHint, value32 & szRegInfo[i].ValueMask, value32);
      |                                 ~^                                                                ~~~~~~~
      |                                  |                                                                |
      |                                  unsigned int                                                     uint32_t {aka long unsigned int}
      |                                 %lx
D:/dev_2025/a3sk_revA/pricture_viewer/software/nios_app/VVP_FR.cpp: In member function 'virtual void VVP_FR::ShowStatus()':
D:/dev_2025/a3sk_revA/pricture_viewer/software/nios_app/VVP_FR.cpp:43:19: warning: unused variable 'status' [-Wunused-variable]
   43 |         uint32_t  status, value32;
      |                   ^~~~~~
D:/dev_2025/a3sk_revA/pricture_viewer/software/nios_app/VVP_FR.cpp:43:27: warning: unused variable 'value32' [-Wunused-variable]
   43 |         uint32_t  status, value32;
      |                           ^~~~~~~
[ 98%] Linking CXX executable nios_app.elf
[ 98%] Built target nios_app.elf
[100%] Reporting memory available for stack + heap in nios_app.elf.
[ 98%] Creating onchip_memory.hex.
[100%] Creating nios_app.elf.objdump.
[100%] Built target create-objdump
[100%] Built target create-hex
nios_app.elf
 * 300.56 KB - Program size (code + initialized data).
 * 205.16 KB - Free for stack + heap.
[100%] Built target niosv-stack-report
21:20:25 **** Incremental Build of configuration Debug for project nios_app ****
"C:\\altera_pro\\25.1\\riscfree\\build_tools\\bin\\make.exe" -j all 
[ 84%] Built target hal2_bsp
[ 85%] Building CXX object CMakeFiles/nios_app.elf.dir/main.cpp.obj
[ 86%] Linking CXX executable nios_app.elf
[ 98%] Built target nios_app.elf
[ 99%] Creating nios_app.elf.objdump.
[ 99%] Creating onchip_memory.hex.
[100%] Reporting memory available for stack + heap in nios_app.elf.
[100%] Built target create-objdump
[100%] Built target create-hex
nios_app.elf
 * 300.56 KB - Program size (code + initialized data).
 * 205.16 KB - Free for stack + heap.
[100%] Built target niosv-stack-report
21:20:46 **** Incremental Build of configuration Debug for project nios_app ****
"C:\\altera_pro\\25.1\\riscfree\\build_tools\\bin\\make.exe" -j all 
[ 84%] Built target hal2_bsp
[ 85%] Building CXX object CMakeFiles/nios_app.elf.dir/main.cpp.obj
[ 86%] Linking CXX executable nios_app.elf
[ 98%] Built target nios_app.elf
[ 98%] Creating onchip_memory.hex.
[100%] Creating nios_app.elf.objdump.
[100%] Reporting memory available for stack + heap in nios_app.elf.
[100%] Built target create-objdump
[100%] Built target create-hex
nios_app.elf
 * 300.44 KB - Program size (code + initialized data).
 * 205.28 KB - Free for stack + heap.
[100%] Built target niosv-stack-report
09:00:34 **** Clean-only build of configuration Debug for project nios_app ****
"C:\\altera_pro\\25.1\\riscfree\\build_tools\\bin\\make.exe" -j clean 
09:00:37 **** Incremental Build of configuration Debug for project nios_app ****
"C:\\altera_pro\\25.1\\riscfree\\build_tools\\bin\\make.exe" -j all 
[  0%] Building C object nios_bsp/CMakeFiles/hal2_bsp.dir/HAL/src/alt_alarm_start.c.obj
[  2%] Building C object nios_bsp/CMakeFiles/hal2_bsp.dir/HAL/src/alt_fcntl.c.obj
[  3%] Building C object nios_bsp/CMakeFiles/hal2_bsp.dir/HAL/src/alt_dcache_flush_no_writeback.c.obj
[  1%] Building ASM object nios_bsp/CMakeFiles/hal2_bsp.dir/HAL/src/alt_ecc_exception_entry.S.obj
[  2%] Building C object nios_bsp/CMakeFiles/hal2_bsp.dir/HAL/src/alt_dma_rxchan_open.c.obj
[  5%] Building C object nios_bsp/CMakeFiles/hal2_bsp.dir/HAL/src/alt_fd_unlock.c.obj
[  4%] Building ASM object nios_bsp/CMakeFiles/hal2_bsp.dir/HAL/src/alt_mcount.S.obj
[  7%] Building C object nios_bsp/CMakeFiles/hal2_bsp.dir/HAL/src/alt_iic.c.obj
[ 14%] Building C object nios_bsp/CMakeFiles/hal2_bsp.dir/HAL/src/alt_dcache_flush_all.c.obj
[  7%] Building C object nios_bsp/CMakeFiles/hal2_bsp.dir/HAL/src/alt_do_dtors.c.obj
[ 11%] Building C object nios_bsp/CMakeFiles/hal2_bsp.dir/HAL/src/alt_dev_llist_insert.c.obj
[ 11%] Building ASM object nios_bsp/CMakeFiles/hal2_bsp.dir/HAL/src/crt0.S.obj
[ 15%] Building C object nios_bsp/CMakeFiles/hal2_bsp.dir/HAL/src/alt_ecc_error_inject.c.obj
[ 13%] Building C object nios_bsp/CMakeFiles/hal2_bsp.dir/HAL/src/alt_errno.c.obj
[ 16%] Building C object nios_bsp/CMakeFiles/hal2_bsp.dir/HAL/src/alt_do_ctors.c.obj
[ 22%] Building C object nios_bsp/CMakeFiles/hal2_bsp.dir/HAL/src/alt_fd_lock.c.obj
[ 12%] Building C object nios_bsp/CMakeFiles/hal2_bsp.dir/HAL/src/alt_dcache_flush.c.obj
[ 13%] Building C object nios_bsp/CMakeFiles/hal2_bsp.dir/HAL/src/alt_environ.c.obj
[ 18%] Building ASM object nios_bsp/CMakeFiles/hal2_bsp.dir/HAL/src/machine_trap.S.obj
[  8%] Building ASM object nios_bsp/CMakeFiles/hal2_bsp.dir/HAL/src/alt_log_macro.S.obj
[ 24%] Building C object nios_bsp/CMakeFiles/hal2_bsp.dir/HAL/src/alt_find_file.c.obj
[ 20%] Building C object nios_bsp/CMakeFiles/hal2_bsp.dir/HAL/src/alt_fs_reg.c.obj
[ 25%] Building C object nios_bsp/CMakeFiles/hal2_bsp.dir/HAL/src/alt_getpid.c.obj
[ 23%] Building C object nios_bsp/CMakeFiles/hal2_bsp.dir/HAL/src/alt_get_fd.c.obj
[ 19%] Building C object nios_bsp/CMakeFiles/hal2_bsp.dir/HAL/src/alt_busy_sleep.c.obj
[ 35%] Building C object nios_bsp/CMakeFiles/hal2_bsp.dir/HAL/src/alt_gettod.c.obj
[ 29%] Building C object nios_bsp/CMakeFiles/hal2_bsp.dir/HAL/src/alt_fork.c.obj
[ 31%] Building C object nios_bsp/CMakeFiles/hal2_bsp.dir/HAL/src/alt_close.c.obj
[ 30%] Building C object nios_bsp/CMakeFiles/hal2_bsp.dir/HAL/src/alt_ecc_exception.c.obj
[ 26%] Building C object nios_bsp/CMakeFiles/hal2_bsp.dir/HAL/src/alt_find_dev.c.obj
[ 36%] Building C object nios_bsp/CMakeFiles/hal2_bsp.dir/HAL/src/alt_iic_isr_register.c.obj
[ 27%] Building C object nios_bsp/CMakeFiles/hal2_bsp.dir/HAL/src/alt_getchar.c.obj
[ 35%] Building C object nios_bsp/CMakeFiles/hal2_bsp.dir/HAL/src/alt_link.c.obj
[ 21%] Building C object nios_bsp/CMakeFiles/hal2_bsp.dir/HAL/src/alt_execve.c.obj
[ 32%] Building C object nios_bsp/CMakeFiles/hal2_bsp.dir/HAL/src/alt_gmon.c.obj
[ 39%] Building C object nios_bsp/CMakeFiles/hal2_bsp.dir/HAL/src/alt_log_printf.c.obj
[ 40%] Building C object nios_bsp/CMakeFiles/hal2_bsp.dir/HAL/src/alt_load.c.obj
[ 32%] Building C object nios_bsp/CMakeFiles/hal2_bsp.dir/HAL/src/alt_flash_dev.c.obj
[  9%] Building ASM object nios_bsp/CMakeFiles/hal2_bsp.dir/HAL/src/alt_vic_vector_table.S.obj
[ 17%] Building C object nios_bsp/CMakeFiles/hal2_bsp.dir/HAL/src/alt_dev.c.obj
[ 37%] Building C object nios_bsp/CMakeFiles/hal2_bsp.dir/HAL/src/alt_fstat.c.obj
[ 44%] Building C object nios_bsp/CMakeFiles/hal2_bsp.dir/HAL/src/alt_ioctl.c.obj
[ 38%] Building C object nios_bsp/CMakeFiles/hal2_bsp.dir/HAL/src/alt_icache_flush_all.c.obj
[ 46%] Building C object nios_bsp/CMakeFiles/hal2_bsp.dir/HAL/src/alt_remap_cached.c.obj
[ 42%] Building C object nios_bsp/CMakeFiles/hal2_bsp.dir/HAL/src/alt_kill.c.obj
[ 41%] Building C object nios_bsp/CMakeFiles/hal2_bsp.dir/HAL/src/alt_icache_flush.c.obj
[ 49%] Building C object nios_bsp/CMakeFiles/hal2_bsp.dir/HAL/src/alt_lseek.c.obj
[ 28%] Building C object nios_bsp/CMakeFiles/hal2_bsp.dir/HAL/src/alt_env_lock.c.obj
[ 54%] Building C object nios_bsp/CMakeFiles/hal2_bsp.dir/HAL/src/alt_read.c.obj
[ 47%] Building C object nios_bsp/CMakeFiles/hal2_bsp.dir/HAL/src/alt_release_fd.c.obj
[ 33%] Building C object nios_bsp/CMakeFiles/hal2_bsp.dir/HAL/src/alt_dma_txchan_open.c.obj
[ 59%] Building C object nios_bsp/CMakeFiles/hal2_bsp.dir/HAL/src/alt_printf.c.obj
[ 58%] Building C object nios_bsp/CMakeFiles/hal2_bsp.dir/HAL/src/alt_settod.c.obj
[ 56%] Building C object nios_bsp/CMakeFiles/hal2_bsp.dir/HAL/src/alt_remap_uncached.c.obj
[ 55%] Building C object nios_bsp/CMakeFiles/hal2_bsp.dir/HAL/src/alt_putstr.c.obj
[ 53%] Building C object nios_bsp/CMakeFiles/hal2_bsp.dir/HAL/src/alt_times.c.obj
[ 56%] Building C object nios_bsp/CMakeFiles/hal2_bsp.dir/HAL/src/alt_isatty.c.obj
[ 43%] Building C object nios_bsp/CMakeFiles/hal2_bsp.dir/HAL/src/alt_instruction_exception_register.c.obj
[ 63%] Building C object nios_bsp/CMakeFiles/hal2_bsp.dir/HAL/src/alt_wait.c.obj
[ 61%] Building C object nios_bsp/CMakeFiles/hal2_bsp.dir/alt_sys_init.c.obj
[ 48%] Building C object nios_bsp/CMakeFiles/hal2_bsp.dir/HAL/src/alt_putcharbuf.c.obj
[ 57%] Building C object nios_bsp/CMakeFiles/hal2_bsp.dir/HAL/src/alt_sbrk.c.obj
[ 66%] Building C object nios_bsp/CMakeFiles/hal2_bsp.dir/HAL/src/alt_unlink.c.obj
[ 51%] Building C object nios_bsp/CMakeFiles/hal2_bsp.dir/HAL/src/alt_malloc_lock.c.obj
[ 67%] Building C object nios_bsp/CMakeFiles/hal2_bsp.dir/HAL/src/alt_tls.c.obj
[ 60%] Building C object nios_bsp/CMakeFiles/hal2_bsp.dir/HAL/src/alt_stat.c.obj
[ 68%] Building C object nios_bsp/CMakeFiles/hal2_bsp.dir/drivers/src/altera_avalon_jtag_uart_read.c.obj
[ 65%] Building C object nios_bsp/CMakeFiles/hal2_bsp.dir/HAL/src/alt_vic_isr_wrapper.c.obj
[ 64%] Building C object nios_bsp/CMakeFiles/hal2_bsp.dir/HAL/src/alt_putchar.c.obj
[ 62%] Building C object nios_bsp/CMakeFiles/hal2_bsp.dir/drivers/mtm/drivers_common/HAL/src/intel_vvp_core_irq.c.obj
[ 66%] Building C object nios_bsp/CMakeFiles/hal2_bsp.dir/HAL/src/alt_uncached_free.c.obj
[ 32%] Building C object nios_bsp/CMakeFiles/hal2_bsp.dir/HAL/src/alt_exit.c.obj
[ 70%] Building C object nios_bsp/CMakeFiles/hal2_bsp.dir/drivers/src/altera_avalon_jtag_uart_fd.c.obj
[ 73%] Building C object nios_bsp/CMakeFiles/hal2_bsp.dir/drivers/src/altera_avalon_jtag_uart_init.c.obj
[ 45%] Building C object nios_bsp/CMakeFiles/hal2_bsp.dir/HAL/src/alt_io_redirect.c.obj
[ 71%] Building C object nios_bsp/CMakeFiles/hal2_bsp.dir/HAL/src/alt_tick.c.obj
[ 76%] Building C object nios_bsp/CMakeFiles/hal2_bsp.dir/HAL/src/alt_uncached_malloc.c.obj
[ 50%] Building C object nios_bsp/CMakeFiles/hal2_bsp.dir/HAL/src/alt_usleep.c.obj
[ 74%] Building C object nios_bsp/CMakeFiles/hal2_bsp.dir/drivers/src/altera_avalon_sysid_qsys.c.obj
[ 52%] Building C object nios_bsp/CMakeFiles/hal2_bsp.dir/HAL/src/alt_main.c.obj
[ 72%] Building C object nios_bsp/CMakeFiles/hal2_bsp.dir/drivers/src/altera_avalon_jtag_uart_ioctl.c.obj
[ 77%] Building C object nios_bsp/CMakeFiles/hal2_bsp.dir/HAL/src/alt_rename.c.obj
[ 69%] Building C object nios_bsp/CMakeFiles/hal2_bsp.dir/drivers/src/altera_avalon_jtag_uart_write.c.obj
[ 81%] Building C object nios_bsp/CMakeFiles/hal2_bsp.dir/HAL/src/alt_write.c.obj
[ 75%] Building C object nios_bsp/CMakeFiles/hal2_bsp.dir/drivers/mtm/intel_vvp_vfr/src/intel_vvp_vfr.c.obj
[ 79%] Building C object nios_bsp/CMakeFiles/hal2_bsp.dir/HAL/src/alt_open.c.obj
[ 78%] Building C object nios_bsp/CMakeFiles/hal2_bsp.dir/HAL/src/intel_fpga_api_cmn_dfl.c.obj
[ 46%] Building C object nios_bsp/CMakeFiles/hal2_bsp.dir/HAL/src/alt_irq_handler.c.obj
[ 79%] Building C object nios_bsp/CMakeFiles/hal2_bsp.dir/HAL/src/intel_fpga_api_niosv.c.obj
[ 83%] Building C object nios_bsp/CMakeFiles/hal2_bsp.dir/HAL/src/intel_fpga_platform_api_niosv.c.obj
[ 70%] Building C object nios_bsp/CMakeFiles/hal2_bsp.dir/drivers/mtm/drivers_common/src/intel_vvp_core.c.obj
[ 84%] Building C object nios_bsp/CMakeFiles/hal2_bsp.dir/HAL/src/mtimer.c.obj
[ 82%] Building C object nios_bsp/CMakeFiles/hal2_bsp.dir/HAL/src/intel_fpga_api_cmn_msg.c.obj
[ 80%] Building C object nios_bsp/CMakeFiles/hal2_bsp.dir/HAL/src/intel_niosv_irq.c.obj
[ 79%] Building C object nios_bsp/CMakeFiles/hal2_bsp.dir/HAL/src/intel_fpga_api_cmn_inf.c.obj
[ 84%] Linking C static library libhal2_bsp.a
[ 84%] Built target hal2_bsp
[ 94%] Building C object CMakeFiles/nios_app.elf.dir/glue.c.obj
[ 86%] Building C object CMakeFiles/nios_app.elf.dir/terasic_sdcard/debug.c.obj
[ 87%] Building C object CMakeFiles/nios_app.elf.dir/ffunicode.c.obj
[ 92%] Building C object CMakeFiles/nios_app.elf.dir/terasic_sdcard/sd_lib.c.obj
[ 93%] Building CXX object CMakeFiles/nios_app.elf.dir/VVP_CORE.cpp.obj
[ 89%] Building C object CMakeFiles/nios_app.elf.dir/ff.c.obj
D:/dev_2025/a3sk_revA/pricture_viewer/software/nios_app/terasic_sdcard/debug.c: In function 'debug_output':
D:/dev_2025/a3sk_revA/pricture_viewer/software/nios_app/terasic_sdcard/debug.c:55:5: warning: format not a string literal and no format arguments [-Wformat-security]
[ 90%] Building C object CMakeFiles/nios_app.elf.dir/terasic_sdcard/sd_protocol.c.obj
   55 |     printf(pMessage);
      |     ^~~~~~
D:/dev_2025/a3sk_revA/pricture_viewer/software/nios_app/terasic_sdcard/debug.c: In function 'myprintf_hexarray':
D:/dev_2025/a3sk_revA/pricture_viewer/software/nios_app/terasic_sdcard/debug.c:83:17: warning: pointer targets in passing argument 1 of 'sprintf' differ in signedness [-Wpointer-sign]
   83 |         sprintf(szText, "[%02X]", *(pHex+i));
      |                 ^~~~~~
      |                 |
      |                 unsigned char *
In file included from D:/dev_2025/a3sk_revA/pricture_viewer/software/nios_app/terasic_sdcard/debug.c:33:
C:/altera_pro/25.1/riscfree/toolchain/riscv32-unknown-elf/riscv32-unknown-elf/include/stdio.h:250:18: note: expected 'char * restrict' but argument is of type 'unsigned char *'
  250 | int     sprintf (char *__restrict, const char *__restrict, ...)
      |                  ^
In file included from D:/dev_2025/a3sk_revA/pricture_viewer/software/nios_app/terasic_sdcard/terasic_includes.h:59,
[ 88%] Building CXX object CMakeFiles/nios_app.elf.dir/main.cpp.obj
                 from D:/dev_2025/a3sk_revA/pricture_viewer/software/nios_app/terasic_sdcard/debug.c:35:
D:/dev_2025/a3sk_revA/pricture_viewer/software/nios_app/terasic_sdcard/debug.c:84:16: warning: pointer targets in passing argument 1 of 'myprintf' differ in signedness [-Wpointer-sign]
   84 |         DEBUG((szText));
      |                ^~~~~~
      |                |
      |                unsigned char *
D:/dev_2025/a3sk_revA/pricture_viewer/software/nios_app/terasic_sdcard/debug.h:75:46: note: in definition of macro 'DEBUG'
   75 |     #define DEBUG(x)               {myprintf x;}  // standard in/out, specifed in project (it could be uart, jtag, or lcd)
      |                                              ^
D:/dev_2025/a3sk_revA/pricture_viewer/software/nios_app/glue.c: In function 'RAM_disk_status':
D:/dev_2025/a3sk_revA/pricture_viewer/software/nios_app/terasic_sdcard/debug.c:64:20: note: expected 'char *' but argument is of type 'unsigned char *'
   64 | int myprintf(char *format, ...){
      |              ~~~~~~^~~~~~
D:/dev_2025/a3sk_revA/pricture_viewer/software/nios_app/glue.c:123:1: warning: control reaches end of non-void function [-Wreturn-type]
  123 | }
      | ^
D:/dev_2025/a3sk_revA/pricture_viewer/software/nios_app/glue.c: In function 'RAM_disk_initialize':
D:/dev_2025/a3sk_revA/pricture_viewer/software/nios_app/glue.c:127:1: warning: control reaches end of non-void function [-Wreturn-type]
  127 | }
      | ^
D:/dev_2025/a3sk_revA/pricture_viewer/software/nios_app/glue.c: In function 'RAM_disk_read':
D:/dev_2025/a3sk_revA/pricture_viewer/software/nios_app/glue.c:135:1: warning: control reaches end of non-void function [-Wreturn-type]
  135 | }
      | ^
D:/dev_2025/a3sk_revA/pricture_viewer/software/nios_app/glue.c: In function 'RAM_disk_write':
D:/dev_2025/a3sk_revA/pricture_viewer/software/nios_app/glue.c:143:1: warning: control reaches end of non-void function [-Wreturn-type]
  143 | }
      | ^
D:/dev_2025/a3sk_revA/pricture_viewer/software/nios_app/glue.c: In function 'USB_disk_status':
D:/dev_2025/a3sk_revA/pricture_viewer/software/nios_app/glue.c:148:1: warning: control reaches end of non-void function [-Wreturn-type]
  148 | }
      | ^
D:/dev_2025/a3sk_revA/pricture_viewer/software/nios_app/glue.c: In function 'USB_disk_initialize':
D:/dev_2025/a3sk_revA/pricture_viewer/software/nios_app/glue.c:152:1: warning: control reaches end of non-void function [-Wreturn-type]
  152 | }
      | ^
D:/dev_2025/a3sk_revA/pricture_viewer/software/nios_app/glue.c: In function 'USB_disk_read':
D:/dev_2025/a3sk_revA/pricture_viewer/software/nios_app/glue.c:160:1: warning: control reaches end of non-void function [-Wreturn-type]
  160 | }
      | ^
D:/dev_2025/a3sk_revA/pricture_viewer/software/nios_app/glue.c: In function 'USB_disk_write':
D:/dev_2025/a3sk_revA/pricture_viewer/software/nios_app/glue.c:168:1: warning: control reaches end of non-void function [-Wreturn-type]
  168 | }
      | ^
[ 91%] Building C object CMakeFiles/nios_app.elf.dir/Bitmap_File.c.obj
[ 85%] Building C object CMakeFiles/nios_app.elf.dir/ffsystem.c.obj
D:/dev_2025/a3sk_revA/pricture_viewer/software/nios_app/terasic_sdcard/sd_lib.c: In function 'SDLIB_WriteBlock512':
D:/dev_2025/a3sk_revA/pricture_viewer/software/nios_app/terasic_sdcard/sd_lib.c:329:32: warning: passing argument 1 of 'SD_WriteData512' discards 'const' qualifier from pointer target type [-Wdiscarded-qualifiers]
  329 |     bSuccess = SD_WriteData512(szDataWrite);  // Write 512 bytes
      |                                ^~~~~~~~~~~
In file included from D:/dev_2025/a3sk_revA/pricture_viewer/software/nios_app/terasic_sdcard/sd_lib.c:45:
D:/dev_2025/a3sk_revA/pricture_viewer/software/nios_app/terasic_sdcard/sd_protocol.h:66:29: note: expected 'alt_u8 *' {aka 'unsigned char *'} but argument is of type 'const alt_u8 *' {aka 'const unsigned char *'}
   66 | bool SD_WriteData512(alt_u8 szDataWrite[]);
      |                      ~~~~~~~^~~~~~~~~~~~~
[ 95%] Building C object CMakeFiles/nios_app.elf.dir/diskio.c.obj
D:/dev_2025/a3sk_revA/pricture_viewer/software/nios_app/Bitmap_File.c: In function 'BMP_IsSupported':
D:/dev_2025/a3sk_revA/pricture_viewer/software/nios_app/Bitmap_File.c:26:17: warning: implicit declaration of function 'printf' [-Wimplicit-function-declaration]
   26 |                 printf("failed to open file - %s\r\n", pFilenamme);
      |                 ^~~~~~
D:/dev_2025/a3sk_revA/pricture_viewer/software/nios_app/Bitmap_File.c:12:1: note: include '<stdio.h>' or provide a declaration of 'printf'
   11 | #include "Bitmap_File.h"
  +++ |+#include <stdio.h>
   12 | 
D:/dev_2025/a3sk_revA/pricture_viewer/software/nios_app/Bitmap_File.c:26:17: warning: incompatible implicit declaration of built-in function 'printf' [-Wbuiltin-declaration-mismatch]
   26 |                 printf("failed to open file - %s\r\n", pFilenamme);
      |                 ^~~~~~
D:/dev_2025/a3sk_revA/pricture_viewer/software/nios_app/Bitmap_File.c:26:17: note: include '<stdio.h>' or provide a declaration of 'printf'
D:/dev_2025/a3sk_revA/pricture_viewer/software/nios_app/Bitmap_File.c: In function 'BMP_find_image_file':
D:/dev_2025/a3sk_revA/pricture_viewer/software/nios_app/Bitmap_File.c:64:17: warning: implicit declaration of function 'strcpy' [-Wimplicit-function-declaration]
   64 |                 strcpy(szFileList[nFileCnt], fno.fname);
      |                 ^~~~~~
D:/dev_2025/a3sk_revA/pricture_viewer/software/nios_app/Bitmap_File.c:12:1: note: include '<string.h>' or provide a declaration of 'strcpy'
   11 | #include "Bitmap_File.h"
  +++ |+#include <string.h>
   12 | 
D:/dev_2025/a3sk_revA/pricture_viewer/software/nios_app/Bitmap_File.c:64:17: warning: incompatible implicit declaration of built-in function 'strcpy' [-Wbuiltin-declaration-mismatch]
   64 |                 strcpy(szFileList[nFileCnt], fno.fname);
      |                 ^~~~~~
D:/dev_2025/a3sk_revA/pricture_viewer/software/nios_app/Bitmap_File.c:64:17: note: include '<string.h>' or provide a declaration of 'strcpy'
[ 94%] Building C object CMakeFiles/nios_app.elf.dir/terasic_sdcard/crc7.c.obj
D:/dev_2025/a3sk_revA/pricture_viewer/software/nios_app/Bitmap_File.c: In function 'BMP_draw':
D:/dev_2025/a3sk_revA/pricture_viewer/software/nios_app/Bitmap_File.c:95:17: warning: incompatible implicit declaration of built-in function 'printf' [-Wbuiltin-declaration-mismatch]
   95 |                 printf("failed to open file - %s\r\n", pFilename);
      |                 ^~~~~~
D:/dev_2025/a3sk_revA/pricture_viewer/software/nios_app/Bitmap_File.c:95:17: note: include '<stdio.h>' or provide a declaration of 'printf'
D:/dev_2025/a3sk_revA/pricture_viewer/software/nios_app/Bitmap_File.c:112:52: warning: pointer targets in assignment from 'char *' to 'unsigned char *' differ in signedness [-Wpointer-sign]
  112 |                                         pLineStart = (char *)pMem + (nHeight-1)*nLineSize;
      |                                                    ^
D:/dev_2025/a3sk_revA/pricture_viewer/software/nios_app/Bitmap_File.c:117:57: warning: incompatible implicit declaration of built-in function 'printf' [-Wbuiltin-declaration-mismatch]
  117 |                                                         printf("Failed to read file %s\r\n", pFilename);
      |                                                         ^~~~~~
D:/dev_2025/a3sk_revA/pricture_viewer/software/nios_app/Bitmap_File.c:117:57: note: include '<stdio.h>' or provide a declaration of 'printf'
D:/dev_2025/a3sk_revA/pricture_viewer/software/nios_app/terasic_sdcard/sd_protocol.c: In function 'SD_CMD9':
D:/dev_2025/a3sk_revA/pricture_viewer/software/nios_app/terasic_sdcard/sd_protocol.c:549:12: warning: 'nCopyLen' may be used uninitialized [-Wmaybe-uninitialized]
  549 |         if (nCopyLen > 16)
      |            ^
D:/dev_2025/a3sk_revA/pricture_viewer/software/nios_app/terasic_sdcard/sd_protocol.c:548:13: note: 'nCopyLen' was declared here
  548 |         int nCopyLen, x;
      |             ^~~~~~~~
D:/dev_2025/a3sk_revA/pricture_viewer/software/nios_app/terasic_sdcard/sd_protocol.c: In function 'SD_CMD10':
D:/dev_2025/a3sk_revA/pricture_viewer/software/nios_app/terasic_sdcard/sd_protocol.c:604:12: warning: 'nCopyLen' may be used uninitialized [-Wmaybe-uninitialized]
  604 |         if (nCopyLen > 16)
      |            ^
D:/dev_2025/a3sk_revA/pricture_viewer/software/nios_app/terasic_sdcard/sd_protocol.c:603:13: note: 'nCopyLen' was declared here
  603 |         int nCopyLen, x;
      |             ^~~~~~~~
D:/dev_2025/a3sk_revA/pricture_viewer/software/nios_app/diskio.c: In function 'disk_ioctl':
D:/dev_2025/a3sk_revA/pricture_viewer/software/nios_app/diskio.c:216:13: warning: unused variable 'result' [-Wunused-variable]
  216 |         int result;
      |             ^~~~~~
D:/dev_2025/a3sk_revA/pricture_viewer/software/nios_app/diskio.c: In function 'disk_status':
D:/dev_2025/a3sk_revA/pricture_viewer/software/nios_app/diskio.c:43:24: warning: 'stat' may be used uninitialized [-Wmaybe-uninitialized]
   43 |                 return stat;
      |                        ^~~~
D:/dev_2025/a3sk_revA/pricture_viewer/software/nios_app/diskio.c:34:17: note: 'stat' was declared here
   34 |         DSTATUS stat;
      |                 ^~~~
D:/dev_2025/a3sk_revA/pricture_viewer/software/nios_app/diskio.c: In function 'disk_read':
D:/dev_2025/a3sk_revA/pricture_viewer/software/nios_app/diskio.c:126:24: warning: 'res' may be used uninitialized [-Wmaybe-uninitialized]
  126 |                 return res;
      |                        ^~~
D:/dev_2025/a3sk_revA/pricture_viewer/software/nios_app/diskio.c:115:17: note: 'res' was declared here
  115 |         DRESULT res;
      |                 ^~~
D:/dev_2025/a3sk_revA/pricture_viewer/software/nios_app/diskio.c: In function 'disk_write':
D:/dev_2025/a3sk_revA/pricture_viewer/software/nios_app/diskio.c:177:24: warning: 'res' may be used uninitialized [-Wmaybe-uninitialized]
  177 |                 return res;
      |                        ^~~
D:/dev_2025/a3sk_revA/pricture_viewer/software/nios_app/diskio.c:166:17: note: 'res' was declared here
  166 |         DRESULT res;
      |                 ^~~
D:/dev_2025/a3sk_revA/pricture_viewer/software/nios_app/diskio.c: In function 'disk_ioctl':
D:/dev_2025/a3sk_revA/pricture_viewer/software/nios_app/diskio.c:223:24: warning: 'res' may be used uninitialized [-Wmaybe-uninitialized]
  223 |                 return res;
      |                        ^~~
D:/dev_2025/a3sk_revA/pricture_viewer/software/nios_app/diskio.c:215:17: note: 'res' was declared here
  215 |         DRESULT res;
      |                 ^~~
[ 96%] Building CXX object CMakeFiles/nios_app.elf.dir/VVP_FR.cpp.obj
[ 97%] Building C object CMakeFiles/nios_app.elf.dir/mem_verify.c.obj
D:/dev_2025/a3sk_revA/pricture_viewer/software/nios_app/mem_verify.c: In function 'TMEM_Verify':
D:/dev_2025/a3sk_revA/pricture_viewer/software/nios_app/mem_verify.c:93:79: warning: format '%X' expects argument of type 'unsigned int', but argument 4 has type 'alt_64' {aka 'long long int'} [-Wformat=]
   93 |                     printf("verify ng, read=%08Xh, expected=%08Xh, WordIndex=%Xh\n", (int)*(pSrc-1), (int)szData[i], (nPos/my_data_size)+i);
      |                                                                              ~^                                      ~~~~~~~~~~~~~~~~~~~~~
      |                                                                               |                                                         |
      |                                                                               unsigned int                                              alt_64 {aka long long int}
      |                                                                              %llX
D:/dev_2025/a3sk_revA/pricture_viewer/software/nios_app/VVP_CORE.cpp: In member function 'void VVP_CORE::DumpRegister(REG_INFO*, int)':
D:/dev_2025/a3sk_revA/pricture_viewer/software/nios_app/VVP_CORE.cpp:32:30: warning: format '%d' expects argument of type 'int', but argument 3 has type 'uint32_t' {aka 'long unsigned int'} [-Wformat=]
   32 |                 printf("%s: %d (%xh)\r\n", szRegInfo[i].szHint, value32 & szRegInfo[i].ValueMask, value32);
      |                             ~^                                  ~~~~~~~~~~~~~~~~~~~~~~~~~~~~~~~~
      |                              |                                          |
      |                              int                                        uint32_t {aka long unsigned int}
      |                             %ld
D:/dev_2025/a3sk_revA/pricture_viewer/software/nios_app/VVP_CORE.cpp:32:34: warning: format '%x' expects argument of type 'unsigned int', but argument 4 has type 'uint32_t' {aka 'long unsigned int'} [-Wformat=]
   32 |                 printf("%s: %d (%xh)\r\n", szRegInfo[i].szHint, value32 & szRegInfo[i].ValueMask, value32);
      |                                 ~^                                                                ~~~~~~~
      |                                  |                                                                |
      |                                  unsigned int                                                     uint32_t {aka long unsigned int}
      |                                 %lx
D:/dev_2025/a3sk_revA/pricture_viewer/software/nios_app/VVP_FR.cpp: In member function 'virtual void VVP_FR::ShowStatus()':
D:/dev_2025/a3sk_revA/pricture_viewer/software/nios_app/VVP_FR.cpp:43:19: warning: unused variable 'status' [-Wunused-variable]
   43 |         uint32_t  status, value32;
      |                   ^~~~~~
D:/dev_2025/a3sk_revA/pricture_viewer/software/nios_app/VVP_FR.cpp:43:27: warning: unused variable 'value32' [-Wunused-variable]
   43 |         uint32_t  status, value32;
      |                           ^~~~~~~
[ 98%] Linking CXX executable nios_app.elf
[ 98%] Built target nios_app.elf
[100%] Reporting memory available for stack + heap in nios_app.elf.
[ 99%] Creating onchip_memory.hex.
[ 99%] Creating nios_app.elf.objdump.
[100%] Built target create-objdump
[100%] Built target create-hex
nios_app.elf
 * 300.43 KB - Program size (code + initialized data).
 * 205.28 KB - Free for stack + heap.
[100%] Built target niosv-stack-report
09:19:02 **** Incremental Build of configuration Debug for project nios_app ****
"C:\\altera_pro\\25.1\\riscfree\\build_tools\\bin\\make.exe" -j all 
[ 84%] Built target hal2_bsp
[ 85%] Building CXX object CMakeFiles/nios_app.elf.dir/main.cpp.obj
[ 86%] Linking CXX executable nios_app.elf
[ 98%] Built target nios_app.elf
[ 98%] Creating onchip_memory.hex.
[ 99%] Creating nios_app.elf.objdump.
[100%] Reporting memory available for stack + heap in nios_app.elf.
[100%] Built target create-objdump
[100%] Built target create-hex
nios_app.elf
 * 300.44 KB - Program size (code + initialized data).
 * 205.28 KB - Free for stack + heap.
[100%] Built target niosv-stack-report
23:45:43 Buildscript generation: nios_app::Debug in D:\dev_2025\a3sk_revB\pricture_viewer_1080p\software\nios_app\build\Debug
cmake -DCMAKE_BUILD_TYPE:STRING=Debug -DCMAKE_EXPORT_COMPILE_COMMANDS:BOOL=ON -G "Unix Makefiles" "D:\\dev_2025\\a3sk_revB\\pricture_viewer_1080p\\software\\nios_app" 
-- The C compiler identification is GNU 13.2.0
-- The CXX compiler identification is GNU 13.2.0
-- Detecting C compiler ABI info
-- Detecting C compiler ABI info - done
-- Check for working C compiler: C:/altera_pro/25.1/riscfree/toolchain/riscv32-unknown-elf/bin/riscv32-unknown-elf-gcc.exe - skipped
-- Detecting C compile features
-- Detecting C compile features - done
-- Detecting CXX compiler ABI info
-- Detecting CXX compiler ABI info - done
-- Check for working CXX compiler: C:/altera_pro/25.1/riscfree/toolchain/riscv32-unknown-elf/bin/riscv32-unknown-elf-g++.exe - skipped
-- Detecting CXX compile features
-- Detecting CXX compile features - done
-- The ASM compiler identification is GNU
-- Found assembler: C:/altera_pro/25.1/riscfree/toolchain/riscv32-unknown-elf/bin/riscv32-unknown-elf-gcc.exe
-- Configuring done (22.8s)
-- Generating done (0.0s)
-- Build files have been written to: D:/dev_2025/a3sk_revB/pricture_viewer_1080p/software/nios_app/build/Debug
23:46:09 Buildscript generation finished (took 25364 ms)
23:46:09 **** Build of configuration Debug for project nios_app ****
"C:\\altera_pro\\25.1\\riscfree\\build_tools\\bin\\make.exe" -j all 
[  1%] Building C object nios_bsp/CMakeFiles/hal2_bsp.dir/HAL/src/alt_execve.c.obj
[  3%] Building C object nios_bsp/CMakeFiles/hal2_bsp.dir/HAL/src/alt_dcache_flush_all.c.obj
[  5%] Building ASM object nios_bsp/CMakeFiles/hal2_bsp.dir/HAL/src/machine_trap.S.obj
[  2%] Building ASM object nios_bsp/CMakeFiles/hal2_bsp.dir/HAL/src/alt_mcount.S.obj
[  6%] Building C object nios_bsp/CMakeFiles/hal2_bsp.dir/HAL/src/alt_dma_rxchan_open.c.obj
[  7%] Building C object nios_bsp/CMakeFiles/hal2_bsp.dir/HAL/src/alt_dev_llist_insert.c.obj
[  8%] Building ASM object nios_bsp/CMakeFiles/hal2_bsp.dir/HAL/src/alt_ecc_exception_entry.S.obj
[  6%] Building C object nios_bsp/CMakeFiles/hal2_bsp.dir/HAL/src/alt_find_dev.c.obj
[ 13%] Building C object nios_bsp/CMakeFiles/hal2_bsp.dir/HAL/src/alt_dev.c.obj
[ 14%] Building C object nios_bsp/CMakeFiles/hal2_bsp.dir/HAL/src/alt_fstat.c.obj
[ 11%] Building C object nios_bsp/CMakeFiles/hal2_bsp.dir/HAL/src/alt_close.c.obj
[ 10%] Building C object nios_bsp/CMakeFiles/hal2_bsp.dir/HAL/src/alt_fd_unlock.c.obj
[ 12%] Building ASM object nios_bsp/CMakeFiles/hal2_bsp.dir/HAL/src/alt_log_macro.S.obj
[ 16%] Building C object nios_bsp/CMakeFiles/hal2_bsp.dir/HAL/src/alt_alarm_start.c.obj
[  9%] Building C object nios_bsp/CMakeFiles/hal2_bsp.dir/HAL/src/alt_get_fd.c.obj
[  4%] Building C object nios_bsp/CMakeFiles/hal2_bsp.dir/HAL/src/alt_dcache_flush.c.obj
[ 18%] Building C object nios_bsp/CMakeFiles/hal2_bsp.dir/HAL/src/alt_dcache_flush_no_writeback.c.obj
[ 22%] Building C object nios_bsp/CMakeFiles/hal2_bsp.dir/HAL/src/alt_exit.c.obj
[ 20%] Building C object nios_bsp/CMakeFiles/hal2_bsp.dir/HAL/src/alt_fcntl.c.obj
[ 23%] Building C object nios_bsp/CMakeFiles/hal2_bsp.dir/HAL/src/alt_gmon.c.obj
[ 23%] Building ASM object nios_bsp/CMakeFiles/hal2_bsp.dir/HAL/src/crt0.S.obj
[ 29%] Building C object nios_bsp/CMakeFiles/hal2_bsp.dir/HAL/src/alt_busy_sleep.c.obj
[ 17%] Building C object nios_bsp/CMakeFiles/hal2_bsp.dir/HAL/src/alt_ecc_exception.c.obj
[ 19%] Building C object nios_bsp/CMakeFiles/hal2_bsp.dir/HAL/src/alt_iic_isr_register.c.obj
[ 24%] Building C object nios_bsp/CMakeFiles/hal2_bsp.dir/HAL/src/alt_errno.c.obj
[ 16%] Building C object nios_bsp/CMakeFiles/hal2_bsp.dir/HAL/src/alt_io_redirect.c.obj
[ 15%] Building C object nios_bsp/CMakeFiles/hal2_bsp.dir/HAL/src/alt_icache_flush.c.obj
[ 28%] Building C object nios_bsp/CMakeFiles/hal2_bsp.dir/HAL/src/alt_fd_lock.c.obj
[ 25%] Building C object nios_bsp/CMakeFiles/hal2_bsp.dir/HAL/src/alt_environ.c.obj
[ 33%] Building C object nios_bsp/CMakeFiles/hal2_bsp.dir/HAL/src/alt_do_ctors.c.obj
[ 31%] Building C object nios_bsp/CMakeFiles/hal2_bsp.dir/HAL/src/alt_putcharbuf.c.obj
[ 21%] Building C object nios_bsp/CMakeFiles/hal2_bsp.dir/HAL/src/alt_flash_dev.c.obj
[ 33%] Building C object nios_bsp/CMakeFiles/hal2_bsp.dir/HAL/src/alt_remap_uncached.c.obj
[ 21%] Building C object nios_bsp/CMakeFiles/hal2_bsp.dir/HAL/src/alt_read.c.obj
[ 39%] Building C object nios_bsp/CMakeFiles/hal2_bsp.dir/HAL/src/alt_do_dtors.c.obj
[ 30%] Building C object nios_bsp/CMakeFiles/hal2_bsp.dir/HAL/src/alt_stat.c.obj
[ 36%] Building C object nios_bsp/CMakeFiles/hal2_bsp.dir/HAL/src/alt_times.c.obj
[ 38%] Building C object nios_bsp/CMakeFiles/hal2_bsp.dir/HAL/src/alt_ioctl.c.obj
[ 32%] Building C object nios_bsp/CMakeFiles/hal2_bsp.dir/HAL/src/alt_getchar.c.obj
[ 48%] Building C object nios_bsp/CMakeFiles/hal2_bsp.dir/HAL/src/alt_load.c.obj
[ 37%] Building C object nios_bsp/CMakeFiles/hal2_bsp.dir/HAL/src/alt_instruction_exception_register.c.obj
[ 42%] Building C object nios_bsp/CMakeFiles/hal2_bsp.dir/HAL/src/alt_link.c.obj
[ 24%] Building ASM object nios_bsp/CMakeFiles/hal2_bsp.dir/HAL/src/alt_vic_vector_table.S.obj
[ 34%] Building C object nios_bsp/CMakeFiles/hal2_bsp.dir/HAL/src/alt_tick.c.obj
[ 35%] Building C object nios_bsp/CMakeFiles/hal2_bsp.dir/HAL/src/alt_settod.c.obj
[ 54%] Building C object nios_bsp/CMakeFiles/hal2_bsp.dir/HAL/src/alt_putstr.c.obj
[ 41%] Building C object nios_bsp/CMakeFiles/hal2_bsp.dir/HAL/src/alt_main.c.obj
[ 54%] Building C object nios_bsp/CMakeFiles/hal2_bsp.dir/HAL/src/alt_fs_reg.c.obj
[ 49%] Building C object nios_bsp/CMakeFiles/hal2_bsp.dir/HAL/src/alt_irq_handler.c.obj
[ 40%] Building C object nios_bsp/CMakeFiles/hal2_bsp.dir/HAL/src/alt_usleep.c.obj
[ 58%] Building C object nios_bsp/CMakeFiles/hal2_bsp.dir/HAL/src/alt_uncached_free.c.obj
[ 27%] Building C object nios_bsp/CMakeFiles/hal2_bsp.dir/HAL/src/alt_dma_txchan_open.c.obj
[ 59%] Building C object nios_bsp/CMakeFiles/hal2_bsp.dir/HAL/src/alt_kill.c.obj
[ 65%] Building C object nios_bsp/CMakeFiles/hal2_bsp.dir/HAL/src/intel_fpga_api_cmn_msg.c.obj
[ 43%] Building C object nios_bsp/CMakeFiles/hal2_bsp.dir/HAL/src/alt_tls.c.obj
[ 56%] Building C object nios_bsp/CMakeFiles/hal2_bsp.dir/HAL/src/intel_niosv_irq.c.obj
[ 46%] Building C object nios_bsp/CMakeFiles/hal2_bsp.dir/HAL/src/alt_log_printf.c.obj
[ 69%] Building C object nios_bsp/CMakeFiles/hal2_bsp.dir/HAL/src/alt_remap_cached.c.obj
[ 52%] Building C object nios_bsp/CMakeFiles/hal2_bsp.dir/HAL/src/alt_ecc_error_inject.c.obj
[ 69%] Building C object nios_bsp/CMakeFiles/hal2_bsp.dir/HAL/src/alt_isatty.c.obj
[ 49%] Building C object nios_bsp/CMakeFiles/hal2_bsp.dir/HAL/src/intel_fpga_api_cmn_dfl.c.obj
[ 71%] Building C object nios_bsp/CMakeFiles/hal2_bsp.dir/HAL/src/alt_iic.c.obj
[ 47%] Building C object nios_bsp/CMakeFiles/hal2_bsp.dir/HAL/src/alt_lseek.c.obj
[ 50%] Building C object nios_bsp/CMakeFiles/hal2_bsp.dir/HAL/src/alt_printf.c.obj
[ 58%] Building C object nios_bsp/CMakeFiles/hal2_bsp.dir/drivers/mtm/drivers_common/HAL/src/intel_vvp_core_irq.c.obj
[ 44%] Building C object nios_bsp/CMakeFiles/hal2_bsp.dir/HAL/src/alt_getpid.c.obj
[ 76%] Building C object nios_bsp/CMakeFiles/hal2_bsp.dir/drivers/src/altera_avalon_sysid_qsys.c.obj
[ 56%] Building C object nios_bsp/CMakeFiles/hal2_bsp.dir/HAL/src/alt_icache_flush_all.c.obj
[ 63%] Building C object nios_bsp/CMakeFiles/hal2_bsp.dir/HAL/src/alt_open.c.obj
[ 73%] Building C object nios_bsp/CMakeFiles/hal2_bsp.dir/drivers/src/altera_avalon_jtag_uart_init.c.obj
[ 58%] Building C object nios_bsp/CMakeFiles/hal2_bsp.dir/drivers/mtm/drivers_common/src/intel_vvp_core.c.obj
[ 52%] Building C object nios_bsp/CMakeFiles/hal2_bsp.dir/HAL/src/alt_fork.c.obj
[ 63%] Building C object nios_bsp/CMakeFiles/hal2_bsp.dir/HAL/src/intel_fpga_api_niosv.c.obj
[ 57%] Building C object nios_bsp/CMakeFiles/hal2_bsp.dir/HAL/src/alt_gettod.c.obj
[ 60%] Building C object nios_bsp/CMakeFiles/hal2_bsp.dir/HAL/src/alt_malloc_lock.c.obj
[ 79%] Building C object nios_bsp/CMakeFiles/hal2_bsp.dir/drivers/src/altera_avalon_jtag_uart_write.c.obj
[ 65%] Building C object nios_bsp/CMakeFiles/hal2_bsp.dir/HAL/src/alt_rename.c.obj
[ 74%] Building C object nios_bsp/CMakeFiles/hal2_bsp.dir/drivers/mtm/intel_vvp_vfr/src/intel_vvp_vfr.c.obj
[ 46%] Building C object nios_bsp/CMakeFiles/hal2_bsp.dir/HAL/src/alt_find_file.c.obj
[ 78%] Building C object nios_bsp/CMakeFiles/hal2_bsp.dir/HAL/src/mtimer.c.obj
[ 81%] Building C object nios_bsp/CMakeFiles/hal2_bsp.dir/drivers/src/altera_avalon_jtag_uart_fd.c.obj
[ 75%] Building C object nios_bsp/CMakeFiles/hal2_bsp.dir/drivers/src/altera_avalon_jtag_uart_ioctl.c.obj
[ 69%] Building C object nios_bsp/CMakeFiles/hal2_bsp.dir/HAL/src/alt_uncached_malloc.c.obj
[ 62%] Building C object nios_bsp/CMakeFiles/hal2_bsp.dir/HAL/src/alt_unlink.c.obj
[ 77%] Building C object nios_bsp/CMakeFiles/hal2_bsp.dir/HAL/src/alt_sbrk.c.obj
[ 80%] Building C object nios_bsp/CMakeFiles/hal2_bsp.dir/HAL/src/alt_write.c.obj
[ 70%] Building C object nios_bsp/CMakeFiles/hal2_bsp.dir/HAL/src/alt_vic_isr_wrapper.c.obj
[ 82%] Building C object nios_bsp/CMakeFiles/hal2_bsp.dir/alt_sys_init.c.obj
[ 72%] Building C object nios_bsp/CMakeFiles/hal2_bsp.dir/HAL/src/alt_wait.c.obj
[ 78%] Building C object nios_bsp/CMakeFiles/hal2_bsp.dir/HAL/src/intel_fpga_api_cmn_inf.c.obj
[ 61%] Building C object nios_bsp/CMakeFiles/hal2_bsp.dir/HAL/src/alt_putchar.c.obj
[ 26%] Building C object nios_bsp/CMakeFiles/hal2_bsp.dir/HAL/src/alt_env_lock.c.obj
[ 66%] Building C object nios_bsp/CMakeFiles/hal2_bsp.dir/HAL/src/alt_release_fd.c.obj
[ 84%] Building C object nios_bsp/CMakeFiles/hal2_bsp.dir/drivers/src/altera_avalon_jtag_uart_read.c.obj
[ 83%] Building C object nios_bsp/CMakeFiles/hal2_bsp.dir/HAL/src/intel_fpga_platform_api_niosv.c.obj
[ 84%] Linking C static library libhal2_bsp.a
[ 84%] Built target hal2_bsp
[ 86%] Building C object CMakeFiles/nios_app.elf.dir/ff.c.obj
[ 85%] Building CXX object CMakeFiles/nios_app.elf.dir/main.cpp.obj
[ 90%] Building C object CMakeFiles/nios_app.elf.dir/ffsystem.c.obj
[ 88%] Building C object CMakeFiles/nios_app.elf.dir/ffunicode.c.obj
[ 94%] Building CXX object CMakeFiles/nios_app.elf.dir/VVP_FR.cpp.obj
[ 93%] Building C object CMakeFiles/nios_app.elf.dir/diskio.c.obj
[ 86%] Building C object CMakeFiles/nios_app.elf.dir/terasic_sdcard/crc7.c.obj
[ 92%] Building C object CMakeFiles/nios_app.elf.dir/mem_verify.c.obj
[ 91%] Building CXX object CMakeFiles/nios_app.elf.dir/VVP_CORE.cpp.obj
[ 87%] Building C object CMakeFiles/nios_app.elf.dir/terasic_sdcard/debug.c.obj
[ 89%] Building C object CMakeFiles/nios_app.elf.dir/terasic_sdcard/sd_lib.c.obj
[ 96%] Building C object CMakeFiles/nios_app.elf.dir/terasic_sdcard/sd_protocol.c.obj
[ 95%] Building C object CMakeFiles/nios_app.elf.dir/glue.c.obj
[ 97%] Building C object CMakeFiles/nios_app.elf.dir/Bitmap_File.c.obj
D:/dev_2025/a3sk_revB/pricture_viewer_1080p/software/nios_app/terasic_sdcard/debug.c: In function 'debug_output':
D:/dev_2025/a3sk_revB/pricture_viewer_1080p/software/nios_app/terasic_sdcard/debug.c:55:5: warning: format not a string literal and no format arguments [-Wformat-security]
   55 |     printf(pMessage);
      |     ^~~~~~
D:/dev_2025/a3sk_revB/pricture_viewer_1080p/software/nios_app/terasic_sdcard/debug.c: In function 'myprintf_hexarray':
D:/dev_2025/a3sk_revB/pricture_viewer_1080p/software/nios_app/terasic_sdcard/debug.c:83:17: warning: pointer targets in passing argument 1 of 'sprintf' differ in signedness [-Wpointer-sign]
   83 |         sprintf(szText, "[%02X]", *(pHex+i));
      |                 ^~~~~~
      |                 |
      |                 unsigned char *
In file included from D:/dev_2025/a3sk_revB/pricture_viewer_1080p/software/nios_app/terasic_sdcard/debug.c:33:
C:/altera_pro/25.1/riscfree/toolchain/riscv32-unknown-elf/riscv32-unknown-elf/include/stdio.h:250:18: note: expected 'char * restrict' but argument is of type 'unsigned char *'
  250 | int     sprintf (char *__restrict, const char *__restrict, ...)
      |                  ^
In file included from D:/dev_2025/a3sk_revB/pricture_viewer_1080p/software/nios_app/terasic_sdcard/terasic_includes.h:59,
                 from D:/dev_2025/a3sk_revB/pricture_viewer_1080p/software/nios_app/terasic_sdcard/debug.c:35:
D:/dev_2025/a3sk_revB/pricture_viewer_1080p/software/nios_app/terasic_sdcard/debug.c:84:16: warning: pointer targets in passing argument 1 of 'myprintf' differ in signedness [-Wpointer-sign]
   84 |         DEBUG((szText));
      |                ^~~~~~
      |                |
      |                unsigned char *
D:/dev_2025/a3sk_revB/pricture_viewer_1080p/software/nios_app/terasic_sdcard/debug.h:75:46: note: in definition of macro 'DEBUG'
   75 |     #define DEBUG(x)               {myprintf x;}  // standard in/out, specifed in project (it could be uart, jtag, or lcd)
      |                                              ^
D:/dev_2025/a3sk_revB/pricture_viewer_1080p/software/nios_app/terasic_sdcard/debug.c:64:20: note: expected 'char *' but argument is of type 'unsigned char *'
   64 | int myprintf(char *format, ...){
      |              ~~~~~~^~~~~~
D:/dev_2025/a3sk_revB/pricture_viewer_1080p/software/nios_app/mem_verify.c: In function 'TMEM_Verify':
D:/dev_2025/a3sk_revB/pricture_viewer_1080p/software/nios_app/mem_verify.c:93:79: warning: format '%X' expects argument of type 'unsigned int', but argument 4 has type 'alt_64' {aka 'long long int'} [-Wformat=]
   93 |                     printf("verify ng, read=%08Xh, expected=%08Xh, WordIndex=%Xh\n", (int)*(pSrc-1), (int)szData[i], (nPos/my_data_size)+i);
      |                                                                              ~^                                      ~~~~~~~~~~~~~~~~~~~~~
      |                                                                               |                                                         |
      |                                                                               unsigned int                                              alt_64 {aka long long int}
      |                                                                              %llX
D:/dev_2025/a3sk_revB/pricture_viewer_1080p/software/nios_app/terasic_sdcard/sd_lib.c: In function 'SDLIB_WriteBlock512':
D:/dev_2025/a3sk_revB/pricture_viewer_1080p/software/nios_app/terasic_sdcard/sd_lib.c:329:32: warning: passing argument 1 of 'SD_WriteData512' discards 'const' qualifier from pointer target type [-Wdiscarded-qualifiers]
  329 |     bSuccess = SD_WriteData512(szDataWrite);  // Write 512 bytes
      |                                ^~~~~~~~~~~
In file included from D:/dev_2025/a3sk_revB/pricture_viewer_1080p/software/nios_app/terasic_sdcard/sd_lib.c:45:
D:/dev_2025/a3sk_revB/pricture_viewer_1080p/software/nios_app/terasic_sdcard/sd_protocol.h:66:29: note: expected 'alt_u8 *' {aka 'unsigned char *'} but argument is of type 'const alt_u8 *' {aka 'const unsigned char *'}
   66 | bool SD_WriteData512(alt_u8 szDataWrite[]);
      |                      ~~~~~~~^~~~~~~~~~~~~
D:/dev_2025/a3sk_revB/pricture_viewer_1080p/software/nios_app/diskio.c: In function 'disk_ioctl':
D:/dev_2025/a3sk_revB/pricture_viewer_1080p/software/nios_app/diskio.c:216:13: warning: unused variable 'result' [-Wunused-variable]
  216 |         int result;
      |             ^~~~~~
D:/dev_2025/a3sk_revB/pricture_viewer_1080p/software/nios_app/diskio.c: In function 'disk_status':
D:/dev_2025/a3sk_revB/pricture_viewer_1080p/software/nios_app/diskio.c:43:24: warning: 'stat' may be used uninitialized [-Wmaybe-uninitialized]
   43 |                 return stat;
      |                        ^~~~
D:/dev_2025/a3sk_revB/pricture_viewer_1080p/software/nios_app/diskio.c:34:17: note: 'stat' was declared here
   34 |         DSTATUS stat;
      |                 ^~~~
D:/dev_2025/a3sk_revB/pricture_viewer_1080p/software/nios_app/diskio.c: In function 'disk_read':
D:/dev_2025/a3sk_revB/pricture_viewer_1080p/software/nios_app/diskio.c:126:24: warning: 'res' may be used uninitialized [-Wmaybe-uninitialized]
  126 |                 return res;
      |                        ^~~
D:/dev_2025/a3sk_revB/pricture_viewer_1080p/software/nios_app/diskio.c:115:17: note: 'res' was declared here
  115 |         DRESULT res;
      |                 ^~~
D:/dev_2025/a3sk_revB/pricture_viewer_1080p/software/nios_app/diskio.c: In function 'disk_write':
D:/dev_2025/a3sk_revB/pricture_viewer_1080p/software/nios_app/diskio.c:177:24: warning: 'res' may be used uninitialized [-Wmaybe-uninitialized]
  177 |                 return res;
      |                        ^~~
D:/dev_2025/a3sk_revB/pricture_viewer_1080p/software/nios_app/diskio.c:166:17: note: 'res' was declared here
  166 |         DRESULT res;
      |                 ^~~
D:/dev_2025/a3sk_revB/pricture_viewer_1080p/software/nios_app/diskio.c: In function 'disk_ioctl':
D:/dev_2025/a3sk_revB/pricture_viewer_1080p/software/nios_app/diskio.c:223:24: warning: 'res' may be used uninitialized [-Wmaybe-uninitialized]
  223 |                 return res;
      |                        ^~~
D:/dev_2025/a3sk_revB/pricture_viewer_1080p/software/nios_app/diskio.c:215:17: note: 'res' was declared here
  215 |         DRESULT res;
      |                 ^~~
D:/dev_2025/a3sk_revB/pricture_viewer_1080p/software/nios_app/glue.c: In function 'RAM_disk_status':
D:/dev_2025/a3sk_revB/pricture_viewer_1080p/software/nios_app/glue.c:123:1: warning: control reaches end of non-void function [-Wreturn-type]
  123 | }
      | ^
D:/dev_2025/a3sk_revB/pricture_viewer_1080p/software/nios_app/glue.c: In function 'RAM_disk_initialize':
D:/dev_2025/a3sk_revB/pricture_viewer_1080p/software/nios_app/glue.c:127:1: warning: control reaches end of non-void function [-Wreturn-type]
  127 | }
      | ^
D:/dev_2025/a3sk_revB/pricture_viewer_1080p/software/nios_app/glue.c: In function 'RAM_disk_read':
D:/dev_2025/a3sk_revB/pricture_viewer_1080p/software/nios_app/glue.c:135:1: warning: control reaches end of non-void function [-Wreturn-type]
  135 | }
      | ^
D:/dev_2025/a3sk_revB/pricture_viewer_1080p/software/nios_app/glue.c: In function 'RAM_disk_write':
D:/dev_2025/a3sk_revB/pricture_viewer_1080p/software/nios_app/glue.c:143:1: warning: control reaches end of non-void function [-Wreturn-type]
  143 | }
      | ^
D:/dev_2025/a3sk_revB/pricture_viewer_1080p/software/nios_app/glue.c: In function 'USB_disk_status':
D:/dev_2025/a3sk_revB/pricture_viewer_1080p/software/nios_app/glue.c:148:1: warning: control reaches end of non-void function [-Wreturn-type]
  148 | }
      | ^
D:/dev_2025/a3sk_revB/pricture_viewer_1080p/software/nios_app/glue.c: In function 'USB_disk_initialize':
D:/dev_2025/a3sk_revB/pricture_viewer_1080p/software/nios_app/glue.c:152:1: warning: control reaches end of non-void function [-Wreturn-type]
  152 | }
      | ^
D:/dev_2025/a3sk_revB/pricture_viewer_1080p/software/nios_app/glue.c: In function 'USB_disk_read':
D:/dev_2025/a3sk_revB/pricture_viewer_1080p/software/nios_app/glue.c:160:1: warning: control reaches end of non-void function [-Wreturn-type]
  160 | }
      | ^
D:/dev_2025/a3sk_revB/pricture_viewer_1080p/software/nios_app/glue.c: In function 'USB_disk_write':
D:/dev_2025/a3sk_revB/pricture_viewer_1080p/software/nios_app/glue.c:168:1: warning: control reaches end of non-void function [-Wreturn-type]
  168 | }
      | ^
D:/dev_2025/a3sk_revB/pricture_viewer_1080p/software/nios_app/terasic_sdcard/sd_protocol.c: In function 'SD_CMD9':
D:/dev_2025/a3sk_revB/pricture_viewer_1080p/software/nios_app/terasic_sdcard/sd_protocol.c:549:12: warning: 'nCopyLen' may be used uninitialized [-Wmaybe-uninitialized]
  549 |         if (nCopyLen > 16)
      |            ^
D:/dev_2025/a3sk_revB/pricture_viewer_1080p/software/nios_app/terasic_sdcard/sd_protocol.c:548:13: note: 'nCopyLen' was declared here
  548 |         int nCopyLen, x;
      |             ^~~~~~~~
D:/dev_2025/a3sk_revB/pricture_viewer_1080p/software/nios_app/terasic_sdcard/sd_protocol.c: In function 'SD_CMD10':
D:/dev_2025/a3sk_revB/pricture_viewer_1080p/software/nios_app/terasic_sdcard/sd_protocol.c:604:12: warning: 'nCopyLen' may be used uninitialized [-Wmaybe-uninitialized]
  604 |         if (nCopyLen > 16)
      |            ^
D:/dev_2025/a3sk_revB/pricture_viewer_1080p/software/nios_app/terasic_sdcard/sd_protocol.c:603:13: note: 'nCopyLen' was declared here
  603 |         int nCopyLen, x;
      |             ^~~~~~~~
D:/dev_2025/a3sk_revB/pricture_viewer_1080p/software/nios_app/Bitmap_File.c: In function 'BMP_IsSupported':
D:/dev_2025/a3sk_revB/pricture_viewer_1080p/software/nios_app/Bitmap_File.c:26:17: warning: implicit declaration of function 'printf' [-Wimplicit-function-declaration]
   26 |                 printf("failed to open file - %s\r\n", pFilenamme);
      |                 ^~~~~~
D:/dev_2025/a3sk_revB/pricture_viewer_1080p/software/nios_app/Bitmap_File.c:12:1: note: include '<stdio.h>' or provide a declaration of 'printf'
   11 | #include "Bitmap_File.h"
  +++ |+#include <stdio.h>
   12 | 
D:/dev_2025/a3sk_revB/pricture_viewer_1080p/software/nios_app/Bitmap_File.c:26:17: warning: incompatible implicit declaration of built-in function 'printf' [-Wbuiltin-declaration-mismatch]
   26 |                 printf("failed to open file - %s\r\n", pFilenamme);
      |                 ^~~~~~
D:/dev_2025/a3sk_revB/pricture_viewer_1080p/software/nios_app/Bitmap_File.c:26:17: note: include '<stdio.h>' or provide a declaration of 'printf'
D:/dev_2025/a3sk_revB/pricture_viewer_1080p/software/nios_app/Bitmap_File.c: In function 'BMP_find_image_file':
D:/dev_2025/a3sk_revB/pricture_viewer_1080p/software/nios_app/Bitmap_File.c:64:17: warning: implicit declaration of function 'strcpy' [-Wimplicit-function-declaration]
   64 |                 strcpy(szFileList[nFileCnt], fno.fname);
      |                 ^~~~~~
D:/dev_2025/a3sk_revB/pricture_viewer_1080p/software/nios_app/Bitmap_File.c:12:1: note: include '<string.h>' or provide a declaration of 'strcpy'
   11 | #include "Bitmap_File.h"
  +++ |+#include <string.h>
   12 | 
D:/dev_2025/a3sk_revB/pricture_viewer_1080p/software/nios_app/Bitmap_File.c:64:17: warning: incompatible implicit declaration of built-in function 'strcpy' [-Wbuiltin-declaration-mismatch]
   64 |                 strcpy(szFileList[nFileCnt], fno.fname);
      |                 ^~~~~~
D:/dev_2025/a3sk_revB/pricture_viewer_1080p/software/nios_app/Bitmap_File.c:64:17: note: include '<string.h>' or provide a declaration of 'strcpy'
D:/dev_2025/a3sk_revB/pricture_viewer_1080p/software/nios_app/Bitmap_File.c: In function 'BMP_draw':
D:/dev_2025/a3sk_revB/pricture_viewer_1080p/software/nios_app/Bitmap_File.c:95:17: warning: incompatible implicit declaration of built-in function 'printf' [-Wbuiltin-declaration-mismatch]
   95 |                 printf("failed to open file - %s\r\n", pFilename);
      |                 ^~~~~~
D:/dev_2025/a3sk_revB/pricture_viewer_1080p/software/nios_app/Bitmap_File.c:95:17: note: include '<stdio.h>' or provide a declaration of 'printf'
D:/dev_2025/a3sk_revB/pricture_viewer_1080p/software/nios_app/Bitmap_File.c:112:52: warning: pointer targets in assignment from 'char *' to 'unsigned char *' differ in signedness [-Wpointer-sign]
  112 |                                         pLineStart = (char *)pMem + (nHeight-1)*nLineSize;
      |                                                    ^
D:/dev_2025/a3sk_revB/pricture_viewer_1080p/software/nios_app/Bitmap_File.c:117:57: warning: incompatible implicit declaration of built-in function 'printf' [-Wbuiltin-declaration-mismatch]
  117 |                                                         printf("Failed to read file %s\r\n", pFilename);
      |                                                         ^~~~~~
D:/dev_2025/a3sk_revB/pricture_viewer_1080p/software/nios_app/Bitmap_File.c:117:57: note: include '<stdio.h>' or provide a declaration of 'printf'
D:/dev_2025/a3sk_revB/pricture_viewer_1080p/software/nios_app/VVP_FR.cpp: In member function 'virtual void VVP_FR::ShowStatus()':
D:/dev_2025/a3sk_revB/pricture_viewer_1080p/software/nios_app/VVP_FR.cpp:43:19: warning: unused variable 'status' [-Wunused-variable]
   43 |         uint32_t  status, value32;
      |                   ^~~~~~
D:/dev_2025/a3sk_revB/pricture_viewer_1080p/software/nios_app/VVP_FR.cpp:43:27: warning: unused variable 'value32' [-Wunused-variable]
   43 |         uint32_t  status, value32;
      |                           ^~~~~~~
D:/dev_2025/a3sk_revB/pricture_viewer_1080p/software/nios_app/VVP_CORE.cpp: In member function 'void VVP_CORE::DumpRegister(REG_INFO*, int)':
D:/dev_2025/a3sk_revB/pricture_viewer_1080p/software/nios_app/VVP_CORE.cpp:32:30: warning: format '%d' expects argument of type 'int', but argument 3 has type 'uint32_t' {aka 'long unsigned int'} [-Wformat=]
   32 |                 printf("%s: %d (%xh)\r\n", szRegInfo[i].szHint, value32 & szRegInfo[i].ValueMask, value32);
      |                             ~^                                  ~~~~~~~~~~~~~~~~~~~~~~~~~~~~~~~~
      |                              |                                          |
      |                              int                                        uint32_t {aka long unsigned int}
      |                             %ld
D:/dev_2025/a3sk_revB/pricture_viewer_1080p/software/nios_app/VVP_CORE.cpp:32:34: warning: format '%x' expects argument of type 'unsigned int', but argument 4 has type 'uint32_t' {aka 'long unsigned int'} [-Wformat=]
   32 |                 printf("%s: %d (%xh)\r\n", szRegInfo[i].szHint, value32 & szRegInfo[i].ValueMask, value32);
      |                                 ~^                                                                ~~~~~~~
      |                                  |                                                                |
      |                                  unsigned int                                                     uint32_t {aka long unsigned int}
      |                                 %lx
[ 98%] Linking CXX executable nios_app.elf
[ 98%] Built target nios_app.elf
[100%] Creating nios_app.elf.objdump.
[100%] Reporting memory available for stack + heap in nios_app.elf.
[100%] Creating onchip_memory.hex.
[100%] Built target create-objdump
nios_app.elf
 * 300.44 KB - Program size (code + initialized data).
 * 205.28 KB - Free for stack + heap.
[100%] Built target create-hex
[100%] Built target niosv-stack-report
11:54:27 **** Clean-only build of configuration Debug for project nios_app ****
"C:\\altera_pro\\25.1\\riscfree\\build_tools\\bin\\make.exe" -j clean 
11:54:32 **** Incremental Build of configuration Debug for project nios_app ****
"C:\\altera_pro\\25.1\\riscfree\\build_tools\\bin\\make.exe" -j all 
[  1%] Building C object nios_bsp/CMakeFiles/hal2_bsp.dir/HAL/src/alt_dev.c.obj
[  2%] Building C object nios_bsp/CMakeFiles/hal2_bsp.dir/HAL/src/alt_getpid.c.obj
[  2%] Building C object nios_bsp/CMakeFiles/hal2_bsp.dir/HAL/src/alt_flash_dev.c.obj
[  3%] Building C object nios_bsp/CMakeFiles/hal2_bsp.dir/HAL/src/alt_iic_isr_register.c.obj
[  4%] Building C object nios_bsp/CMakeFiles/hal2_bsp.dir/HAL/src/alt_exit.c.obj
[  9%] Building C object nios_bsp/CMakeFiles/hal2_bsp.dir/HAL/src/alt_find_dev.c.obj
[ 14%] Building C object nios_bsp/CMakeFiles/hal2_bsp.dir/HAL/src/alt_write.c.obj
[  6%] Building C object nios_bsp/CMakeFiles/hal2_bsp.dir/HAL/src/alt_main.c.obj
[  7%] Building C object nios_bsp/CMakeFiles/hal2_bsp.dir/drivers/src/altera_avalon_jtag_uart_init.c.obj
[ 21%] Building C object nios_bsp/CMakeFiles/hal2_bsp.dir/HAL/src/alt_uncached_malloc.c.obj
[ 23%] Building ASM object nios_bsp/CMakeFiles/hal2_bsp.dir/HAL/src/machine_trap.S.obj
[ 22%] Building C object nios_bsp/CMakeFiles/hal2_bsp.dir/HAL/src/alt_dcache_flush_no_writeback.c.obj
[ 24%] Building C object nios_bsp/CMakeFiles/hal2_bsp.dir/HAL/src/alt_fd_unlock.c.obj
[ 20%] Building ASM object nios_bsp/CMakeFiles/hal2_bsp.dir/HAL/src/alt_ecc_exception_entry.S.obj
[ 25%] Building C object nios_bsp/CMakeFiles/hal2_bsp.dir/HAL/src/alt_dma_rxchan_open.c.obj
[ 12%] Building C object nios_bsp/CMakeFiles/hal2_bsp.dir/HAL/src/alt_uncached_free.c.obj
[ 25%] Building C object nios_bsp/CMakeFiles/hal2_bsp.dir/HAL/src/alt_irq_handler.c.obj
[ 12%] Building C object nios_bsp/CMakeFiles/hal2_bsp.dir/HAL/src/alt_release_fd.c.obj
[ 29%] Building C object nios_bsp/CMakeFiles/hal2_bsp.dir/HAL/src/alt_dcache_flush_all.c.obj
[ 15%] Building C object nios_bsp/CMakeFiles/hal2_bsp.dir/HAL/src/alt_dev_llist_insert.c.obj
[ 39%] Building C object nios_bsp/CMakeFiles/hal2_bsp.dir/HAL/src/alt_tls.c.obj
[  5%] Building C object nios_bsp/CMakeFiles/hal2_bsp.dir/HAL/src/alt_fd_lock.c.obj
[ 38%] Building C object nios_bsp/CMakeFiles/hal2_bsp.dir/drivers/src/altera_avalon_jtag_uart_write.c.obj
[ 47%] Building C object nios_bsp/CMakeFiles/hal2_bsp.dir/HAL/src/alt_remap_cached.c.obj
[ 46%] Building C object nios_bsp/CMakeFiles/hal2_bsp.dir/HAL/src/alt_ioctl.c.obj
[ 16%] Building C object nios_bsp/CMakeFiles/hal2_bsp.dir/HAL/src/alt_io_redirect.c.obj
[ 41%] Building C object nios_bsp/CMakeFiles/hal2_bsp.dir/HAL/src/mtimer.c.obj
[ 26%] Building C object nios_bsp/CMakeFiles/hal2_bsp.dir/HAL/src/alt_gettod.c.obj
[ 37%] Building C object nios_bsp/CMakeFiles/hal2_bsp.dir/HAL/src/alt_unlink.c.obj
[ 27%] Building C object nios_bsp/CMakeFiles/hal2_bsp.dir/HAL/src/intel_fpga_platform_api_niosv.c.obj
[ 52%] Building C object nios_bsp/CMakeFiles/hal2_bsp.dir/HAL/src/alt_do_ctors.c.obj
[ 10%] Building C object nios_bsp/CMakeFiles/hal2_bsp.dir/HAL/src/alt_execve.c.obj
[ 50%] Building C object nios_bsp/CMakeFiles/hal2_bsp.dir/HAL/src/alt_get_fd.c.obj
[ 19%] Building ASM object nios_bsp/CMakeFiles/hal2_bsp.dir/HAL/src/alt_mcount.S.obj
[ 13%] Building C object nios_bsp/CMakeFiles/hal2_bsp.dir/HAL/src/alt_fork.c.obj
[ 49%] Building C object nios_bsp/CMakeFiles/hal2_bsp.dir/HAL/src/alt_remap_uncached.c.obj
[ 36%] Building C object nios_bsp/CMakeFiles/hal2_bsp.dir/HAL/src/alt_read.c.obj
[ 54%] Building C object nios_bsp/CMakeFiles/hal2_bsp.dir/HAL/src/alt_fs_reg.c.obj
[ 35%] Building C object nios_bsp/CMakeFiles/hal2_bsp.dir/HAL/src/alt_close.c.obj
[  8%] Building C object nios_bsp/CMakeFiles/hal2_bsp.dir/HAL/src/alt_instruction_exception_register.c.obj
[ 40%] Building C object nios_bsp/CMakeFiles/hal2_bsp.dir/drivers/src/altera_avalon_jtag_uart_read.c.obj
[ 60%] Building ASM object nios_bsp/CMakeFiles/hal2_bsp.dir/HAL/src/alt_log_macro.S.obj
[ 31%] Building C object nios_bsp/CMakeFiles/hal2_bsp.dir/HAL/src/alt_stat.c.obj
[ 29%] Building C object nios_bsp/CMakeFiles/hal2_bsp.dir/HAL/src/alt_errno.c.obj
[ 44%] Building C object nios_bsp/CMakeFiles/hal2_bsp.dir/HAL/src/alt_rename.c.obj
[ 48%] Building C object nios_bsp/CMakeFiles/hal2_bsp.dir/drivers/src/altera_avalon_jtag_uart_fd.c.obj
[ 11%] Building C object nios_bsp/CMakeFiles/hal2_bsp.dir/HAL/src/intel_niosv_irq.c.obj
[ 34%] Building C object nios_bsp/CMakeFiles/hal2_bsp.dir/HAL/src/alt_dma_txchan_open.c.obj
[ 49%] Building C object nios_bsp/CMakeFiles/hal2_bsp.dir/HAL/src/alt_tick.c.obj
[ 56%] Building C object nios_bsp/CMakeFiles/hal2_bsp.dir/HAL/src/alt_open.c.obj
[ 57%] Building C object nios_bsp/CMakeFiles/hal2_bsp.dir/drivers/mtm/intel_vvp_vfr/src/intel_vvp_vfr.c.obj
[ 63%] Building C object nios_bsp/CMakeFiles/hal2_bsp.dir/alt_sys_init.c.obj
[ 43%] Building C object nios_bsp/CMakeFiles/hal2_bsp.dir/HAL/src/alt_usleep.c.obj
[ 61%] Building C object nios_bsp/CMakeFiles/hal2_bsp.dir/HAL/src/alt_load.c.obj
[ 46%] Building C object nios_bsp/CMakeFiles/hal2_bsp.dir/drivers/mtm/drivers_common/src/intel_vvp_core.c.obj
[ 51%] Building C object nios_bsp/CMakeFiles/hal2_bsp.dir/HAL/src/alt_do_dtors.c.obj
[ 17%] Building C object nios_bsp/CMakeFiles/hal2_bsp.dir/HAL/src/alt_kill.c.obj
[ 68%] Building C object nios_bsp/CMakeFiles/hal2_bsp.dir/HAL/src/alt_dcache_flush.c.obj
[ 64%] Building C object nios_bsp/CMakeFiles/hal2_bsp.dir/HAL/src/alt_wait.c.obj
[ 55%] Building C object nios_bsp/CMakeFiles/hal2_bsp.dir/HAL/src/alt_sbrk.c.obj
[ 33%] Building C object nios_bsp/CMakeFiles/hal2_bsp.dir/HAL/src/alt_isatty.c.obj
[ 32%] Building C object nios_bsp/CMakeFiles/hal2_bsp.dir/HAL/src/alt_malloc_lock.c.obj
[ 59%] Building C object nios_bsp/CMakeFiles/hal2_bsp.dir/HAL/src/intel_fpga_api_cmn_dfl.c.obj
[ 74%] Building C object nios_bsp/CMakeFiles/hal2_bsp.dir/drivers/mtm/drivers_common/HAL/src/intel_vvp_core_irq.c.obj
[ 29%] Building C object nios_bsp/CMakeFiles/hal2_bsp.dir/HAL/src/alt_env_lock.c.obj
[ 25%] Building C object nios_bsp/CMakeFiles/hal2_bsp.dir/HAL/src/alt_environ.c.obj
[ 58%] Building C object nios_bsp/CMakeFiles/hal2_bsp.dir/HAL/src/alt_ecc_exception.c.obj
[ 67%] Building ASM object nios_bsp/CMakeFiles/hal2_bsp.dir/HAL/src/alt_vic_vector_table.S.obj
[ 54%] Building C object nios_bsp/CMakeFiles/hal2_bsp.dir/HAL/src/alt_putcharbuf.c.obj
[ 74%] Building C object nios_bsp/CMakeFiles/hal2_bsp.dir/HAL/src/alt_settod.c.obj
[ 56%] Building C object nios_bsp/CMakeFiles/hal2_bsp.dir/HAL/src/alt_ecc_error_inject.c.obj
[ 78%] Building C object nios_bsp/CMakeFiles/hal2_bsp.dir/HAL/src/alt_find_file.c.obj
[ 42%] Building C object nios_bsp/CMakeFiles/hal2_bsp.dir/HAL/src/alt_putchar.c.obj
[ 45%] Building C object nios_bsp/CMakeFiles/hal2_bsp.dir/HAL/src/alt_busy_sleep.c.obj
[ 65%] Building C object nios_bsp/CMakeFiles/hal2_bsp.dir/HAL/src/alt_fstat.c.obj
[ 76%] Building C object nios_bsp/CMakeFiles/hal2_bsp.dir/HAL/src/alt_link.c.obj
[ 84%] Building C object nios_bsp/CMakeFiles/hal2_bsp.dir/HAL/src/alt_getchar.c.obj
[ 79%] Building C object nios_bsp/CMakeFiles/hal2_bsp.dir/HAL/src/alt_lseek.c.obj
[ 76%] Building C object nios_bsp/CMakeFiles/hal2_bsp.dir/HAL/src/alt_iic.c.obj
[ 77%] Building C object nios_bsp/CMakeFiles/hal2_bsp.dir/HAL/src/alt_vic_isr_wrapper.c.obj
[ 49%] Building C object nios_bsp/CMakeFiles/hal2_bsp.dir/HAL/src/intel_fpga_api_cmn_inf.c.obj
[ 30%] Building ASM object nios_bsp/CMakeFiles/hal2_bsp.dir/HAL/src/crt0.S.obj
[ 70%] Building C object nios_bsp/CMakeFiles/hal2_bsp.dir/HAL/src/alt_icache_flush_all.c.obj
[ 71%] Building C object nios_bsp/CMakeFiles/hal2_bsp.dir/HAL/src/alt_fcntl.c.obj
[ 80%] Building C object nios_bsp/CMakeFiles/hal2_bsp.dir/drivers/src/altera_avalon_jtag_uart_ioctl.c.obj
[ 69%] Building C object nios_bsp/CMakeFiles/hal2_bsp.dir/drivers/src/altera_avalon_sysid_qsys.c.obj
[ 74%] Building C object nios_bsp/CMakeFiles/hal2_bsp.dir/HAL/src/alt_alarm_start.c.obj
[ 72%] Building C object nios_bsp/CMakeFiles/hal2_bsp.dir/HAL/src/intel_fpga_api_niosv.c.obj
[ 66%] Building C object nios_bsp/CMakeFiles/hal2_bsp.dir/HAL/src/alt_putstr.c.obj
[ 83%] Building C object nios_bsp/CMakeFiles/hal2_bsp.dir/HAL/src/alt_icache_flush.c.obj
[ 81%] Building C object nios_bsp/CMakeFiles/hal2_bsp.dir/HAL/src/alt_times.c.obj
[ 18%] Building C object nios_bsp/CMakeFiles/hal2_bsp.dir/HAL/src/alt_printf.c.obj
[ 82%] Building C object nios_bsp/CMakeFiles/hal2_bsp.dir/HAL/src/alt_log_printf.c.obj
[ 62%] Building C object nios_bsp/CMakeFiles/hal2_bsp.dir/HAL/src/intel_fpga_api_cmn_msg.c.obj
[ 83%] Building C object nios_bsp/CMakeFiles/hal2_bsp.dir/HAL/src/alt_gmon.c.obj
[ 84%] Linking C static library libhal2_bsp.a
[ 84%] Built target hal2_bsp
[ 85%] Building C object CMakeFiles/nios_app.elf.dir/glue.c.obj
[ 87%] Building CXX object CMakeFiles/nios_app.elf.dir/VVP_CORE.cpp.obj
D:/dev_2025/a3sk_revB/pricture_viewer_1080p/software/nios_app/glue.c: In function 'RAM_disk_status':
D:/dev_2025/a3sk_revB/pricture_viewer_1080p/software/nios_app/glue.c:123:1: warning: control reaches end of non-void function [-Wreturn-type]
  123 | }
      | ^
D:/dev_2025/a3sk_revB/pricture_viewer_1080p/software/nios_app/glue.c: In function 'RAM_disk_initialize':
D:/dev_2025/a3sk_revB/pricture_viewer_1080p/software/nios_app/glue.c:127:1: warning: control reaches end of non-void function [-Wreturn-type]
  127 | }
      | ^
D:/dev_2025/a3sk_revB/pricture_viewer_1080p/software/nios_app/glue.c: In function 'RAM_disk_read':
D:/dev_2025/a3sk_revB/pricture_viewer_1080p/software/nios_app/glue.c:135:1: warning: control reaches end of non-void function [-Wreturn-type]
  135 | }
      | ^
D:/dev_2025/a3sk_revB/pricture_viewer_1080p/software/nios_app/glue.c: In function 'RAM_disk_write':
D:/dev_2025/a3sk_revB/pricture_viewer_1080p/software/nios_app/glue.c:143:1: warning: control reaches end of non-void function [-Wreturn-type]
  143 | }
      | ^
D:/dev_2025/a3sk_revB/pricture_viewer_1080p/software/nios_app/glue.c: In function 'USB_disk_status':
D:/dev_2025/a3sk_revB/pricture_viewer_1080p/software/nios_app/glue.c:148:1: warning: control reaches end of non-void function [-Wreturn-type]
  148 | }
      | ^
D:/dev_2025/a3sk_revB/pricture_viewer_1080p/software/nios_app/glue.c: In function 'USB_disk_initialize':
D:/dev_2025/a3sk_revB/pricture_viewer_1080p/software/nios_app/glue.c:152:1: warning: control reaches end of non-void function [-Wreturn-type]
  152 | }
      | ^
D:/dev_2025/a3sk_revB/pricture_viewer_1080p/software/nios_app/glue.c: In function 'USB_disk_read':
D:/dev_2025/a3sk_revB/pricture_viewer_1080p/software/nios_app/glue.c:160:1: warning: control reaches end of non-void function [-Wreturn-type]
  160 | }
      | ^
D:/dev_2025/a3sk_revB/pricture_viewer_1080p/software/nios_app/glue.c: In function 'USB_disk_write':
D:/dev_2025/a3sk_revB/pricture_viewer_1080p/software/nios_app/glue.c:168:1: warning: control reaches end of non-void function [-Wreturn-type]
  168 | }
      | ^
[ 86%] Building C object CMakeFiles/nios_app.elf.dir/Bitmap_File.c.obj
[ 90%] Building C object CMakeFiles/nios_app.elf.dir/ffunicode.c.obj
[ 89%] Building C object CMakeFiles/nios_app.elf.dir/terasic_sdcard/sd_lib.c.obj
[ 96%] Building C object CMakeFiles/nios_app.elf.dir/terasic_sdcard/sd_protocol.c.obj
D:/dev_2025/a3sk_revB/pricture_viewer_1080p/software/nios_app/Bitmap_File.c: In function 'BMP_IsSupported':
D:/dev_2025/a3sk_revB/pricture_viewer_1080p/software/nios_app/Bitmap_File.c:26:17: warning: implicit declaration of function 'printf' [-Wimplicit-function-declaration]
   26 |                 printf("failed to open file - %s\r\n", pFilenamme);
      |                 ^~~~~~
D:/dev_2025/a3sk_revB/pricture_viewer_1080p/software/nios_app/Bitmap_File.c:12:1: note: include '<stdio.h>' or provide a declaration of 'printf'
   11 | #include "Bitmap_File.h"
  +++ |+#include <stdio.h>
   12 | 
D:/dev_2025/a3sk_revB/pricture_viewer_1080p/software/nios_app/Bitmap_File.c:26:17: warning: incompatible implicit declaration of built-in function 'printf' [-Wbuiltin-declaration-mismatch]
   26 |                 printf("failed to open file - %s\r\n", pFilenamme);
      |                 ^~~~~~
[ 88%] Building C object CMakeFiles/nios_app.elf.dir/diskio.c.obj
D:/dev_2025/a3sk_revB/pricture_viewer_1080p/software/nios_app/Bitmap_File.c:26:17: note: include '<stdio.h>' or provide a declaration of 'printf'
D:/dev_2025/a3sk_revB/pricture_viewer_1080p/software/nios_app/Bitmap_File.c: In function 'BMP_find_image_file':
D:/dev_2025/a3sk_revB/pricture_viewer_1080p/software/nios_app/Bitmap_File.c:64:17: warning: implicit declaration of function 'strcpy' [-Wimplicit-function-declaration]
   64 |                 strcpy(szFileList[nFileCnt], fno.fname);
      |                 ^~~~~~
D:/dev_2025/a3sk_revB/pricture_viewer_1080p/software/nios_app/Bitmap_File.c:12:1: note: include '<string.h>' or provide a declaration of 'strcpy'
   11 | #include "Bitmap_File.h"
  +++ |+#include <string.h>
   12 | 
D:/dev_2025/a3sk_revB/pricture_viewer_1080p/software/nios_app/Bitmap_File.c:64:17: warning: incompatible implicit declaration of built-in function 'strcpy' [-Wbuiltin-declaration-mismatch]
   64 |                 strcpy(szFileList[nFileCnt], fno.fname);
      |                 ^~~~~~
D:/dev_2025/a3sk_revB/pricture_viewer_1080p/software/nios_app/Bitmap_File.c:64:17: note: include '<string.h>' or provide a declaration of 'strcpy'
D:/dev_2025/a3sk_revB/pricture_viewer_1080p/software/nios_app/Bitmap_File.c: In function 'BMP_draw':
D:/dev_2025/a3sk_revB/pricture_viewer_1080p/software/nios_app/Bitmap_File.c:95:17: warning: incompatible implicit declaration of built-in function 'printf' [-Wbuiltin-declaration-mismatch]
   95 |                 printf("failed to open file - %s\r\n", pFilename);
      |                 ^~~~~~
D:/dev_2025/a3sk_revB/pricture_viewer_1080p/software/nios_app/Bitmap_File.c:95:17: note: include '<stdio.h>' or provide a declaration of 'printf'
D:/dev_2025/a3sk_revB/pricture_viewer_1080p/software/nios_app/Bitmap_File.c:112:52: warning: pointer targets in assignment from 'char *' to 'unsigned char *' differ in signedness [-Wpointer-sign]
  112 |                                         pLineStart = (char *)pMem + (nHeight-1)*nLineSize;
      |                                                    ^
D:/dev_2025/a3sk_revB/pricture_viewer_1080p/software/nios_app/Bitmap_File.c:117:57: warning: incompatible implicit declaration of built-in function 'printf' [-Wbuiltin-declaration-mismatch]
  117 |                                                         printf("Failed to read file %s\r\n", pFilename);
      |                                                         ^~~~~~
D:/dev_2025/a3sk_revB/pricture_viewer_1080p/software/nios_app/Bitmap_File.c:117:57: note: include '<stdio.h>' or provide a declaration of 'printf'
D:/dev_2025/a3sk_revB/pricture_viewer_1080p/software/nios_app/terasic_sdcard/sd_lib.c: In function 'SDLIB_WriteBlock512':
D:/dev_2025/a3sk_revB/pricture_viewer_1080p/software/nios_app/terasic_sdcard/sd_lib.c:329:32: warning: passing argument 1 of 'SD_WriteData512' discards 'const' qualifier from pointer target type [-Wdiscarded-qualifiers]
  329 |     bSuccess = SD_WriteData512(szDataWrite);  // Write 512 bytes
      |                                ^~~~~~~~~~~
In file included from D:/dev_2025/a3sk_revB/pricture_viewer_1080p/software/nios_app/terasic_sdcard/sd_lib.c:45:
D:/dev_2025/a3sk_revB/pricture_viewer_1080p/software/nios_app/terasic_sdcard/sd_protocol.h:66:29: note: expected 'alt_u8 *' {aka 'unsigned char *'} but argument is of type 'const alt_u8 *' {aka 'const unsigned char *'}
   66 | bool SD_WriteData512(alt_u8 szDataWrite[]);
      |                      ~~~~~~~^~~~~~~~~~~~~
[ 92%] Building CXX object CMakeFiles/nios_app.elf.dir/VVP_FR.cpp.obj
D:/dev_2025/a3sk_revB/pricture_viewer_1080p/software/nios_app/diskio.c: In function 'disk_ioctl':
D:/dev_2025/a3sk_revB/pricture_viewer_1080p/software/nios_app/diskio.c:216:13: warning: unused variable 'result' [-Wunused-variable]
  216 |         int result;
      |             ^~~~~~
D:/dev_2025/a3sk_revB/pricture_viewer_1080p/software/nios_app/diskio.c: In function 'disk_status':
D:/dev_2025/a3sk_revB/pricture_viewer_1080p/software/nios_app/diskio.c:43:24: warning: 'stat' may be used uninitialized [-Wmaybe-uninitialized]
   43 |                 return stat;
      |                        ^~~~
D:/dev_2025/a3sk_revB/pricture_viewer_1080p/software/nios_app/diskio.c:34:17: note: 'stat' was declared here
   34 |         DSTATUS stat;
      |                 ^~~~
D:/dev_2025/a3sk_revB/pricture_viewer_1080p/software/nios_app/diskio.c: In function 'disk_read':
D:/dev_2025/a3sk_revB/pricture_viewer_1080p/software/nios_app/diskio.c:126:24: warning: 'res' may be used uninitialized [-Wmaybe-uninitialized]
  126 |                 return res;
      |                        ^~~
D:/dev_2025/a3sk_revB/pricture_viewer_1080p/software/nios_app/diskio.c:115:17: note: 'res' was declared here
  115 |         DRESULT res;
      |                 ^~~
D:/dev_2025/a3sk_revB/pricture_viewer_1080p/software/nios_app/diskio.c: In function 'disk_write':
D:/dev_2025/a3sk_revB/pricture_viewer_1080p/software/nios_app/diskio.c:177:24: warning: 'res' may be used uninitialized [-Wmaybe-uninitialized]
  177 |                 return res;
      |                        ^~~
D:/dev_2025/a3sk_revB/pricture_viewer_1080p/software/nios_app/diskio.c:166:17: note: 'res' was declared here
  166 |         DRESULT res;
      |                 ^~~
D:/dev_2025/a3sk_revB/pricture_viewer_1080p/software/nios_app/diskio.c: In function 'disk_ioctl':
D:/dev_2025/a3sk_revB/pricture_viewer_1080p/software/nios_app/diskio.c:223:24: warning: 'res' may be used uninitialized [-Wmaybe-uninitialized]
  223 |                 return res;
      |                        ^~~
D:/dev_2025/a3sk_revB/pricture_viewer_1080p/software/nios_app/diskio.c:215:17: note: 'res' was declared here
  215 |         DRESULT res;
      |                 ^~~
D:/dev_2025/a3sk_revB/pricture_viewer_1080p/software/nios_app/terasic_sdcard/sd_protocol.c: In function 'SD_CMD9':
D:/dev_2025/a3sk_revB/pricture_viewer_1080p/software/nios_app/terasic_sdcard/sd_protocol.c:549:12: warning: 'nCopyLen' may be used uninitialized [-Wmaybe-uninitialized]
  549 |         if (nCopyLen > 16)
      |            ^
D:/dev_2025/a3sk_revB/pricture_viewer_1080p/software/nios_app/terasic_sdcard/sd_protocol.c:548:13: note: 'nCopyLen' was declared here
  548 |         int nCopyLen, x;
      |             ^~~~~~~~
D:/dev_2025/a3sk_revB/pricture_viewer_1080p/software/nios_app/terasic_sdcard/sd_protocol.c: In function 'SD_CMD10':
D:/dev_2025/a3sk_revB/pricture_viewer_1080p/software/nios_app/terasic_sdcard/sd_protocol.c:604:12: warning: 'nCopyLen' may be used uninitialized [-Wmaybe-uninitialized]
  604 |         if (nCopyLen > 16)
      |            ^
D:/dev_2025/a3sk_revB/pricture_viewer_1080p/software/nios_app/terasic_sdcard/sd_protocol.c:603:13: note: 'nCopyLen' was declared here
  603 |         int nCopyLen, x;
      |             ^~~~~~~~
[ 91%] Building C object CMakeFiles/nios_app.elf.dir/ff.c.obj
[ 93%] Building CXX object CMakeFiles/nios_app.elf.dir/main.cpp.obj
[ 97%] Building C object CMakeFiles/nios_app.elf.dir/ffsystem.c.obj
[ 96%] Building C object CMakeFiles/nios_app.elf.dir/terasic_sdcard/debug.c.obj
[ 94%] Building C object CMakeFiles/nios_app.elf.dir/mem_verify.c.obj
D:/dev_2025/a3sk_revB/pricture_viewer_1080p/software/nios_app/terasic_sdcard/debug.c: In function 'debug_output':
D:/dev_2025/a3sk_revB/pricture_viewer_1080p/software/nios_app/terasic_sdcard/debug.c:55:5: warning: format not a string literal and no format arguments [-Wformat-security]
   55 |     printf(pMessage);
      |     ^~~~~~
D:/dev_2025/a3sk_revB/pricture_viewer_1080p/software/nios_app/terasic_sdcard/debug.c: In function 'myprintf_hexarray':
D:/dev_2025/a3sk_revB/pricture_viewer_1080p/software/nios_app/terasic_sdcard/debug.c:83:17: warning: pointer targets in passing argument 1 of 'sprintf' differ in signedness [-Wpointer-sign]
   83 |         sprintf(szText, "[%02X]", *(pHex+i));
      |                 ^~~~~~
      |                 |
      |                 unsigned char *
In file included from D:/dev_2025/a3sk_revB/pricture_viewer_1080p/software/nios_app/terasic_sdcard/debug.c:33:
C:/altera_pro/25.1/riscfree/toolchain/riscv32-unknown-elf/riscv32-unknown-elf/include/stdio.h:250:18: note: expected 'char * restrict' but argument is of type 'unsigned char *'
  250 | int     sprintf (char *__restrict, const char *__restrict, ...)
      |                  ^
In file included from D:/dev_2025/a3sk_revB/pricture_viewer_1080p/software/nios_app/terasic_sdcard/terasic_includes.h:59,
                 from D:/dev_2025/a3sk_revB/pricture_viewer_1080p/software/nios_app/terasic_sdcard/debug.c:35:
D:/dev_2025/a3sk_revB/pricture_viewer_1080p/software/nios_app/terasic_sdcard/debug.c:84:16: warning: pointer targets in passing argument 1 of 'myprintf' differ in signedness [-Wpointer-sign]
   84 |         DEBUG((szText));
      |                ^~~~~~
      |                |
      |                unsigned char *
D:/dev_2025/a3sk_revB/pricture_viewer_1080p/software/nios_app/terasic_sdcard/debug.h:75:46: note: in definition of macro 'DEBUG'
   75 |     #define DEBUG(x)               {myprintf x;}  // standard in/out, specifed in project (it could be uart, jtag, or lcd)
      |                                              ^
D:/dev_2025/a3sk_revB/pricture_viewer_1080p/software/nios_app/terasic_sdcard/debug.c:64:20: note: expected 'char *' but argument is of type 'unsigned char *'
   64 | int myprintf(char *format, ...){
      |              ~~~~~~^~~~~~
D:/dev_2025/a3sk_revB/pricture_viewer_1080p/software/nios_app/mem_verify.c: In function 'TMEM_Verify':
D:/dev_2025/a3sk_revB/pricture_viewer_1080p/software/nios_app/mem_verify.c:93:79: warning: format '%X' expects argument of type 'unsigned int', but argument 4 has type 'alt_64' {aka 'long long int'} [-Wformat=]
   93 |                     printf("verify ng, read=%08Xh, expected=%08Xh, WordIndex=%Xh\n", (int)*(pSrc-1), (int)szData[i], (nPos/my_data_size)+i);
      |                                                                              ~^                                      ~~~~~~~~~~~~~~~~~~~~~
      |                                                                               |                                                         |
      |                                                                               unsigned int                                              alt_64 {aka long long int}
      |                                                                              %llX
[ 96%] Building C object CMakeFiles/nios_app.elf.dir/terasic_sdcard/crc7.c.obj
D:/dev_2025/a3sk_revB/pricture_viewer_1080p/software/nios_app/VVP_FR.cpp: In member function 'virtual void VVP_FR::ShowStatus()':
D:/dev_2025/a3sk_revB/pricture_viewer_1080p/software/nios_app/VVP_FR.cpp:43:19: warning: unused variable 'status' [-Wunused-variable]
   43 |         uint32_t  status, value32;
      |                   ^~~~~~
D:/dev_2025/a3sk_revB/pricture_viewer_1080p/software/nios_app/VVP_FR.cpp:43:27: warning: unused variable 'value32' [-Wunused-variable]
   43 |         uint32_t  status, value32;
      |                           ^~~~~~~
D:/dev_2025/a3sk_revB/pricture_viewer_1080p/software/nios_app/VVP_CORE.cpp: In member function 'void VVP_CORE::DumpRegister(REG_INFO*, int)':
D:/dev_2025/a3sk_revB/pricture_viewer_1080p/software/nios_app/VVP_CORE.cpp:32:30: warning: format '%d' expects argument of type 'int', but argument 3 has type 'uint32_t' {aka 'long unsigned int'} [-Wformat=]
   32 |                 printf("%s: %d (%xh)\r\n", szRegInfo[i].szHint, value32 & szRegInfo[i].ValueMask, value32);
      |                             ~^                                  ~~~~~~~~~~~~~~~~~~~~~~~~~~~~~~~~
      |                              |                                          |
      |                              int                                        uint32_t {aka long unsigned int}
      |                             %ld
D:/dev_2025/a3sk_revB/pricture_viewer_1080p/software/nios_app/VVP_CORE.cpp:32:34: warning: format '%x' expects argument of type 'unsigned int', but argument 4 has type 'uint32_t' {aka 'long unsigned int'} [-Wformat=]
   32 |                 printf("%s: %d (%xh)\r\n", szRegInfo[i].szHint, value32 & szRegInfo[i].ValueMask, value32);
      |                                 ~^                                                                ~~~~~~~
      |                                  |                                                                |
      |                                  unsigned int                                                     uint32_t {aka long unsigned int}
      |                                 %lx
[ 98%] Linking CXX executable nios_app.elf
[ 98%] Built target nios_app.elf
[ 99%] Creating nios_app.elf.objdump.
[100%] Creating onchip_memory.hex.
[100%] Reporting memory available for stack + heap in nios_app.elf.
[100%] Built target create-objdump
[100%] Built target create-hex
nios_app.elf
 * 300.30 KB - Program size (code + initialized data).
 * 205.42 KB - Free for stack + heap.
[100%] Built target niosv-stack-report
12:01:29 **** Incremental Build of configuration Debug for project nios_app ****
"C:\\altera_pro\\25.1\\riscfree\\build_tools\\bin\\make.exe" -j all 
[ 84%] Built target hal2_bsp
[ 86%] Building CXX object CMakeFiles/nios_app.elf.dir/VVP_FR.cpp.obj
[ 85%] Building CXX object CMakeFiles/nios_app.elf.dir/main.cpp.obj
D:/dev_2025/a3sk_revB/pricture_viewer_1080p/software/nios_app/VVP_FR.cpp: In member function 'virtual void VVP_FR::ShowStatus()':
D:/dev_2025/a3sk_revB/pricture_viewer_1080p/software/nios_app/VVP_FR.cpp:43:19: warning: unused variable 'status' [-Wunused-variable]
   43 |         uint32_t  status, value32;
      |                   ^~~~~~
D:/dev_2025/a3sk_revB/pricture_viewer_1080p/software/nios_app/VVP_FR.cpp:43:27: warning: unused variable 'value32' [-Wunused-variable]
   43 |         uint32_t  status, value32;
      |                           ^~~~~~~
[ 87%] Linking CXX executable nios_app.elf
[ 98%] Built target nios_app.elf
[ 99%] Creating nios_app.elf.objdump.
[ 99%] Creating onchip_memory.hex.
[100%] Reporting memory available for stack + heap in nios_app.elf.
[100%] Built target create-objdump
[100%] Built target create-hex
nios_app.elf
 * 300.18 KB - Program size (code + initialized data).
 * 205.53 KB - Free for stack + heap.
[100%] Built target niosv-stack-report
12:57:10 **** Incremental Build of configuration Debug for project nios_app ****
"C:\\altera_pro\\25.1\\riscfree\\build_tools\\bin\\make.exe" -j all 
[ 84%] Built target hal2_bsp
[ 85%] Building CXX object CMakeFiles/nios_app.elf.dir/main.cpp.obj
[ 86%] Linking CXX executable nios_app.elf
[ 98%] Built target nios_app.elf
[100%] Creating nios_app.elf.objdump.
[100%] Reporting memory available for stack + heap in nios_app.elf.
[ 98%] Creating onchip_memory.hex.
[100%] Built target create-objdump
[100%] Built target create-hex
nios_app.elf
 * 299.50 KB - Program size (code + initialized data).
 * 206.22 KB - Free for stack + heap.
[100%] Built target niosv-stack-report
